institution;city;country;country_code;lat;lon;category;tuke_units;detail;confidence;source_url
"University ""Aleksandër Moisiu"" Durrës";Durrës;Albania;AL;41.31325;19.44623;ceepus;TUKE;"CEEPUS SK-0044-21-2627: Applied Economics and Management; CEEPUS BG-1103-11-2627: Modelling, Simulation and Computer-aided Design in Engineering and Management; CEEPUS BA-1402-08-2627 (Umbrella): New teaching technologies and new applications in modernization of teaching at t; CEEPUS AL-2001-02-2627 (Umbrella): AI-Optimized Solutions for Remote Monitoring and Digital Health";high;https://www.ceepus.info/nw/0044-2627
"University ""Fan S. Noli"" Korçë";Korçë;Albania;AL;40.6159;20.77722;ceepus;TUKE;CEEPUS BA-1402-08-2627 (Umbrella): New teaching technologies and new applications in modernization of teaching at t;high;https://www.ceepus.info/nw/1402-2627
"""EPOKA"" University";Tirana;Albania;AL;41.32815;19.81844;ceepus;TUKE;"CEEPUS BG-1103-11-2627: Modelling, Simulation and Computer-aided Design in Engineering and Management; CEEPUS HR-1302-09-2627: Research and Education of Environmental Risks; CEEPUS RS-1412-08-2627 (Umbrella): Interdisciplinary approach for enhancing knowledge in supply chain analytics (SC";high;https://www.ceepus.info/nw/1103-2627
Agricultural University of Tirana;Tirana;Albania;AL;41.32815;19.81844;ceepus;TUKE;CEEPUS AL-2001-02-2627 (Umbrella): AI-Optimized Solutions for Remote Monitoring and Digital Health;high;https://www.ceepus.info/nw/2001-2627
Canadian Institute of Technology;Tirana;Albania;AL;41.32815;19.81844;ceepus;TUKE;"CEEPUS HU-0019-22-2627: International Cooperation in Computer Science; CEEPUS SK-0044-21-2627: Applied Economics and Management; CEEPUS PL-0701-15-2627: Engineering as Communication Language in Europe; CEEPUS BG-1103-11-2627: Modelling, Simulation and Computer-aided Design in Engineering and Management; CEEPUS CZ-1503-07-2627 (Umbrella): Development of Computational Thinking; CEEPUS PL-1705-05-2627: INTEGRATION Development, education and practical improvement in the field of mul";high;https://www.ceepus.info/nw/0019-2627
European University of Tirana UET;Tirana;Albania;AL;41.32815;19.81844;ceepus;TUKE;CEEPUS RS-1912-03-2627 (Umbrella): Advancements in Operations and pRoDuction management in the ERa of Industry 5.0 ;high;https://www.ceepus.info/nw/1912-2627
Polytechnic University of Tirana;Tirana;Albania;AL;41.32815;19.81844;ceepus;TUKE;"CEEPUS SK-0030-22-2627: Internationalisation and development of joint activities in the field of smart f; CEEPUS RS-0038-22-2627: Fundamental and Applied Geological Science and Education to Drive Progress in Ce; CEEPUS RO-0058-19-2627: DESIGN, IMPLEMENTATION AND USE OF JOINT PROGRAMS ON  ARTIFICIAL INTELIGENCE, QUA; CEEPUS BG-1103-11-2627: Modelling, Simulation and Computer-aided Design in Engineering and Management; CEEPUS AL-2001-02-2627 (Umbrella): AI-Optimized Solutions for Remote Monitoring and Digital Health; CEEPUS BA-2103-01-2627: Advanced Power Transmission Systems for Robotics and E-Mobility (APT-RE)";high;https://www.ceepus.info/nw/0030-2627
Western Balkans University;Tirana;Albania;AL;41.32815;19.81844;ceepus;TUKE;"CEEPUS BG-1103-11-2627: Modelling, Simulation and Computer-aided Design in Engineering and Management; CEEPUS PL-1705-05-2627: INTEGRATION Development, education and practical improvement in the field of mul";high;https://www.ceepus.info/nw/1103-2627
University of Boumerdes;Boumerdas;Algeria;DZ;36.76639;3.47717;coauthorship;TUKE;4 spoločných publikácií od 2015 (posledná 2026);high;https://openalex.org/works?filter=authorships.institutions.lineage:I183764125,authorships.institutions.lineage:I3121272148
University Ferhat Abbas of Setif;Sétif;Algeria;DZ;36.19112014770508;5.413730144500732;coauthorship;TUKE;6 spoločných publikácií od 2015 (posledná 2024);high;https://openalex.org/works?filter=authorships.institutions.lineage:I183764125,authorships.institutions.lineage:I40193446
Université Larbi Tébessi;Tébessa;Algeria;DZ;35.42924118041992;8.054283142089844;coauthorship;TUKE;3 spoločných publikácií od 2015 (posledná 2025);high;https://openalex.org/works?filter=authorships.institutions.lineage:I183764125,authorships.institutions.lineage:I4210095290
Consejo Nacional de Investigaciones Científicas y Técnicas;Buenos Aires;Argentina;AR;-34.61315;-58.37723;coauthorship;TUKE;5 spoločných publikácií od 2015 (posledná 2025);high;https://openalex.org/works?filter=authorships.institutions.lineage:I183764125,authorships.institutions.lineage:I151201029
Universidad Del Salvador;Buenos Aires;Argentina;AR;-34.73975;-58.38803;research_project_eu;TUKE;1 spoločných projektov: SME 5.0;high;https://cordis.europa.eu/project/id/101086487
Centro Científico Tecnológico - Mendoza;Mendoza;Argentina;AR;-32.890838623046875;-68.8271713256836;coauthorship;TUKE;3 spoločných publikácií od 2015 (posledná 2024);high;https://openalex.org/works?filter=authorships.institutions.lineage:I183764125,authorships.institutions.lineage:I4210152303
Universidad Nacional De San Juan;San Juan;Argentina;AR;-31.53744;-68.52025;research_project_eu;TUKE;1 spoločných projektov: RETROTRAFO;high;https://cordis.europa.eu/project/id/101182948
Universidad Nacional Del Litoral;Santa Fe;Argentina;AR;-31.63497;-60.70526;research_project_eu;TUKE;1 spoločných projektov: RETROTRAFO;high;https://cordis.europa.eu/project/id/101182948
Gavar State University;Gavar;Armenia;AM;40.3514;45.12732;erasmus_ka2;TUKE;Capacity Building in higher education: Reforming Master Programmes in Finance in Armenia and Moldova (585784-EPP-1-2017-1-AT-EPPKA2-CBHE-JP);high;https://erasmus-plus.ec.europa.eu/projects/search/details/585784-EPP-1-2017-1-AT-EPPKA2-CBHE-JP
Armenian State University of Economics;Yerevan;Armenia;AM;40.18426;44.52493;bilateral_agreement;TUKE;Cooperation agreement (2021);high;https://www.crz.gov.sk/zmluva/5692033/
Armenian State University of Economics;Yerevan;Armenia;AM;40.18426;44.52493;erasmus_ka2;TUKE;Capacity Building in higher education: Reforming Master Programmes in Finance in Armenia and Moldova (585784-EPP-1-2017-1-AT-EPPKA2-CBHE-JP);high;https://erasmus-plus.ec.europa.eu/projects/search/details/585784-EPP-1-2017-1-AT-EPPKA2-CBHE-JP
State Educational Establishment Of Higher Professional Education Russian-Armenian (Slavonic) University;Yerevan;Armenia;AM;40.2107;44.50748;erasmus_ka2;TUKE;Capacity Building in higher education: Reforming Master Programmes in Finance in Armenia and Moldova (585784-EPP-1-2017-1-AT-EPPKA2-CBHE-JP);high;https://erasmus-plus.ec.europa.eu/projects/search/details/585784-EPP-1-2017-1-AT-EPPKA2-CBHE-JP
Queensland University of Technology;Brisbane;Australia;AU;-27.46794;153.02809;coauthorship;TUKE;8 spoločných publikácií od 2015 (posledná 2026);high;https://openalex.org/works?filter=authorships.institutions.lineage:I183764125,authorships.institutions.lineage:I160993911
The University Of Queensland;Brisbane;Australia;AU;-27.50204;153.00655;research_project_eu;TUKE;1 spoločných projektov: RETROTRAFO;high;https://cordis.europa.eu/project/id/101182948
Deakin University;Geelong Victoria;Australia;AU;-38.15276;144.3554;research_project_eu;TUKE;1 spoločných projektov: SME 5.0;high;https://cordis.europa.eu/project/id/101086487
Deakin University;Geelong Victoria;Australia;AU;-38.15276;144.3554;coauthorship;TUKE;3 spoločných publikácií od 2015 (posledná 2026);high;https://openalex.org/works?filter=authorships.institutions.lineage:I183764125,authorships.institutions.lineage:I149704539
Monash University;Melbourne;Australia;AU;-37.814;144.96332;coauthorship;TUKE;3 spoločných publikácií od 2015 (posledná 2025);high;https://openalex.org/works?filter=authorships.institutions.lineage:I183764125,authorships.institutions.lineage:I56590836
RMIT University;Melbourne;Australia;AU;-37.814;144.96332;coauthorship;TUKE;7 spoločných publikácií od 2015 (posledná 2024);high;https://openalex.org/works?filter=authorships.institutions.lineage:I183764125,authorships.institutions.lineage:I82951845
Victoria University;Melbourne;Australia;AU;-37.81399917602539;144.96331787109375;coauthorship;TUKE;3 spoločných publikácií od 2015 (posledná 2022);high;https://openalex.org/works?filter=authorships.institutions.lineage:I183764125,authorships.institutions.lineage:I71270174
University of Newcastle Australia;Newcastle;Australia;AU;-32.92953;151.7801;coauthorship;TUKE;21 spoločných publikácií od 2015 (posledná 2024);high;https://openalex.org/works?filter=authorships.institutions.lineage:I183764125,authorships.institutions.lineage:I78757542
Curtin University;Perth;Australia;AU;-31.95224;115.8614;coauthorship;TUKE;3 spoločných publikácií od 2015 (posledná 2021);high;https://openalex.org/works?filter=authorships.institutions.lineage:I183764125,authorships.institutions.lineage:I205640436
University Of Technology Sydney;Sydney;Australia;AU;-33.88423;151.19864;research_project_eu;TUKE;2 spoločných projektov: SME 5.0, eGovPoliNet;high;https://cordis.europa.eu/project/id/101086487
Internationale Arbeitsgemeinschaft Donauforschung (IAD) - International Association for Danube Research (IAD);Auersthal;Austria;AT;48.37657;16.62843;research_project_eu;TUKE;1 spoločných projektov: SWIM;high;https://cordis.europa.eu/project/id/101215230
EVTZ Geopark Karawanken m.b.H.;Bad Eisenkappel;Austria;AT;46.4868;14.59323;crossborder_project;TUKE;Danube GeoTour Plus – 2021 - 2027 Interreg VI-B Danube;high;https://keep.eu/projects/29510/
Minpol Gmbh;Bad Fischau-Brunn;Austria;AT;47.82072;16.12939;research_project_eu;TUKE;1 spoločných projektov: MIREU;high;https://cordis.europa.eu/project/id/776811
Verein Jugendinitiative Triestingtal;Berndorf;Austria;AT;47.94559;16.10936;crossborder_project;TUKE;MEET – 2021 - 2027 Interreg VI-B Danube;high;https://keep.eu/projects/29904/
Fachhochschule Vorarlberg;Dornbirn;Austria;AT;47.41364;9.74238;crossborder_project;TUKE;URBAN INNO – 2014 - 2020 INTERREG VB Central Europe;high;https://keep.eu/projects/17695/
Fachhochschule Vorarlberg GmbH;Dornbirn;Austria;AT;47.41364;9.74238;crossborder_project;TUKE;"CITYCIRCLE – 2014 - 2020 INTERREG VB Central Europe; MISSION CE CLIMATE – 2021 - 2027 Interreg VI-B Central Europe; IaaS 4 DR – 2021 - 2027 Interreg VI-B Danube; CentraLab – 2007 - 2013 Central Europe";high;https://keep.eu/projects/21710/
Stadt Dornbirn;Dornbirn;Austria;AT;47.41364;9.74238;crossborder_project;TUKE;MISSION CE CLIMATE – 2021 - 2027 Interreg VI-B Central Europe;high;https://keep.eu/projects/27749/
Erz Und Eisen Regional Entwicklungs Gmbh;Eisenerz;Austria;AT;47.54147;14.88696;research_project_eu;TUKE;1 spoločných projektov: MIREU;high;https://cordis.europa.eu/project/id/776811
Verein Steirische Eisenstrasse (Veste);Eisenerz;Austria;AT;47.54147;14.88696;research_project_eu;TUKE;1 spoločných projektov: MIREU;high;https://cordis.europa.eu/project/id/776811
Forschung Burgenland GmbH;Eisenstadt;Austria;AT;47.84548;16.52493;crossborder_project;TUKE;"URBAN INNO – 2014 - 2020 INTERREG VB Central Europe; SMART CIRCUIT – 2021 - 2027 Interreg VI-B Central Europe";high;https://keep.eu/projects/17695/
University of Applied Sciences Burgenland;Eisenstadt;Austria;AT;47.84548;16.52493;ceepus;TUKE;CEEPUS CZ-0911-12-2627: Managerial Processes in International Environment;high;https://www.ceepus.info/nw/0911-2627
EHG Ennshafen Ges.m.b.H.;Enns;Austria;AT;48.21415;14.47939;crossborder_project;TUKE;ECO4LOG – 2000 - 2006 Interreg IIIC East;high;https://keep.eu/projects/780/
EHOO - Ennshafen OÖ GmbH;Enns;Austria;AT;48.21415;14.47939;crossborder_project;TUKE;NELI – 2007 - 2013 South East Europe;high;https://keep.eu/projects/602/
Komptech Gmbh;Frohnleiten;Austria;AT;47.27994;15.31644;research_project_eu;TUKE;1 spoločných projektov: SME 5.0;high;https://cordis.europa.eu/project/id/101086487
CAMPUS 02 University of Applied Sciences Graz;Graz;Austria;AT;47.07087;15.43828;ceepus;TUKE;"CEEPUS RO-0058-19-2627: DESIGN, IMPLEMENTATION AND USE OF JOINT PROGRAMS ON  ARTIFICIAL INTELIGENCE, QUA; CEEPUS RO-0202-20-2627: Enhancing the use of blended e-learning as an internationalization tool in the f; CEEPUS RS-1912-03-2627 (Umbrella): Advancements in Operations and pRoDuction management in the ERa of Industry 5.0 ";high;https://www.ceepus.info/nw/0058-2627
Campus 02 Fachhochschule der wirtschaft GMBH;Graz;Austria;AT;47.07087;15.43828;erasmus_eu;FVT;"študenti + zamestnanci; Erasmus kód A GRAZ10";high;https://erasmus.tuke.sk/partnerske-institucie-v-eu-a-ehp/
FH Joanneum University of Applied Science (FH Joanneum Gesellschaft mbH);Graz;Austria;AT;47.07087;15.43828;erasmus_eu;FU, SvF;"študenti + zamestnanci; Erasmus kód A GRAZ09";high;https://erasmus.tuke.sk/partnerske-institucie-v-eu-a-ehp/
Geriatrische Gesundheitszentren der Stadt Graz;Graz;Austria;AT;47.07087;15.43828;crossborder_project;TUKE;DigiCare4CE – 2021 - 2027 Interreg VI-B Central Europe;high;https://keep.eu/projects/27727/
Graz University of Technology;Graz;Austria;AT;47.06733;15.44197;ceepus;TUKE;"CEEPUS RS-0304-19-2627: Technical Characteristics Researching of Modern Products in Machine Industry wit; CEEPUS BG-1103-11-2627: Modelling, Simulation and Computer-aided Design in Engineering and Management; CEEPUS HU-1506-07-2627: Ergonomics and Human Factors Regional Educational CEEPUS Network; CEEPUS SK-2026-02-2627: Development of engineering knowledge for interdisciplinary applications taking i";high;https://www.ceepus.info/nw/0304-2627
Graz University of Technology;Graz;Austria;AT;47.06733;15.44197;coauthorship;TUKE;8 spoločných publikácií od 2015 (posledná 2026);high;https://openalex.org/works?filter=authorships.institutions.lineage:I183764125,authorships.institutions.lineage:I4092182
ICS InternationalisierungsCenter Steiermark GmbH;Graz;Austria;AT;47.07087;15.43828;crossborder_project;TUKE;"REUSE2030 – 2021 - 2027 Interreg VI-B Central Europe; IDEA – 2007 - 2013 Central Europe";high;https://keep.eu/projects/29370/
Know Center Research Gmbh;Graz;Austria;AT;47.05876;15.45786;research_project_eu;TUKE;1 spoločných projektov: AI4EU;high;https://cordis.europa.eu/project/id/825619
Medical University of Graz;Graz;Austria;AT;47.06733;15.44197;coauthorship;TUKE;11 spoločných publikácií od 2015 (posledná 2022);high;https://openalex.org/works?filter=authorships.institutions.lineage:I183764125,authorships.institutions.lineage:I202276237
NOWA Training Beratung Projektmanagement;Graz;Austria;AT;47.07087;15.43828;crossborder_project;TUKE;I-CARE-SMART – 2014 - 2020 INTERREG VB Central Europe;high;https://keep.eu/projects/21885/
Pro2Future Research Centre;Graz;Austria;AT;47.07087;15.43828;research_cooperation;FVT;Zmluvná spolupráca na úrovni fakulty;high;https://fvt.tuke.sk/en/international-cooperation
Stadt Graz;Graz;Austria;AT;47.07087;15.43828;crossborder_project;TUKE;I-CARE-SMART – 2014 - 2020 INTERREG VB Central Europe;high;https://keep.eu/projects/21885/
Technische Universität Graz;Graz;Austria;AT;47.07087;15.43828;erasmus_eu;TUKE;"študenti; Erasmus kód A GRAZ02";high;https://erasmus.tuke.sk/partnerske-institucie-v-eu-a-ehp/
Technische Universität Graz;Graz;Austria;AT;47.07087;15.43828;research_project_eu;TUKE;1 spoločných projektov: SME 5.0;high;https://cordis.europa.eu/project/id/101086487
Universalmuseum Joanneum GmbH;Graz;Austria;AT;47.07087;15.43828;crossborder_project;TUKE;Danube´s Archaeological eLandscapes – 2014 - 2020 INTERREG VB Danube;high;https://keep.eu/projects/25310/
University of Graz (Universität Graz);Graz;Austria;AT;47.07087;15.43828;erasmus_eu;TUKE;"zamestnanci; Erasmus kód A GRAZ01";high;https://erasmus.tuke.sk/partnerske-institucie-v-eu-a-ehp/
University of Graz (Universität Graz);Graz;Austria;AT;47.07087;15.43828;ceepus;TUKE;CEEPUS MK-1301-09-2627: CESEENet - Central, East and South-East European PhD Network in Management and E;high;https://www.ceepus.info/nw/1301-2627
RISC Software GmbH;Hagenberg;Austria;AT;48.63483;16.45414;crossborder_project;TUKE;"DTP1-260-1.1; InnoHPC – 2014 - 2020 INTERREG VB Danube";high;https://keep.eu/projects/18508/
MCI Management Center Innsbruck;Innsbruck;Austria;AT;47.26543;11.39277;erasmus_eu;EkF, FBERG, SjF, TUKE;"študenti; Erasmus kód A INNSBRU08";high;https://erasmus.tuke.sk/partnerske-institucie-v-eu-a-ehp/
MCI Management Center Innsbruck;Innsbruck;Austria;AT;47.26543;11.39277;research_project_eu;TUKE;1 spoločných projektov: COMPASS;high;https://cordis.europa.eu/project/id/101035809
MCI Management Center Innsbruck;Innsbruck;Austria;AT;47.26543;11.39277;erasmus_ka2;TUKE;"Cooperation partnerships in higher education: CURATE: Co-created stUdent centRed incubATor programmE (2023-1-FI01-KA220-HED-000152093); European Universities: ULYSSEUS - Consolidating Ulysseus: an open to the world, persons-centred and entrepreneuri (101124733); Cooperation partnerships in higher education: Immersive VR Experience for International Mobility (2023-1-FR01-KA220-HED-000164026); Mobility  of young people: UlySA4Society (2025-3-FR02-KA152-YOU-000378513); Mobility  of young people: UlySA BOOTCAMP (2025-1-FR02-KA152-YOU-000304542); Cooperation partnerships in higher education: Personalised AI Tool for etHical career guidance (2024-1-ES01-KA220-HED-000257515) (+4)";high;https://erasmus-plus.ec.europa.eu/projects/search/details/2023-1-FI01-KA220-HED-000152093
MCI | The Entrepreneurial School;Innsbruck;Austria;AT;47.26543;11.39277;alliance;TUKE;Ulysseus Mobility Framework Agreement (2025);high;https://www.crz.gov.skTechnical University of Košice
MCI | The Entrepreneurial School;Innsbruck;Austria;AT;47.26543;11.39277;bilateral_agreement;TUKE;Cooperation Agreement (2025);high;https://www.crz.gov.sk/zmluva/10604960/
University of Innsbruck;Innsbruck;Austria;AT;47.26543;11.39277;ceepus;TUKE;CEEPUS RS-0038-22-2627: Fundamental and Applied Geological Science and Education to Drive Progress in Ce;high;https://www.ceepus.info/nw/0038-2627
European Center of Entrepreneurship Competence & Excellence;Karnburg (Maria Saal);Austria;AT;46.68321;14.31533;crossborder_project;TUKE;Central - BIC – 2021 - 2027 Interreg VI-B Central Europe;high;https://keep.eu/projects/29371/
Addit Dienstleistungen Gmbh & Co Kg;Klagenfurt;Austria;AT;46.62394;14.3076;research_project_eu;TUKE;1 spoločných projektov: SPIKE;high;https://cordis.europa.eu/project/id/217098
University of Klagenfurt (Universität Klagenfurt or Alpen-Adria-Universität Klagenfurt);Klagenfurt;Austria;AT;46.62394;14.3076;erasmus_eu;FEI;"študenti + zamestnanci; Erasmus kód A KLAGENF01";high;https://erasmus.tuke.sk/partnerske-institucie-v-eu-a-ehp/
University of Klagenfurt (Universität Klagenfurt or Alpen-Adria-Universität Klagenfurt);Klagenfurt;Austria;AT;46.62394;14.3076;research_project_eu;TUKE;1 spoločných projektov: MOTIVATION;high;https://cordis.europa.eu/project/id/217843
University of Klagenfurt (Universität Klagenfurt or Alpen-Adria-Universität Klagenfurt);Klagenfurt;Austria;AT;46.62394;14.3076;ceepus;TUKE;"CEEPUS BG-1103-11-2627: Modelling, Simulation and Computer-aided Design in Engineering and Management; CEEPUS MK-1301-09-2627: CESEENet - Central, East and South-East European PhD Network in Management and E";high;https://www.ceepus.info/nw/1103-2627
University of Klagenfurt (Universität Klagenfurt or Alpen-Adria-Universität Klagenfurt);Klagenfurt;Austria;AT;46.62394;14.3076;coauthorship;TUKE;4 spoločných publikácií od 2015 (posledná 2018);high;https://openalex.org/works?filter=authorships.institutions.lineage:I183764125,authorships.institutions.lineage:I4210166741
Karntner Betriebsansiedlungs- Und Beteiligungsgesellschaft M.B.H.;Klagenfurt Am Woerthersee;Austria;AT;46.62334;14.31403;erasmus_ka2;TUKE;Centers of Vocational Excellence: VET5.0 - Transforming Vocational Education Through Advancing Learner-Centricity, Education (101260541);high;https://erasmus-plus.ec.europa.eu/projects/search/details/101260541
Karntner Berufsforderungsinstitut Gmbh;Klagenfurt Am Worthersee;Austria;AT;46.61731;14.31273;erasmus_ka2;TUKE;Centers of Vocational Excellence: VET5.0 - Transforming Vocational Education Through Advancing Learner-Centricity, Education (101260541);high;https://erasmus-plus.ec.europa.eu/projects/search/details/101260541
Infineon Technologies It-Services Gmbh;Klagenfurt am Wörthersee;Austria;AT;46.61463;14.26244;research_project_eu;TUKE;1 spoločných projektov: SPIKE;high;https://cordis.europa.eu/project/id/217098
build! Gründerzentrum Kärnten GmbH;Klagenfurt am Wörthersee;Austria;AT;46.62394;14.3076;crossborder_project;TUKE;Capacity2Transform – 2021 - 2027 Interreg VI-B Central Europe;high;https://keep.eu/projects/27717/
Institute of Science and Technology Austria;Klosterneuburg;Austria;AT;48.30521011352539;16.325220108032227;coauthorship;TUKE;4 spoločných publikácií od 2015 (posledná 2020);high;https://openalex.org/works?filter=authorships.institutions.lineage:I183764125,authorships.institutions.lineage:I157556583
IMC University of Applied Sciences Krems;Krems;Austria;AT;48.41084;15.60037;ceepus;TUKE;CEEPUS RS-1011-12-2627: Fostering sustainable partnership between academia and industry in improving app;high;https://www.ceepus.info/nw/1011-2627
Universität für Weiterbildung Krems;Krems;Austria;AT;48.41084;15.60037;crossborder_project;TUKE;INACO – 2021 - 2027 Interreg VI-B Central Europe;high;https://keep.eu/projects/29353/
Geodata Ziviltechnikergesellschaft Mbh;Leoben;Austria;AT;47.38051;15.09478;research_project_eu;TUKE;1 spoločných projektov: I²MINE;high;https://cordis.europa.eu/project/id/280855
Montanuniversitaet Leoben;Leoben;Austria;AT;47.3765;15.09144;research_project_eu;TUKE;3 spoločných projektov: MIREU, SME 4.0, SME 5.0;high;https://cordis.europa.eu/project/id/101086487
Montanuniversität Leoben;Leoben;Austria;AT;47.3765;15.09144;research_cooperation;FMMR;Partner FMMR v zahraničí;high;https://fmmr.tuke.sk/wps/portal/fmmr/spolupraca/partneri-v-zahranici
Montanuniversität Leoben;Leoben;Austria;AT;47.3765;15.09144;coauthorship;TUKE;10 spoločných publikácií od 2015 (posledná 2024);high;https://openalex.org/works?filter=authorships.institutions.lineage:I183764125,authorships.institutions.lineage:I182712176
University of Leoben - Montanuniversität;Leoben;Austria;AT;47.38051;15.09478;ceepus;TUKE;CEEPUS RS-0038-22-2627: Fundamental and Applied Geological Science and Education to Drive Progress in Ce;high;https://www.ceepus.info/nw/0038-2627
Business Upper Austria - OÖ Wirtschaftsagentur GmbH;Linz;Austria;AT;48.30591;14.2862;crossborder_project;TUKE;"CIRCOTRONIC – 2021 - 2027 Interreg VI-B Central Europe; Plan-C – 2021 - 2027 Interreg VI-B Danube";high;https://keep.eu/projects/27722/
Business Upper Austria - OÖ Wirtschaftsagentur GmbH;Linz;Austria;AT;48.30591;14.2862;crossborder_project;TUKE;SMERF – 2021 - 2027 Interreg VI-B Central Europe;high;https://keep.eu/projects/27760/
Johannes Kepler University (JKU) Linz;Linz;Austria;AT;48.30591;14.2862;ceepus;TUKE;"CEEPUS HU-0019-22-2627: International Cooperation in Computer Science; CEEPUS HU-0028-20-2627: Active Methods in Teaching and Learning Mathematics, Informatics and their Appli; CEEPUS CZ-1901-03-2627 (Umbrella): Teaching and Research in Sustainable Materials, Technologies and Circular Econom";high;https://www.ceepus.info/nw/0019-2627
Johannes Kepler University Linz (Johannes Kepler Universität Linz);Linz;Austria;AT;48.30591;14.2862;erasmus_eu;FEI;"študenti; Erasmus kód A LINZ01";high;https://erasmus.tuke.sk/partnerske-institucie-v-eu-a-ehp/
Johannes Kepler University Linz (Johannes Kepler Universität Linz);Linz;Austria;AT;48.30591;14.2862;coauthorship;TUKE;4 spoločných publikácií od 2015 (posledná 2024);high;https://openalex.org/works?filter=authorships.institutions.lineage:I183764125,authorships.institutions.lineage:I121883995
WBOOE - OÖ Wirtschaftsbund;Linz;Austria;AT;48.30591;14.2862;crossborder_project;TUKE;NELI – 2007 - 2013 South East Europe;high;https://keep.eu/projects/602/
BAW Research, Einrichtung mit eigener Rechtspersönlichkeit am Bundesamt für Wasserwirtschaft;Petzenkirchen;Austria;AT;48.14626;15.15589;crossborder_project;TUKE;INACO – 2021 - 2027 Interreg VI-B Central Europe;high;https://keep.eu/projects/29353/
X-Art-Pro-Division Handels Gmbh;Pinkafeld;Austria;AT;47.37254;16.12342;research_project_eu;TUKE;1 spoločných projektov: INDECT;high;https://cordis.europa.eu/project/id/218086
University of Salzburg;Salzburg;Austria;AT;47.79813;13.04648;ceepus;TUKE;CEEPUS RS-0038-22-2627: Fundamental and Applied Geological Science and Education to Drive Progress in Ce;high;https://www.ceepus.info/nw/0038-2627
Natur- und Geopark Steirische Eisenwurzen GmbH;St. Gallen;Austria;AT;47.69235;14.61729;crossborder_project;TUKE;Danube GeoTour Plus – 2021 - 2027 Interreg VI-B Danube;high;https://keep.eu/projects/29510/
ConPlusUltra Ltd.;St. Pölten;Austria;AT;48.2044;15.62291;crossborder_project;TUKE;DTP1-006-1.1 CrowdStream – 2014 - 2020 INTERREG VB Danube;high;https://keep.eu/projects/18464/
NÖ Landesgesundheitsagentur;St. Pölten;Austria;AT;48.2044;15.62291;crossborder_project;TUKE;DigiCare4CE – 2021 - 2027 Interreg VI-B Central Europe;high;https://keep.eu/projects/27727/
FHOO - University of Applied Science Upper Austria Research & Development Ltd.;Steyr;Austria;AT;48.039;14.41913;crossborder_project;TUKE;NELI – 2007 - 2013 South East Europe;high;https://keep.eu/projects/602/
PROFACTOR GmbH;Steyr-Gleink;Austria;AT;48.06872;14.41558;crossborder_project;TUKE;SMART CIRCUIT – 2021 - 2027 Interreg VI-B Central Europe;high;https://keep.eu/projects/27759/
AIT Austrian Institute of Technology GmbH;Vienna;Austria;AT;48.20849;16.37208;coauthorship;TUKE;8 spoločných publikácií od 2015 (posledná 2023);high;https://openalex.org/works?filter=authorships.institutions.lineage:I183764125,authorships.institutions.lineage:I132118926
Agentur für Europäische Integration und Wirtschaftliche Entwicklung GmBH;Vienna;Austria;AT;48.20835;16.3725;crossborder_project;TUKE;DTP1-006-1.1 CrowdStream – 2014 - 2020 INTERREG VB Danube;high;https://keep.eu/projects/18464/
Austria Wirtschaftsservice Gesellschaft mbH;Vienna;Austria;AT;48.20835;16.3725;crossborder_project;TUKE;"IaaS 4 DR – 2021 - 2027 Interreg VI-B Danube; Plan-C – 2021 - 2027 Interreg VI-B Danube";high;https://keep.eu/projects/29484/
BMVIT - Federal Ministry for Transport, Innovation and Technology (Supreme Navigation Authority);Vienna;Austria;AT;48.20835;16.3725;crossborder_project;TUKE;NELI – 2007 - 2013 South East Europe;high;https://keep.eu/projects/602/
BOKU University;Vienna;Austria;AT;48.20849;16.37208;coauthorship;TUKE;3 spoločných publikácií od 2015 (posledná 2023);high;https://openalex.org/works?filter=authorships.institutions.lineage:I183764125,authorships.institutions.lineage:I92869138
Bildungsdirektion für Wien;Vienna;Austria;AT;48.20835;16.3725;crossborder_project;TUKE;DTP2-021-1.2 InnoSchool – 2014 - 2020 INTERREG VB Danube;high;https://keep.eu/projects/19502/
Fonds Soziales Wien;Vienna;Austria;AT;48.20835;16.3725;crossborder_project;TUKE;SPES – 2007 - 2013 Central Europe;high;https://keep.eu/projects/5553/
Gesundheit Österreich GmbH;Vienna;Austria;AT;48.20835;16.3725;crossborder_project;TUKE;MEET – 2021 - 2027 Interreg VI-B Danube;high;https://keep.eu/projects/29904/
SISTEMA GmbH;Vienna;Austria;AT;48.20835;16.3725;crossborder_project;TUKE;INACO – 2021 - 2027 Interreg VI-B Central Europe;high;https://keep.eu/projects/29353/
TINA VIENNA Transport Strategies GmbH;Vienna;Austria;AT;48.20835;16.3725;crossborder_project;TUKE;ECO4LOG – 2000 - 2006 Interreg IIIC East;high;https://keep.eu/projects/780/
TU Wien;Vienna;Austria;AT;48.20849;16.37208;coauthorship;TUKE;11 spoločných publikácií od 2015 (posledná 2025);high;https://openalex.org/works?filter=authorships.institutions.lineage:I183764125,authorships.institutions.lineage:I145847075
Universität Wien;Vienna;Austria;AT;48.20835;16.3725;crossborder_project;TUKE;"SPES – 2007 - 2013 Central Europe; Danube´s Archaeological eLandscapes – 2014 - 2020 INTERREG VB Danube";high;https://keep.eu/projects/5553/
Vienna University of Technology;Vienna;Austria;AT;48.20835;16.3725;research_cooperation;FMMR;Partner FMMR v zahraničí;high;https://fmmr.tuke.sk/wps/portal/fmmr/spolupraca/partneri-v-zahranici
via donau - Entwicklungsgesellschaft mbH für Telematik und Donauschifffahrt;Vienna;Austria;AT;48.20835;16.3725;crossborder_project;TUKE;ECO4LOG – 2000 - 2006 Interreg IIIC East;high;https://keep.eu/projects/780/
FH KAERNTEN - GEMEINNUETZIGE GmbH;Villach;Austria;AT;46.6099;13.88661;erasmus_ka2;TUKE;Centers of Vocational Excellence: VET5.0 - Transforming Vocational Education Through Advancing Learner-Centricity, Education (101260541);high;https://erasmus-plus.ec.europa.eu/projects/search/details/101260541
FH Kärnten - gemeinnützige Gesellschaft mbH;Villach;Austria;AT;46.61673;13.85003;crossborder_project;TUKE;CI-Hub – 2021 - 2027 Interreg VI-B Danube;high;https://keep.eu/projects/29489/
FH Kärnten - gemeinnützige GmbH;Villach;Austria;AT;46.61673;13.85003;crossborder_project;TUKE;Culinary Trail – 2021 - 2027 Interreg VI-B Danube;high;https://keep.eu/projects/29507/
EVTZ Alpine Pearls mbH;Weissensee;Austria;AT;46.69653;13.3662;crossborder_project;TUKE;DECA – 2021 - 2027 Interreg VI-B Danube;high;https://keep.eu/projects/29493/
FH Oberösterreich Forschungs & Entwicklungs GmbH -LOGISTIKUM;Wels;Austria;AT;48.15655;14.02438;crossborder_project;TUKE;FLAVIA – 2007 - 2013 Central Europe;high;https://keep.eu/projects/5488/
3S Research Laboratory - Forschungsverein;Wien;Austria;AT;48.19685;16.36725;erasmus_ka2;TUKE;Strategic Partnerships for vocational education and training: Tracking Learning and Career Paths of VET graduates, to improve quality of VET provision (2018-1-SK01-KA202-046331);high;https://erasmus-plus.ec.europa.eu/projects/search/details/2018-1-SK01-KA202-046331
3S Unternehmensberatung Gmbh;Wien;Austria;AT;48.19685;16.36726;erasmus_ka2;TUKE;Centers of Vocational Excellence: VET5.0 - Transforming Vocational Education Through Advancing Learner-Centricity, Education (101260541);high;https://erasmus-plus.ec.europa.eu/projects/search/details/101260541
BOKU - University of Natural Resources and Life Sciences, Vienna;Wien;Austria;AT;48.20835;16.3725;ceepus;TUKE;"CEEPUS SK-0044-21-2627: Applied Economics and Management; CEEPUS PL-0701-15-2627: Engineering as Communication Language in Europe; CEEPUS CZ-0911-12-2627: Managerial Processes in International Environment; CEEPUS RS-1012-12-2627: Building Knowledge and Experience Exchange in CFD; CEEPUS PL-1909-01-2425: ""Green"" buildings as solutions to achieve sustainable environmental goals; CEEPUS CZ-2006-02-2627: REsource for Water, Energy and Nutrients (REWEN)";high;https://www.ceepus.info/nw/0044-2627
Bundesministerium Fur Bildung;Wien;Austria;AT;48.20994;16.36354;erasmus_ka2;TUKE;Centers of Vocational Excellence: VET5.0 - Transforming Vocational Education Through Advancing Learner-Centricity, Education (101260541);high;https://erasmus-plus.ec.europa.eu/projects/search/details/101260541
Bundesministerium Fur Land- Und Forstwirtschaft, Klima- Und Umweltschutz, Regionen Und Wasserwirtschaft;Wien;Austria;AT;48.20789;16.38155;research_project_eu;TUKE;1 spoločných projektov: SWIM;high;https://cordis.europa.eu/project/id/101215230
Central European University (Zentraleuropäische Universität);Wien;Austria;AT;48.20835;16.3725;erasmus_eu;EkF;"študenti; Erasmus kód A WIEN78";high;https://erasmus.tuke.sk/partnerske-institucie-v-eu-a-ehp/
Fachhochschule Des Bfi Wien Gmbh;Wien;Austria;AT;48.2191;16.4033;erasmus_ka2;TUKE;"Capacity Building in higher education: Triggering innovative approaches, entrepreneurial skills and attitudes in HEI learners thr (617309-EPP-1-2020-1-SK-EPPKA2-CBHE-JP); Capacity Building in higher education: Reforming Master Programmes in Finance in Armenia and Moldova (585784-EPP-1-2017-1-AT-EPPKA2-CBHE-JP)";high;https://erasmus-plus.ec.europa.eu/projects/search/details/617309-EPP-1-2020-1-SK-EPPKA2-CBHE-JP
Fachhochschule Technikum Wien;Wien;Austria;AT;48.23929;16.37736;research_project_eu;TUKE;1 spoločných projektov: INDECT;high;https://cordis.europa.eu/project/id/218086
H&S Heilig und Schubert Software AG;Wien;Austria;AT;48.20835;16.3725;crossborder_project;TUKE;DTP2-076-1.1KnowING IPR – 2014 - 2020 INTERREG VB Danube;high;https://keep.eu/projects/19519/
International Commission For The Protection Of The Danube River;Wien;Austria;AT;48.2332;16.41709;research_project_eu;TUKE;1 spoločných projektov: SWIM;high;https://cordis.europa.eu/project/id/101215230
Philips Austria Gmbh;Wien;Austria;AT;48.16944;16.33308;erasmus_ka2;TUKE;Centers of Vocational Excellence: VET5.0 - Transforming Vocational Education Through Advancing Learner-Centricity, Education (101260541);high;https://erasmus-plus.ec.europa.eu/projects/search/details/101260541
Technische Universitaet Wien;Wien;Austria;AT;48.19901;16.36993;research_project_eu;TUKE;1 spoločných projektov: AI4EU;high;https://cordis.europa.eu/project/id/825619
Technische Universitaet Wien;Wien;Austria;AT;48.19901;16.36993;erasmus_ka2;TUKE;Strategic Partnerships for school education: Head in the Clouds: Digital Learning to Overcome School Failure (2015-1-AT01-KA201-005024);high;https://erasmus-plus.ec.europa.eu/projects/search/details/2015-1-AT01-KA201-005024
Technische Universität Wien;Wien;Austria;AT;48.20835;16.3725;ceepus;TUKE;"CEEPUS PL-0007-22-2627: Metronet - network for modern measuring and manufacturing technologies; CEEPUS HU-0028-20-2627: Active Methods in Teaching and Learning Mathematics, Informatics and their Appli; CEEPUS RO-0058-19-2627: DESIGN, IMPLEMENTATION AND USE OF JOINT PROGRAMS ON  ARTIFICIAL INTELIGENCE, QUA; CEEPUS SK-0067-22-2627: Future Skills for Digitalized Production and Education; CEEPUS BG-0703-15-2627: Modern Trends in Education and Research on Mechanical Systems - Bridging Reliabi; CEEPUS RS-1012-12-2627: Building Knowledge and Experience Exchange in CFD (+3)";high;https://www.ceepus.info/nw/0007-2627
Technische Universität Wien;Wien;Austria;AT;48.20835;16.3725;crossborder_project;TUKE;CIRCOTRONIC – 2021 - 2027 Interreg VI-B Central Europe;high;https://keep.eu/projects/27722/
University of Vienna;Wien;Austria;AT;48.20849;16.37208;ceepus;TUKE;CEEPUS RS-0038-22-2627: Fundamental and Applied Geological Science and Education to Drive Progress in Ce;high;https://www.ceepus.info/nw/0038-2627
University of Vienna;Wien;Austria;AT;48.20849;16.37208;coauthorship;TUKE;3 spoločných publikácií od 2015 (posledná 2020);high;https://openalex.org/works?filter=authorships.institutions.lineage:I183764125,authorships.institutions.lineage:I129774422
VIA - via donau - Austrian Waterway Company;Wien;Austria;AT;48.20835;16.3725;crossborder_project;TUKE;NELI – 2007 - 2013 South East Europe;high;https://keep.eu/projects/602/
Verein Offenes Lernen;Wien;Austria;AT;48.18588;16.27328;erasmus_ka2;TUKE;Strategic Partnerships for school education: Head in the Clouds: Digital Learning to Overcome School Failure (2015-1-AT01-KA201-005024);high;https://erasmus-plus.ec.europa.eu/projects/search/details/2015-1-AT01-KA201-005024
Zentrum fuer soziale Innovation GmbH;Wien;Austria;AT;48.20835;16.3725;crossborder_project;TUKE;MEET – 2021 - 2027 Interreg VI-B Danube;high;https://keep.eu/projects/29904/
University of Applied Sciences Wiener Neustadt;Wiener Neustadt;Austria;AT;47.81318;16.24412;ceepus;TUKE;CEEPUS RS-1511-07-2627: Research and Development of New Technologies for Innovative Product Development;high;https://www.ceepus.info/nw/1511-2627
Sandvik Mining And Construction Gmbh;Zeltweg;Austria;AT;47.18549;14.74852;research_project_eu;TUKE;1 spoločných projektov: I²MINE;high;https://cordis.europa.eu/project/id/280855
Inter Ferry Boats nv/sa;Antwerpen;Belgium;BE;51.2368;4.41572;research_project_eu;TUKE;1 spoločných projektov: LessThanWagonLoad;high;https://cordis.europa.eu/project/id/723274
Karel de Grote University of Applied Sciences and Arts (Karel de Grote Hogeschool);Antwerpen;Belgium;BE;51.22111;4.39971;erasmus_eu;EkF;"študenti; Erasmus kód B ANTWERP59";high;https://erasmus.tuke.sk/partnerske-institucie-v-eu-a-ehp/
Belgische Federatie Van De Chemische Industrie En Van Life Sciences Vzw;Brussel;Belgium;BE;50.84656;4.3517;research_project_eu;TUKE;1 spoločných projektov: LessThanWagonLoad;high;https://cordis.europa.eu/project/id/723274
Odisee vzw;Brussel;Belgium;BE;50.84895;4.35644;erasmus_ka2;TUKE;Strategic Partnerships addressing more than one field: HECOS FOR ETHICS – Higher Education and CompanieS FOsteRing ETHICal Skills (2014-1-IT01-KA200-002484);high;https://erasmus-plus.ec.europa.eu/projects/search/details/2014-1-IT01-KA200-002484
Prospex Institute;Brussel;Belgium;BE;50.84101;4.38381;research_project_eu;TUKE;1 spoločných projektov: SUPREEMO;high;https://cordis.europa.eu/project/id/101138353
Spikes;Brussel;Belgium;BE;50.84674;4.35249;research_project_eu;TUKE;1 spoločných projektov: EBEST;high;https://cordis.europa.eu/project/id/243554
Design Vlaanderen;Brussels;Belgium;BE;50.84674;4.35249;crossborder_project;TUKE;ORGANZA – 2007 - 2013 Interreg IVC;high;https://keep.eu/projects/505/
Eurocontrol;Brussels;Belgium;BE;50.85045;4.34878;coauthorship;TUKE;8 spoločných publikácií od 2015 (posledná 2022);high;https://openalex.org/works?filter=authorships.institutions.lineage:I183764125,authorships.institutions.lineage:I4210162738
European Projects Association;Brussels;Belgium;BE;50.84598;4.37765;erasmus_ka2;TUKE;Strategic Partnerships for higher education: Talented Europe (2015-1-ES01-KA203-016176);high;https://erasmus-plus.ec.europa.eu/projects/search/details/2015-1-ES01-KA203-016176
European University Association (EUA);Brussels;Belgium;BE;50.84674;4.35249;network_membership;TUKE;TUKE je riadnym členom EUA (Individual Full Member);high;https://www.eua.eu
Eurogas - European Union Of The Natural Gas Industry;Bruxelles;Belgium;BE;50.84167;4.37322;research_project_eu;TUKE;1 spoločných projektov: INTEG-RISK;high;https://cordis.europa.eu/project/id/213345
European Virtual Institute on Knowledge-based Multifunctional Materials AISBL;Bruxelles;Belgium;BE;50.83702;4.37049;research_project_eu;TUKE;1 spoločných projektov: INTEG-RISK;high;https://cordis.europa.eu/project/id/213345
Lineas Group;Bruxelles;Belgium;BE;50.86337;4.35868;research_project_eu;TUKE;1 spoločných projektov: LessThanWagonLoad;high;https://cordis.europa.eu/project/id/723274
Out Of The Box International;Bruxelles;Belgium;BE;50.84179;4.34563;erasmus_ka2;TUKE;Strategic Partnerships for higher education: Talented Europe (2015-1-ES01-KA203-016176);high;https://erasmus-plus.ec.europa.eu/projects/search/details/2015-1-ES01-KA203-016176
Startup Europe Regions Network;Bruxelles;Belgium;BE;50.84581;4.36921;erasmus_ka2;TUKE;Forward looking cooperation projects: SELF-REFLECTION TOOLS FOR SMART UNIVERSITIES ACTING REGIONALLY - RE-ACT (612903-EPP-1-2019-1-PT-EPPKA3-PI-FORWARD);high;https://erasmus-plus.ec.europa.eu/projects/search/details/612903-EPP-1-2019-1-PT-EPPKA3-PI-FORWARD
Water Europe;Bruxelles;Belgium;BE;50.82702;4.39941;research_project_eu;TUKE;1 spoločných projektov: RIMA;high;https://cordis.europa.eu/project/id/824990
28Digital;Bruxelles / Brussel;Belgium;BE;50.84373;4.3692;research_project_eu;TUKE;2 spoločných projektov: AI4EU, MIDIH;high;https://cordis.europa.eu/project/id/767498
Association Europeenne Pour La Formation Professionnelle;Bruxelles / Brussel;Belgium;BE;50.84926;4.39246;erasmus_ka2;TUKE;"Centers of Vocational Excellence: VET5.0 - Transforming Vocational Education Through Advancing Learner-Centricity, Education (101260541); Cooperation partnerships in vocational education and training: Upskilling paths for HR professionals to IMprove AGE management (2024-1-IT01-KA220-VET-000245039)";high;https://erasmus-plus.ec.europa.eu/projects/search/details/101260541
Comite Europeen De Normalisation;Bruxelles / Brussel;Belgium;BE;50.84263;4.37168;research_project_eu;TUKE;1 spoločných projektov: INTEG-RISK;high;https://cordis.europa.eu/project/id/213345
EuroGeoSurveys - EGS;Bruxelles / Brussel;Belgium;BE;50.84577;4.37238;research_project_eu;TUKE;1 spoločných projektov: I²MINE;high;https://cordis.europa.eu/project/id/280855
European Federation Of Non Destructive Testing;Bruxelles / Brussel;Belgium;BE;50.84962;4.39802;research_project_eu;TUKE;1 spoločných projektov: RIMA;high;https://cordis.europa.eu/project/id/824990
European Health Telematics Association;Bruxelles / Brussel;Belgium;BE;50.8412;4.37436;research_project_eu;TUKE;1 spoločných projektov: LIFEBOTS Exchange;high;https://cordis.europa.eu/project/id/824047
European Organisation For Security;Bruxelles / Brussel;Belgium;BE;50.84159;4.36824;research_project_eu;TUKE;1 spoločných projektov: AI4EU;high;https://cordis.europa.eu/project/id/825619
European Regions Research And Innovation Network;Bruxelles / Brussel;Belgium;BE;50.84025;4.3669;research_project_eu;TUKE;1 spoločných projektov: MIREU;high;https://cordis.europa.eu/project/id/776811
Forum Atomique Europeen;Bruxelles / Brussel;Belgium;BE;50.8411;4.36671;research_project_eu;TUKE;1 spoločných projektov: RIMA;high;https://cordis.europa.eu/project/id/824990
Forum Des Laboratoires Nationaux Europeens De Recherche Routiere Fehrlaisbl;Bruxelles / Brussel;Belgium;BE;50.84074;4.36937;research_project_eu;TUKE;1 spoločných projektov: RIMA;high;https://cordis.europa.eu/project/id/824990
Jrc -Joint Research Centre- European Commission;Bruxelles / Brussel;Belgium;BE;50.84368;4.38241;research_project_eu;TUKE;1 spoločných projektov: INTEG-RISK;high;https://cordis.europa.eu/project/id/213345
Sirris Het Collectief Centrum Van De Technologische Industrie;Bruxelles / Brussel;Belgium;BE;50.84656;4.3517;research_project_eu;TUKE;1 spoločných projektov: EBEST;high;https://cordis.europa.eu/project/id/243554
Universite Libre De Bruxelles;Bruxelles / Brussel;Belgium;BE;50.81274;4.37946;research_project_eu;TUKE;1 spoločných projektov: ESPOSA;high;https://cordis.europa.eu/project/id/284859
Vrije Universiteit Brussel;Bruxelles / Brussel;Belgium;BE;50.823;4.39262;research_project_eu;TUKE;3 spoločných projektov: AI4EU, PICASO, eGovPoliNet;high;https://cordis.europa.eu/project/id/689209
Vrije Universiteit Brussel;Bruxelles / Brussel;Belgium;BE;50.823;4.39262;coauthorship;TUKE;4 spoločných publikácií od 2015 (posledná 2026);high;https://openalex.org/works?filter=authorships.institutions.lineage:I183764125,authorships.institutions.lineage:I13469542
Centre of Excellence in Information and Communication Technologies;Charleroi;Belgium;BE;50.41162;4.44453;crossborder_project;TUKE;SPES – 2007 - 2013 Central Europe;high;https://keep.eu/projects/5553/
Orbix Solutions;Farciennes;Belgium;BE;50.64028;4.66671;research_project_eu;TUKE;1 spoločných projektov: CHROMIC;high;https://cordis.europa.eu/project/id/730471
CreaD;Forest;Belgium;BE;50.81791;4.31814;erasmus_ka2;TUKE;Cooperation partnerships in higher education: Design2Freedom: promoviendo el Diseño Centrado en la Persona aplicado a la discapacidad en (2023-1-ES01-KA220-HED-000154427);high;https://erasmus-plus.ec.europa.eu/projects/search/details/2023-1-ES01-KA220-HED-000154427
Technologica Group - European Technical Joint Venture Cvba;Geel;Belgium;BE;51.16108;4.99032;research_project_eu;TUKE;1 spoločných projektov: INTEG-RISK;high;https://cordis.europa.eu/project/id/213345
Orbix Productions;Genk;Belgium;BE;50.92048;5.50869;research_project_eu;TUKE;1 spoločných projektov: CHROMIC;high;https://cordis.europa.eu/project/id/730471
Arche;Gent;Belgium;BE;51.09627;3.70961;research_project_eu;TUKE;1 spoločných projektov: CHROMIC;high;https://cordis.europa.eu/project/id/730471
Universiteit Gent;Gent;Belgium;BE;51.04733;3.72819;erasmus_ka2;TUKE;Capacity Building in higher education: Establishment of Capacity Building Centers as a sustainable solution to raise the standard (573616-EPP-1-2016-1-PL-EPPKA2-CBHE-JP);high;https://erasmus-plus.ec.europa.eu/projects/search/details/573616-EPP-1-2016-1-PL-EPPKA2-CBHE-JP
Voka-Kamer Van Koophandel Oost-Vlaanderen;Gent;Belgium;BE;51.04789;3.72849;erasmus_ka2;TUKE;Strategic Partnerships addressing more than one field: HECOS FOR ETHICS – Higher Education and CompanieS FOsteRing ETHICal Skills (2014-1-IT01-KA200-002484);high;https://erasmus-plus.ec.europa.eu/projects/search/details/2014-1-IT01-KA200-002484
Ghent University;Ghent;Belgium;BE;51.05;3.71667;coauthorship;TUKE;4 spoločných publikácií od 2015 (posledná 2023);high;https://openalex.org/works?filter=authorships.institutions.lineage:I183764125,authorships.institutions.lineage:I32597200
Centre De Recherche En Aeronautique Asbl - Cenaero;Gosselies;Belgium;BE;50.46538;4.43018;research_project_eu;TUKE;1 spoločných projektov: ESPOSA;high;https://cordis.europa.eu/project/id/284859
Meam Holding;Herent;Belgium;BE;50.92223;4.66049;research_project_eu;TUKE;1 spoločných projektov: CHROMIC;high;https://cordis.europa.eu/project/id/730471
University of Liège (Université de Liège);Jemeppe;Belgium;BE;50.61809;5.49972;erasmus_eu;EkF;"študenti + zamestnanci; Erasmus kód B LIEGE38";high;https://erasmus.tuke.sk/partnerske-institucie-v-eu-a-ehp/
KU Leuven;Leuven;Belgium;BE;50.87959;4.70093;coauthorship;TUKE;8 spoločných publikácií od 2015 (posledná 2022);high;https://openalex.org/works?filter=authorships.institutions.lineage:I183764125,authorships.institutions.lineage:I99464096
Katholieke Universiteit Leuven;Leuven;Belgium;BE;50.8792;4.70117;erasmus_eu;TUKE;"Erasmus+ mobilita (nominácie); Erasmus kód B LEUVEN01";medium;https://erasmus.tuke.sk/vyzvy-na-studentsku-mobilitu/
European Universities Continuing Education Network;Louvain La Neuve;Belgium;BE;50.6673;4.63305;erasmus_ka2;TUKE;"Partnerships for Digital Education Readiness: Benchmarking for Quality Assurance in e-learning provision of VET education (2020-1-SK01-KA226-VET-094266); Knowledge Alliances for higher education: Internship Model for developing Entrepreneurial skills to higher education students (601125-EPP-1-2018-1-SK-EPPKA2-KA)";high;https://erasmus-plus.ec.europa.eu/projects/search/details/2020-1-SK01-KA226-VET-094266
Stad Mechelen;Mechelen;Belgium;BE;51.02814;4.48035;crossborder_project;TUKE;CITISYSTEM – 2021 - 2027 Interreg VI-C Interreg Europe;high;https://keep.eu/projects/32926/
Flemish Institute for Technological Research;Mol;Belgium;BE;51.19187927246094;5.116620063781738;coauthorship;TUKE;4 spoločných publikácií od 2015 (posledná 2019);high;https://openalex.org/works?filter=authorships.institutions.lineage:I183764125,authorships.institutions.lineage:I68522396
VITO – Flemish Institute for Technological Research;Mol;Belgium;BE;51.18404;5.11553;research_cooperation;FMMR;Partner FMMR v zahraničí;high;https://fmmr.tuke.sk/wps/portal/fmmr/spolupraca/partneri-v-zahranici
Vlaamse Instelling Voor Technologisch Onderzoek N.V.;Mol;Belgium;BE;51.21897;5.09345;research_project_eu;TUKE;1 spoločných projektov: CHROMIC;high;https://cordis.europa.eu/project/id/730471
Ecores;Saint-Gilles;Belgium;BE;50.82986;4.33658;research_project_eu;TUKE;1 spoločných projektov: LessThanWagonLoad;high;https://cordis.europa.eu/project/id/723274
Lineas;Schaarbeek;Belgium;BE;50.8639;4.35917;research_project_eu;TUKE;1 spoločných projektov: LessThanWagonLoad;high;https://cordis.europa.eu/project/id/723274
Rail Traf Logistics;Schelle;Belgium;BE;51.12035;4.37127;research_project_eu;TUKE;1 spoločných projektov: LessThanWagonLoad;high;https://cordis.europa.eu/project/id/723274
Trafuco;Schelle;Belgium;BE;51.12035;4.37127;research_project_eu;TUKE;1 spoločných projektov: LessThanWagonLoad;high;https://cordis.europa.eu/project/id/723274
European Network Of Living Labs Ivzw;Sint-Joost-ten-Node;Belgium;BE;50.82069;4.39239;research_project_eu;TUKE;1 spoločných projektov: SCORE;high;https://cordis.europa.eu/project/id/101003534
Winner Scs;Walhain;Belgium;BE;50.61801;4.69534;research_project_eu;TUKE;1 spoločných projektov: ESPOSA;high;https://cordis.europa.eu/project/id/284859
Pno Innovation;Zaventem;Belgium;BE;50.88506;4.45476;research_project_eu;TUKE;1 spoločných projektov: SUPREEMO;high;https://cordis.europa.eu/project/id/101138353
Digitalni inovacioni hab ONEX;Banja Luka;Bosnia and Herzegovina;BA;44.77208;17.19177;crossborder_project;TUKE;CI-Hub – 2021 - 2027 Interreg VI-B Danube;high;https://keep.eu/projects/29489/
University of Business Engineering and Management Banja Luka;Banja Luka;Bosnia and Herzegovina;BA;44.77208;17.19177;bilateral_agreement;FVT;Zmluvná spolupráca na úrovni fakulty;high;https://fvt.tuke.sk/en/international-cooperation
University of Banja Luka;Banja Luka, Republika Srpska;Bosnia and Herzegovina;BA;44.77842;17.19386;ceepus;TUKE;"CEEPUS PL-0033-22-2627: Development of mechanical engineering (design, technology and production managem; CEEPUS SK-0044-21-2627: Applied Economics and Management; CEEPUS RS-0304-19-2627: Technical Characteristics Researching of Modern Products in Machine Industry wit; CEEPUS RS-0507-16-2627: Research, Development and Education in Precision Machining; CEEPUS PL-0701-15-2627: Engineering as Communication Language in Europe; CEEPUS BG-0703-15-2627: Modern Trends in Education and Research on Mechanical Systems - Bridging Reliabi (+14)";high;https://www.ceepus.info/nw/0033-2627
University of Banja Luka;Banja Luka, Republika Srpska;Bosnia and Herzegovina;BA;44.77842;17.19386;bilateral_agreement;FVT;Zmluvná spolupráca na úrovni fakulty (Faculty of Mechanical Engineering);high;https://fvt.tuke.sk/en/international-cooperation
University of Banja Luka;Banja Luka, Republika Srpska;Bosnia and Herzegovina;BA;44.77842;17.19386;coauthorship;TUKE;6 spoločných publikácií od 2015 (posledná 2025);high;https://openalex.org/works?filter=authorships.institutions.lineage:I183764125,authorships.institutions.lineage:I173887773
University of Bihac;Bihac;Bosnia and Herzegovina;BA;44.81466;15.86896;ceepus;TUKE;"CEEPUS RO-0058-19-2627: DESIGN, IMPLEMENTATION AND USE OF JOINT PROGRAMS ON  ARTIFICIAL INTELIGENCE, QUA; CEEPUS BG-1103-11-2627: Modelling, Simulation and Computer-aided Design in Engineering and Management; CEEPUS BA-1402-08-2627 (Umbrella): New teaching technologies and new applications in modernization of teaching at t";high;https://www.ceepus.info/nw/0058-2627
JU ‘’Razvojna agencija Unsko-sanskog kantona’’ Bihać;Bihać;Bosnia and Herzegovina;BA;44.81466;15.86896;crossborder_project;TUKE;DTP1-115-4.1 EDU-LAB – 2014 - 2020 INTERREG VB Danube;high;https://keep.eu/projects/18491/
University of East Sarajevo;Istocno Sarajevo, Republika Srpska;Bosnia and Herzegovina;BA;43.8024;18.42884;ceepus;TUKE;"CEEPUS PL-0007-22-2627: Metronet - network for modern measuring and manufacturing technologies; CEEPUS SK-0030-22-2627: Internationalisation and development of joint activities in the field of smart f; CEEPUS PL-0033-22-2627: Development of mechanical engineering (design, technology and production managem; CEEPUS RO-0058-19-2627: DESIGN, IMPLEMENTATION AND USE OF JOINT PROGRAMS ON  ARTIFICIAL INTELIGENCE, QUA; CEEPUS RS-0065-19-2425: Intelligent Automation for Competitive Advantage; CEEPUS SK-0067-22-2627: Future Skills for Digitalized Production and Education (+16)";high;https://www.ceepus.info/nw/0007-2627
Gradska razvojna agencija Istočno Sarajevo;Istočno Sarajevo;Bosnia and Herzegovina;BA;43.8024;18.42884;crossborder_project;TUKE;Culinary Trail – 2021 - 2027 Interreg VI-B Danube;high;https://keep.eu/projects/29507/
Visoka škola za turizam i menadžment Konjic;Konjic;Bosnia and Herzegovina;BA;43.65444;17.96066;crossborder_project;TUKE;Danube GeoTour Plus – 2021 - 2027 Interreg VI-B Danube;high;https://keep.eu/projects/29510/
Udruženje za poduzetništvo i posao LiNK Mostar;Mostar;Bosnia and Herzegovina;BA;43.34359;17.80766;crossborder_project;TUKE;DTP1-115-4.1 EDU-LAB – 2014 - 2020 INTERREG VB Danube;high;https://keep.eu/projects/18491/
University of Mostar;Mostar;Bosnia and Herzegovina;BA;43.34359;17.80766;ceepus;TUKE;"CEEPUS RS-0304-19-2627: Technical Characteristics Researching of Modern Products in Machine Industry wit; CEEPUS HU-1506-07-2627: Ergonomics and Human Factors Regional Educational CEEPUS Network";high;https://www.ceepus.info/nw/0304-2627
Ministarstva Prometa, Veza I Zastite Okolisa Zupanije Posavske;Odzak;Bosnia and Herzegovina;BA;44.30535;17.59615;research_project_eu;TUKE;1 spoločných projektov: SWIM;high;https://cordis.europa.eu/project/id/101215230
Agencija za ekonomski razvoj grada Prijedora “PREDA-PD”;Prijedor;Bosnia and Herzegovina;BA;44.98014;16.71237;crossborder_project;TUKE;DTP2-021-1.2 InnoSchool – 2014 - 2020 INTERREG VB Danube;high;https://keep.eu/projects/19502/
Razvojna Agencija grada Prijedora “PREDA”;Prijedor;Bosnia and Herzegovina;BA;44.98014;16.71237;crossborder_project;TUKE;IaaS 4 DR – 2021 - 2027 Interreg VI-B Danube;high;https://keep.eu/projects/29484/
Federalno Ministarstvo Prostornog Uređenja;Sarajevo;Bosnia and Herzegovina;BA;43.85707;18.41261;crossborder_project;TUKE;DTP1-270-4.1 ATTRACTIVE DANUBE – 2014 - 2020 INTERREG VB Danube;high;https://keep.eu/projects/18507/
Mašinski fakultet Sarajevo (Univerzitet u Sarajevu);Sarajevo;Bosnia and Herzegovina;BA;43.85707;18.41261;crossborder_project;TUKE;DTP1-115-4.1 EDU-LAB – 2014 - 2020 INTERREG VB Danube;high;https://keep.eu/projects/18491/
Regionalni centar za informisanje i obrazovanje iz održivog razvoja iz Jugoistočne Evrope;Sarajevo;Bosnia and Herzegovina;BA;43.85707;18.41261;crossborder_project;TUKE;DECA – 2021 - 2027 Interreg VI-B Danube;high;https://keep.eu/projects/29493/
Sarajevska regionalna razvojna agencija SERDA;Sarajevo;Bosnia and Herzegovina;BA;43.85707;18.41261;crossborder_project;TUKE;"DTP1-260-1.1; InnoHPC – 2014 - 2020 INTERREG VB Danube; DTP2-076-1.1KnowING IPR – 2014 - 2020 INTERREG VB Danube; Culinary Trail – 2021 - 2027 Interreg VI-B Danube";high;https://keep.eu/projects/18508/
University of Sarajevo;Sarajevo;Bosnia and Herzegovina;BA;43.85707;18.41261;ceepus;TUKE;"CEEPUS PL-0007-22-2627: Metronet - network for modern measuring and manufacturing technologies; CEEPUS HU-0028-20-2627: Active Methods in Teaching and Learning Mathematics, Informatics and their Appli; CEEPUS RS-0065-19-2425: Intelligent Automation for Competitive Advantage; CEEPUS RO-0202-20-2627: Enhancing the use of blended e-learning as an internationalization tool in the f; CEEPUS RS-0304-19-2627: Technical Characteristics Researching of Modern Products in Machine Industry wit; CEEPUS PL-0815-14-2627 (Umbrella): Europe from the Visegrad and Balkan Perspective (+7)";high;https://www.ceepus.info/nw/0007-2627
Fondacija za inovacije, tehnologiju i transfer znanja;Tuzla;Bosnia and Herzegovina;BA;44.5393;18.67493;crossborder_project;TUKE;Plan-C – 2021 - 2027 Interreg VI-B Danube;high;https://keep.eu/projects/29907/
Ministarstvo obrazovanja i nauke Tuzlanskog kantona;Tuzla;Bosnia and Herzegovina;BA;44.5393;18.67493;crossborder_project;TUKE;MEET – 2021 - 2027 Interreg VI-B Danube;high;https://keep.eu/projects/29904/
Udruženje Prijateljice obrazovanje – Amica Educa;Tuzla;Bosnia and Herzegovina;BA;44.5393;18.67493;crossborder_project;TUKE;MEET – 2021 - 2027 Interreg VI-B Danube;high;https://keep.eu/projects/29904/
University of Tuzla;Tuzla;Bosnia and Herzegovina;BA;44.5393;18.67493;ceepus;TUKE;"CEEPUS RO-0013-22-2627: Teaching and Research of Environment-oriented Technologies in Manufacturing; CEEPUS RS-0038-22-2627: Fundamental and Applied Geological Science and Education to Drive Progress in Ce; CEEPUS BA-1402-08-2627 (Umbrella): New teaching technologies and new applications in modernization of teaching at t; CEEPUS RS-1511-07-2627: Research and Development of New Technologies for Innovative Product Development; CEEPUS RS-1812-04-2627 (Umbrella): Application of CAx technologies in smart production as a significant basis for t; CEEPUS RS-1813-04-2627 (Umbrella): Metrology, quality and environmental aspects in Industry 4.0";high;https://www.ceepus.info/nw/0013-2627
Javna Ustanova Univerzitet U Zenici Universitas Studiorum Zenicaensis;Zenica;Bosnia and Herzegovina;BA;44.19982;17.90323;erasmus_ka2;TUKE;Centers of Vocational Excellence: VET5.0 - Transforming Vocational Education Through Advancing Learner-Centricity, Education (101260541);high;https://erasmus-plus.ec.europa.eu/projects/search/details/101260541
Stručna služba za razvoj i međunarodne projekte Zeničko-dobojskog kantona;Zenica;Bosnia and Herzegovina;BA;44.19983;17.9093;crossborder_project;TUKE;DTP1-115-4.1 EDU-LAB – 2014 - 2020 INTERREG VB Danube;high;https://keep.eu/projects/18491/
University of Zenica;Zenica;Bosnia and Herzegovina;BA;44.19983;17.9093;ceepus;TUKE;"CEEPUS RO-0013-22-2627: Teaching and Research of Environment-oriented Technologies in Manufacturing; CEEPUS RS-0304-19-2627: Technical Characteristics Researching of Modern Products in Machine Industry wit; CEEPUS RS-0507-16-2627: Research, Development and Education in Precision Machining; CEEPUS RS-1012-12-2627: Building Knowledge and Experience Exchange in CFD; CEEPUS RS-1813-04-2627 (Umbrella): Metrology, quality and environmental aspects in Industry 4.0";high;https://www.ceepus.info/nw/0013-2627
Ured Vlade Županije Zapadnohercegovačke za europske integracije;Široki Brijeg;Bosnia and Herzegovina;BA;43.38319;17.59292;crossborder_project;TUKE;#RomansWineDanube – 2021 - 2027 Interreg VI-B Danube;high;https://keep.eu/projects/29476/
University of Campinas (UNICAMP);Campinas;Brazil;BR;-22.90556;-47.06083;bilateral_agreement;TUKE;International academic cooperation agreement International academic cooperation agreement (2017);high;https://www.crz.gov.sk/3165141/
University of Campinas (UNICAMP);Campinas;Brazil;BR;-22.90556;-47.06083;coauthorship;TUKE;12 spoločných publikácií od 2015 (posledná 2025);high;https://openalex.org/works?filter=authorships.institutions.lineage:I183764125,authorships.institutions.lineage:I181391015
Associacao Paranaense De Cultura Apc;Curitiba;Brazil;BR;-25.45155;-49.25274;research_project_eu;TUKE;1 spoločných projektov: eGovPoliNet;high;https://cordis.europa.eu/project/id/288136
Universidade Tecnológica Federal do Paraná;Curitiba;Brazil;BR;-25.42778;-49.27306;coauthorship;TUKE;3 spoločných publikácií od 2015 (posledná 2026);high;https://openalex.org/works?filter=authorships.institutions.lineage:I183764125,authorships.institutions.lineage:I1283613182
Universidade Federal do Ceará;Fortaleza;Brazil;BR;-3.71722;-38.54306;coauthorship;TUKE;9 spoločných publikácií od 2015 (posledná 2021);high;https://openalex.org/works?filter=authorships.institutions.lineage:I183764125,authorships.institutions.lineage:I243754102
Universidade Estadual de Maringá;Maringá;Brazil;BR;-23.42528;-51.93861;coauthorship;TUKE;4 spoločných publikácií od 2015 (posledná 2022);high;https://openalex.org/works?filter=authorships.institutions.lineage:I183764125,authorships.institutions.lineage:I123443094
Universidade Federal do Rio Grande do Sul;Porto Alegre;Brazil;BR;-30.03283;-51.23019;coauthorship;TUKE;3 spoločných publikácií od 2015 (posledná 2025);high;https://openalex.org/works?filter=authorships.institutions.lineage:I183764125,authorships.institutions.lineage:I130442723
Universidade Federal de São Carlos;São Carlos;Brazil;BR;-22.017499923706055;-47.890830993652344;coauthorship;TUKE;3 spoločných publikácií od 2015 (posledná 2025);high;https://openalex.org/works?filter=authorships.institutions.lineage:I183764125,authorships.institutions.lineage:I177909021
Universidade de São Paulo;São Paulo;Brazil;BR;-23.5475;-46.63611;coauthorship;TUKE;5 spoločných publikácií od 2015 (posledná 2025);high;https://openalex.org/works?filter=authorships.institutions.lineage:I183764125,authorships.institutions.lineage:I17974374
Oecon Group Bulgaria;Blagoevgrad;Bulgaria;BG;42.01111;23.09065;erasmus_ka2;TUKE;Cooperation partnerships in vocational education and training: Promoting creativity microbusiness though web tools in rural area (2021-1-SK01-KA220-VET-000032999);high;https://erasmus-plus.ec.europa.eu/projects/search/details/2021-1-SK01-KA220-VET-000032999
Регионален инспекторат по образованието – Благоевград;Blagoevgrad;Bulgaria;BG;42.01111;23.09065;crossborder_project;TUKE;DTP2-021-1.2 InnoSchool – 2014 - 2020 INTERREG VB Danube;high;https://keep.eu/projects/19502/
Technical University of Gabrovo;Gabrovo;Bulgaria;BG;42.87532;25.31613;ceepus;TUKE;CEEPUS RS-1511-07-2627: Research and Development of New Technologies for Innovative Product Development;high;https://www.ceepus.info/nw/1511-2627
Technical University of Gabrovo;Gabrovo;Bulgaria;BG;42.87532;25.31613;erasmus_ka2;TUKE;Strategic Partnerships for vocational education and training: Developing Innovative Science Outreach for Vocational Education to Encourage STEM Careers  (2017-1-BG01-KA202-036327);high;https://erasmus-plus.ec.europa.eu/projects/search/details/2017-1-BG01-KA202-036327
Бизнес Инкубатор – Гоце Делчев, Център За Подпомагане На Предприемачеството;Gotse Delchev;Bulgaria;BG;41.5733;23.72811;crossborder_project;TUKE;DTP2-021-1.2 InnoSchool – 2014 - 2020 INTERREG VB Danube;high;https://keep.eu/projects/19502/
European Polytechnical University;Pernik;Bulgaria;BG;42.6107063293457;23.040346145629883;coauthorship;TUKE;3 spoločných publikácií od 2015 (posledná 2020);high;https://openalex.org/works?filter=authorships.institutions.lineage:I183764125,authorships.institutions.lineage:I2510749371
Hristo Smirnenski PMG;Pernik;Bulgaria;BG;42.60922;23.03095;erasmus_ka2;TUKE;Strategic Partnerships for vocational education and training: Network of IcT Robo Clubs (2020-1-BG01-KA202-079200);high;https://erasmus-plus.ec.europa.eu/projects/search/details/2020-1-BG01-KA202-079200
Paisii Hilendarski Plovdiv Unviersity;Plovdiv;Bulgaria;BG;42.14185;24.74993;ceepus;TUKE;"CEEPUS HU-0019-22-2627: International Cooperation in Computer Science; CEEPUS BG-0703-15-2627: Modern Trends in Education and Research on Mechanical Systems - Bridging Reliabi";high;https://www.ceepus.info/nw/0019-2627
University of Food Technologies - Plovdiv;Plovdiv;Bulgaria;BG;42.14185;24.74993;ceepus;TUKE;CEEPUS BG-0703-15-2627: Modern Trends in Education and Research on Mechanical Systems - Bridging Reliabi;high;https://www.ceepus.info/nw/0703-2627
University of Plovdiv „Paisii Hilendarski“;Plovdiv;Bulgaria;BG;42.14185;24.74993;erasmus_eu;FEI;"študenti + zamestnanci; Erasmus kód BG PLOVDIV04";high;https://erasmus.tuke.sk/partnerske-institucie-v-eu-a-ehp/
University of Plovdiv „Paisii Hilendarski“;Plovdiv;Bulgaria;BG;42.14185;24.74993;erasmus_ka2;TUKE;"Strategic Partnerships for higher education: Focusing Education on Composability, Comprehensibility and Correctness of Working Software (2017-1-SK01-KA203-035402); Strategic Partnerships for higher education: Promoting Sustainability as a Fundamental Driver in Software Development Training and Educ (2020-1-PT01-KA203-078646)";high;https://erasmus-plus.ec.europa.eu/projects/search/details/2017-1-SK01-KA203-035402
Асоциация на Българските Черноморски Общини;Preslav 4”Varna;Bulgaria;BG;43.20228;27.91478;crossborder_project;TUKE;DTP1-006-1.1 CrowdStream – 2014 - 2020 INTERREG VB Danube;high;https://keep.eu/projects/18464/
Angel Kanchev University of Rousse;Rousse;Bulgaria;BG;43.84804;25.95421;ceepus;TUKE;"CEEPUS HU-0028-20-2627: Active Methods in Teaching and Learning Mathematics, Informatics and their Appli; CEEPUS SK-0030-22-2627: Internationalisation and development of joint activities in the field of smart f; CEEPUS PL-0033-22-2627: Development of mechanical engineering (design, technology and production managem; CEEPUS RO-0058-19-2627: DESIGN, IMPLEMENTATION AND USE OF JOINT PROGRAMS ON  ARTIFICIAL INTELIGENCE, QUA; CEEPUS RO-0202-20-2627: Enhancing the use of blended e-learning as an internationalization tool in the f; CEEPUS RS-0304-19-2627: Technical Characteristics Researching of Modern Products in Machine Industry wit (+6)";high;https://www.ceepus.info/nw/0028-2627
Регионален исторически музей - Русе;Ruse;Bulgaria;BG;43.84804;25.95421;crossborder_project;TUKE;"Danube´s Archaeological eLandscapes – 2014 - 2020 INTERREG VB Danube; #RomansWineDanube – 2021 - 2027 Interreg VI-B Danube";high;https://keep.eu/projects/25310/
„Angel Kanchev“ University of Ruse;Ruse;Bulgaria;BG;43.84804;25.95421;erasmus_eu;FEI, FVT;"študenti + zamestnanci; Erasmus kód BG ROUSSE01";high;https://erasmus.tuke.sk/partnerske-institucie-v-eu-a-ehp/
„Angel Kanchev“ University of Ruse;Ruse;Bulgaria;BG;43.84804;25.95421;erasmus_ka2;TUKE;"Strategic Partnerships for higher education: Innovative Student-Centred Learning Practices fuelled with ITC-tools and university – indu (2017-1-RO01-KA203-037145); Capacity Building in higher education: Reinforce entrepreneurial and digital skills of students and teachers to enhance the moder (585353-EPP-1-2017-1-RO-EPPKA2-CBHE-JP)";high;https://erasmus-plus.ec.europa.eu/projects/search/details/2017-1-RO01-KA203-037145
BMA - EAMA ? Executive Agency ?Maritime Administration?;Sofia;Bulgaria;BG;42.6977;23.32174;crossborder_project;TUKE;NELI – 2007 - 2013 South East Europe;high;https://keep.eu/projects/602/
Bulgarian Academy of Science (Bŭlgarska akademiya na naukite);Sofia;Bulgaria;BG;42.6977;23.32174;erasmus_eu;FBERG;"študenti; Erasmus kód BG SOFIA30";high;https://erasmus.tuke.sk/partnerske-institucie-v-eu-a-ehp/
Bulgarian Academy of Science (Bŭlgarska akademiya na naukite);Sofia;Bulgaria;BG;42.6977;23.32174;ceepus;TUKE;CEEPUS BG-1103-11-2627: Modelling, Simulation and Computer-aided Design in Engineering and Management;high;https://www.ceepus.info/nw/1103-2627
Bulgarian Academy of Science (Bŭlgarska akademiya na naukite);Sofia;Bulgaria;BG;42.6977;23.32174;coauthorship;TUKE;19 spoločných publikácií od 2015 (posledná 2023);high;https://openalex.org/works?filter=authorships.institutions.lineage:I183764125,authorships.institutions.lineage:I24768866
Bulgarian Association for People Management;Sofia;Bulgaria;BG;42.6977;23.32174;erasmus_ka2;TUKE;Cooperation partnerships in vocational education and training: Upskilling paths for HR professionals to IMprove AGE management (2024-1-IT01-KA220-VET-000245039);high;https://erasmus-plus.ec.europa.eu/projects/search/details/2024-1-IT01-KA220-VET-000245039
Cerca Trova;Sofia;Bulgaria;BG;42.69786;23.32218;research_project_eu;TUKE;1 spoločných projektov: PROMATAI;high;https://cordis.europa.eu/project/id/101129698
European Center For Quality Ood;Sofia;Bulgaria;BG;42.6217;23.36933;erasmus_ka2;TUKE;"Strategic Partnerships for vocational education and training: Developing Innovative Science Outreach for Vocational Education to Encourage STEM Careers  (2017-1-BG01-KA202-036327); Strategic Partnerships for vocational education and training: Occupational Safety and Risk Control in Construction and Metal Industry Sectors (2016-1-TR01-KA202-034976); Strategic Partnerships for vocational education and training: AuToMa - Automation, Technology transfer and Managerial practices for the growth of SMEs,  (2016-1-IT01-KA202-005599); Strategic Partnerships for vocational education and training: Strategic Partnership for Occupational Safety and Health (2015-1-PL01-KA202-016625)";high;https://erasmus-plus.ec.europa.eu/projects/search/details/2017-1-BG01-KA202-036327
Institute Of Information And Communication Technologies;Sofia;Bulgaria;BG;42.697509765625;23.32415008544922;erasmus_ka2;TUKE;"Cooperation partnerships in vocational education and training: ROBO STEAM ACADEMY (2024-1-BG01-KA220-VET-000256580); Strategic Partnerships for vocational education and training: Network of IcT Robo Clubs (2020-1-BG01-KA202-079200)";high;https://erasmus-plus.ec.europa.eu/projects/search/details/2024-1-BG01-KA220-VET-000256580
Institute Of Information And Communication Technologies;Sofia;Bulgaria;BG;42.697509765625;23.32415008544922;coauthorship;TUKE;5 spoločných publikácií od 2015 (posledná 2021);high;https://openalex.org/works?filter=authorships.institutions.lineage:I183764125,authorships.institutions.lineage:I4210163063
Joint Innovation Centre Of Bas;Sofia;Bulgaria;BG;42.67584;23.3669;erasmus_ka2;TUKE;Centers of Vocational Excellence: INVESTech - Innovation Vocational Excellence in Tech (101143958);high;https://erasmus-plus.ec.europa.eu/projects/search/details/101143958
Klaster Sofia Grad Na Znanieto;Sofia;Bulgaria;BG;42.6977;23.32174;erasmus_ka2;TUKE;Centers of Vocational Excellence: INVESTech - Innovation Vocational Excellence in Tech (101143958);high;https://erasmus-plus.ec.europa.eu/projects/search/details/101143958
Klub Po Upravlenie Na Znaniya, Inovacii I Strategii;Sofia;Bulgaria;BG;42.6713;23.29647;erasmus_ka2;TUKE;Strategic Partnerships for vocational education and training: Return on Investment of Work Based Learning and apprenticeships (2017-1-SK01-KA202-035375);high;https://erasmus-plus.ec.europa.eu/projects/search/details/2017-1-SK01-KA202-035375
National STEM Center;Sofia;Bulgaria;BG;42.6977;23.32174;erasmus_ka2;TUKE;Cooperation partnerships in vocational education and training: ROBO STEAM ACADEMY (2024-1-BG01-KA220-VET-000256580);high;https://erasmus-plus.ec.europa.eu/projects/search/details/2024-1-BG01-KA220-VET-000256580
Natsionalna Agentsia Za Profesionalno Obrazovanie I Obutchenie;Sofia;Bulgaria;BG;42.6733;23.36375;erasmus_ka2;TUKE;Strategic Partnerships for vocational education and training: Tracking Learning and Career Paths of VET graduates, to improve quality of VET provision (2018-1-SK01-KA202-046331);high;https://erasmus-plus.ec.europa.eu/projects/search/details/2018-1-SK01-KA202-046331
New Bulgarian University - Sofia;Sofia;Bulgaria;BG;42.6977;23.32174;ceepus;TUKE;CEEPUS PL-0815-14-2627 (Umbrella): Europe from the Visegrad and Balkan Perspective;high;https://www.ceepus.info/nw/0815-2627
Profesionalna Gimnazia Po Elektrotehnika I Avtomatika;Sofia;Bulgaria;BG;42.6977;23.32174;erasmus_ka2;TUKE;Strategic Partnerships for vocational education and training: Network of IcT Robo Clubs (2020-1-BG01-KA202-079200);high;https://erasmus-plus.ec.europa.eu/projects/search/details/2020-1-BG01-KA202-079200
Technical University Of Sofia;Sofia;Bulgaria;BG;42.69772;23.3226;research_project_eu;TUKE;1 spoločných projektov: INDECT;high;https://cordis.europa.eu/project/id/218086
Technical University Of Sofia;Sofia;Bulgaria;BG;42.69772;23.3226;ceepus;TUKE;"CEEPUS PL-0007-22-2627: Metronet - network for modern measuring and manufacturing technologies; CEEPUS SK-0030-22-2627: Internationalisation and development of joint activities in the field of smart f; CEEPUS PL-0033-22-2627: Development of mechanical engineering (design, technology and production managem; CEEPUS RO-0058-19-2627: DESIGN, IMPLEMENTATION AND USE OF JOINT PROGRAMS ON  ARTIFICIAL INTELIGENCE, QUA; CEEPUS SK-0067-22-2627: Future Skills for Digitalized Production and Education; CEEPUS RS-0507-16-2627: Research, Development and Education in Precision Machining (+9)";high;https://www.ceepus.info/nw/0007-2627
Technical University Of Sofia;Sofia;Bulgaria;BG;42.69772;23.3226;erasmus_ka2;TUKE;"Strategic Partnerships for higher education: Education of Future ICT Experts Based on Smart Society Needs (2019-1-SK01-KA203-060789); Strategic Partnerships for higher education: The ICT Engineer of the 21st Century: Mastering Technical Competencies, Management Skills, (2017-1-HR01-KA203-035408); Strategic Partnerships for higher education: Innovative ICT Solutions for the Societal Challenges (2015-1-HR01-KA203-013124); Centers of Vocational Excellence: INVESTech - Innovation Vocational Excellence in Tech (101143958)";high;https://erasmus-plus.ec.europa.eu/projects/search/details/2019-1-SK01-KA203-060789
Technical University Of Sofia;Sofia;Bulgaria;BG;42.69772;23.3226;coauthorship;TUKE;7 spoločných publikácií od 2015 (posledná 2026);high;https://openalex.org/works?filter=authorships.institutions.lineage:I183764125,authorships.institutions.lineage:I31151848
University of Architecture, Civil Engineering and Geodesy (Universitet Po Architektura Stroitelstvo I Geodezija);Sofia;Bulgaria;BG;42.6977;23.32174;erasmus_eu;SvF;"študenti + zamestnanci; Erasmus kód BG SOFIA04";high;https://erasmus.tuke.sk/partnerske-institucie-v-eu-a-ehp/
University of Architecture, Civil Engineering and Geodesy (Universitet Po Architektura Stroitelstvo I Geodezija);Sofia;Bulgaria;BG;42.6977;23.32174;ceepus;TUKE;CEEPUS HR-1302-09-2627: Research and Education of Environmental Risks;high;https://www.ceepus.info/nw/1302-2627
University of Chemical Technology and Metallurgy;Sofia;Bulgaria;BG;42.6977;23.32174;ceepus;TUKE;"CEEPUS RS-0304-19-2627: Technical Characteristics Researching of Modern Products in Machine Industry wit; CEEPUS RS-0507-16-2627: Research, Development and Education in Precision Machining; CEEPUS BG-0703-15-2627: Modern Trends in Education and Research on Mechanical Systems - Bridging Reliabi";high;https://www.ceepus.info/nw/0304-2627
University of National and World Economy;Sofia;Bulgaria;BG;42.6977;23.32174;ceepus;TUKE;CEEPUS SK-0044-21-2627: Applied Economics and Management;high;https://www.ceepus.info/nw/0044-2627
Vishe Uchilishte Po Telekomunikatsi I Poshti;Sofia;Bulgaria;BG;42.65573;23.34939;erasmus_ka2;TUKE;"Strategic Partnerships for higher education: The ICT Engineer of the 21st Century: Mastering Technical Competencies, Management Skills, (2017-1-HR01-KA203-035408); Strategic Partnerships for higher education: Innovative ICT Solutions for the Societal Challenges (2015-1-HR01-KA203-013124)";high;https://erasmus-plus.ec.europa.eu/projects/search/details/2017-1-HR01-KA203-035408
Българска стопанска камара - съюз на българския бизнес;Sofia;Bulgaria;BG;42.6977;23.32174;crossborder_project;TUKE;DTP1-115-4.1 EDU-LAB – 2014 - 2020 INTERREG VB Danube;high;https://keep.eu/projects/18491/
Български икономически форум;Sofia;Bulgaria;BG;42.6977;23.32174;crossborder_project;TUKE;DTP1-270-4.1 ATTRACTIVE DANUBE – 2014 - 2020 INTERREG VB Danube;high;https://keep.eu/projects/18507/
ИКТ Клъстер;Sofia;Bulgaria;BG;42.6977;23.32174;crossborder_project;TUKE;CI-Hub – 2021 - 2027 Interreg VI-B Danube;high;https://keep.eu/projects/29489/
"Изследователски център ""Регионално и глобално развитие""";Sofia;Bulgaria;BG;42.6977;23.32174;crossborder_project;TUKE;"DTP1-260-1.1; InnoHPC – 2014 - 2020 INTERREG VB Danube; DTP2-076-1.1KnowING IPR – 2014 - 2020 INTERREG VB Danube";high;https://keep.eu/projects/18508/
Институт за изследване на обществата и знанието, БАН;Sofia;Bulgaria;BG;42.6977;23.32174;crossborder_project;TUKE;DTP1-115-4.1 EDU-LAB – 2014 - 2020 INTERREG VB Danube;high;https://keep.eu/projects/18491/
СНЦ „Българска агенция за развитие“;Sofia;Bulgaria;BG;42.6977;23.32174;crossborder_project;TUKE;MEET – 2021 - 2027 Interreg VI-B Danube;high;https://keep.eu/projects/29904/
Сдружение „Изследователски център Регионално и Глобално Развитие“;Sofia;Bulgaria;BG;42.6977;23.32174;crossborder_project;TUKE;Culinary Trail – 2021 - 2027 Interreg VI-B Danube;high;https://keep.eu/projects/29507/
Технически Университет - София;Sofia;Bulgaria;BG;42.6977;23.32174;crossborder_project;TUKE;DTP1-115-4.1 EDU-LAB – 2014 - 2020 INTERREG VB Danube;high;https://keep.eu/projects/18491/
Циит Еоод;Sofia;Bulgaria;BG;42.6977;23.32174;erasmus_ka2;TUKE;Cooperation partnerships in vocational education and training: ROBO STEAM ACADEMY (2024-1-BG01-KA220-VET-000256580);high;https://erasmus-plus.ec.europa.eu/projects/search/details/2024-1-BG01-KA220-VET-000256580
Частен Професионален Колеж Ейч Ар Си Кулинари Академи България“ ООД;Sofia;Bulgaria;BG;42.6977;23.32174;crossborder_project;TUKE;Culinary Trail – 2021 - 2027 Interreg VI-B Danube;high;https://keep.eu/projects/29507/
"Profesionalna Gimnazia Po Elektronika ""John Atanasoff""";Stara Zagora;Bulgaria;BG;42.4233;25.64671;erasmus_ka2;TUKE;Strategic Partnerships for vocational education and training: Developing Innovative Science Outreach for Vocational Education to Encourage STEM Careers  (2017-1-BG01-KA202-036327);high;https://erasmus-plus.ec.europa.eu/projects/search/details/2017-1-BG01-KA202-036327
D. A. Tsenov Academy of Economics;Svishtov;Bulgaria;BG;43.61588;25.35095;erasmus_eu;EkF, FBERG;"študenti + zamestnanci; Erasmus kód BG SVISHTO02";high;https://erasmus.tuke.sk/partnerske-institucie-v-eu-a-ehp/
Dimitar A.Tsenov Academy of Economics;Svishtov;Bulgaria;BG;43.61588;25.35095;ceepus;TUKE;CEEPUS CZ-0911-12-2627: Managerial Processes in International Environment;high;https://www.ceepus.info/nw/0911-2627
Chernorizets Hrabar Varna Free University;Varna;Bulgaria;BG;43.20739;27.91667;ceepus;TUKE;CEEPUS CZ-1503-07-2627 (Umbrella): Development of Computational Thinking;high;https://www.ceepus.info/nw/1503-2627
Medical University “Prof. Dr. Paraskev Stoyanov” – Varna;Varna;Bulgaria;BG;43.20739;27.91667;ceepus;TUKE;CEEPUS PL-1705-05-2627: INTEGRATION Development, education and practical improvement in the field of mul;high;https://www.ceepus.info/nw/1705-2627
Nikola Vaptsarov Naval Academy;Varna;Bulgaria;BG;43.20739;27.91667;erasmus_eu;FEI;"študenti + zamestnanci; Erasmus kód BG VARNA05";high;https://erasmus.tuke.sk/partnerske-institucie-v-eu-a-ehp/
Technical University of Varna;Varna;Bulgaria;BG;43.20739;27.91667;ceepus;TUKE;"CEEPUS PL-0033-22-2627: Development of mechanical engineering (design, technology and production managem; CEEPUS HU-1506-07-2627: Ergonomics and Human Factors Regional Educational CEEPUS Network";high;https://www.ceepus.info/nw/0033-2627
Technical University of Varna;Varna;Bulgaria;BG;43.20739;27.91667;erasmus_ka2;TUKE;Cooperation partnerships in higher education: ErgoDesign – Improving digital skills for Ergonomics and Bioengineering Innovations for in (2021-1-PL01-KA220-HED-000031182);high;https://erasmus-plus.ec.europa.eu/projects/search/details/2021-1-PL01-KA220-HED-000031182
University of Veliko Turnovo St Cyril and St. Methodius;Veliko Tarnovo;Bulgaria;BG;43.08206;25.63213;erasmus_eu;FEI;"študenti + zamestnanci; Erasmus kód BG VELIKO01";high;https://erasmus.tuke.sk/partnerske-institucie-v-eu-a-ehp/
Vasil Levski National Military University;Veliko Tarnovo;Bulgaria;BG;43.08206;25.63213;erasmus_eu;FBERG, FEI, FMMR, FVT, LF, SjF, SvF;"študenti + zamestnanci; Erasmus kód BG VELIKO02";high;https://erasmus.tuke.sk/partnerske-institucie-v-eu-a-ehp/
Община Враца;Vratsa;Bulgaria;BG;43.20282;23.54803;crossborder_project;TUKE;DTP1-115-4.1 EDU-LAB – 2014 - 2020 INTERREG VB Danube;high;https://keep.eu/projects/18491/
"Professional High School of Electrotechnics and electronics ""M.V.Lomonosov""";Горна Оряховица;Bulgaria;BG;43.12228;25.68879;erasmus_ka2;TUKE;Strategic Partnerships for vocational education and training: Network of IcT Robo Clubs (2020-1-BG01-KA202-079200);high;https://erasmus-plus.ec.europa.eu/projects/search/details/2020-1-BG01-KA202-079200
Global Raymac Surveys Inc.;Calgary;Canada;CA;51.04561;-114.05754;industry_partner;FVT;Zmluvná spolupráca na úrovni fakulty;high;https://fvt.tuke.sk/en/international-cooperation
University of New Brunswick;Fredericton;Canada;CA;45.94541;-66.66558;coauthorship;TUKE;5 spoločných publikácií od 2015 (posledná 2021);high;https://openalex.org/works?filter=authorships.institutions.lineage:I183764125,authorships.institutions.lineage:I106938459
NOSM University;Greater Sudbury;Canada;CA;46.50008010864258;-80.99974060058594;coauthorship;TUKE;4 spoločných publikácií od 2015 (posledná 2021);high;https://openalex.org/works?filter=authorships.institutions.lineage:I183764125,authorships.institutions.lineage:I7899908
Western University;London;Canada;CA;42.98339;-81.23304;coauthorship;TUKE;4 spoločných publikácií od 2015 (posledná 2025);high;https://openalex.org/works?filter=authorships.institutions.lineage:I183764125,authorships.institutions.lineage:I125749732
Polytechnique Montréal;Montreal;Canada;CA;45.50884;-73.58781;coauthorship;TUKE;3 spoločných publikácií od 2015 (posledná 2025);high;https://openalex.org/works?filter=authorships.institutions.lineage:I183764125,authorships.institutions.lineage:I45683168
Universite Laval;Quebec;Canada;CA;46.77941;-71.27692;research_project_eu;TUKE;1 spoločných projektov: eGovPoliNet;high;https://cordis.europa.eu/project/id/288136
Universite Laval;Quebec;Canada;CA;46.77941;-71.27692;bilateral_agreement;TUKE;MEMORANDUM OF UNDERSTANDING Memorandum zo dňa 14.06.2023 (2023);high;https://www.crz.gov.sk/zmluva/8316953/
Toronto Metropolitan University;Toronto;Canada;CA;43.70643;-79.39864;coauthorship;TUKE;3 spoločných publikácií od 2015 (posledná 2022);high;https://openalex.org/works?filter=authorships.institutions.lineage:I183764125,authorships.institutions.lineage:I530967
University Of Waterloo;Waterloo;Canada;CA;43.47063;-80.54138;research_project_eu;TUKE;1 spoločných projektov: RETROTRAFO;high;https://cordis.europa.eu/project/id/101182948
Empresa Nacional De Mineria;Santiago;Chile;CL;-33.43745;-70.64699;research_project_eu;TUKE;1 spoločných projektov: MIREU;high;https://cordis.europa.eu/project/id/776811
Universidad Bernardo O'Higgins;Santiago;Chile;CL;-33.46667;-70.65739;research_project_eu;TUKE;1 spoločných projektov: RETROTRAFO;high;https://cordis.europa.eu/project/id/101182948
Universidad De Santiago De Chile;Santiago;Chile;CL;-33.45064;-70.6802;research_project_eu;TUKE;1 spoločných projektov: RETROTRAFO;high;https://cordis.europa.eu/project/id/101182948
Universidad Tecnica Federico Santa Maria;Valparaiso;Chile;CL;-33.03463;-71.59694;research_project_eu;TUKE;1 spoločných projektov: RETROTRAFO;high;https://cordis.europa.eu/project/id/101182948
Beihang University;Beijing;China;CN;39.9075;116.39723;coauthorship;TUKE;6 spoločných publikácií od 2015 (posledná 2023);high;https://openalex.org/works?filter=authorships.institutions.lineage:I183764125,authorships.institutions.lineage:I82880672
Changzhou University;Changzhou;China;CN;31.81226;119.96915;research_cooperation;FMMR;Partner FMMR v zahraničí;high;https://fmmr.tuke.sk/wps/portal/fmmr/spolupraca/partneri-v-zahranici
Chongqing University;Chongqing;China;CN;29.56026;106.55771;coauthorship;TUKE;4 spoločných publikácií od 2015 (posledná 2021);high;https://openalex.org/works?filter=authorships.institutions.lineage:I183764125,authorships.institutions.lineage:I158842170
Dalian University of Technology;Dalian;China;CN;38.9122200012207;121.60221862792969;coauthorship;TUKE;6 spoločných publikácií od 2015 (posledná 2023);high;https://openalex.org/works?filter=authorships.institutions.lineage:I183764125,authorships.institutions.lineage:I27357992
Shunde Polytechnic;Foshan;China;CN;23.026769638061523;113.13147735595703;coauthorship;TUKE;3 spoločných publikácií od 2015 (posledná 2020);high;https://openalex.org/works?filter=authorships.institutions.lineage:I183764125,authorships.institutions.lineage:I4210120302
Northeast Forestry University;Harbin;China;CN;45.75936;126.62762;bilateral_agreement;FVT;Zmluvná spolupráca na úrovni fakulty (Faculty of Transport);high;https://fvt.tuke.sk/en/international-cooperation
Shandong University;Jinan;China;CN;36.66833;116.99722;coauthorship;TUKE;11 spoločných publikácií od 2015 (posledná 2021);high;https://openalex.org/works?filter=authorships.institutions.lineage:I183764125,authorships.institutions.lineage:I154099455
Lanzhou University;Lanzhou;China;CN;36.057010650634766;103.8398666381836;coauthorship;TUKE;3 spoločných publikácií od 2015 (posledná 2020);high;https://openalex.org/works?filter=authorships.institutions.lineage:I183764125,authorships.institutions.lineage:I76214153
Linyi University;Linyi;China;CN;35.06306076049805;118.34278106689453;coauthorship;TUKE;3 spoločných publikácií od 2015 (posledná 2020);high;https://openalex.org/works?filter=authorships.institutions.lineage:I183764125,authorships.institutions.lineage:I15823474
Jiangxi University of Water Resources and Electric Power;Nanchang;China;CN;28.68396;115.85306;coauthorship;TUKE;4 spoločných publikácií od 2015 (posledná 2022);high;https://openalex.org/works?filter=authorships.institutions.lineage:I183764125,authorships.institutions.lineage:I141103825
Qingdao Academy of Intelligent Industries;Qingdao;China;CN;36.08082580566406;120.38402557373047;coauthorship;TUKE;4 spoločných publikácií od 2015 (posledná 2026);high;https://openalex.org/works?filter=authorships.institutions.lineage:I183764125,authorships.institutions.lineage:I4210112270
Qingdao University of Science and Technology;Qingdao;China;CN;36.06488037109375;120.38041687011719;coauthorship;TUKE;9 spoločných publikácií od 2015 (posledná 2026);high;https://openalex.org/works?filter=authorships.institutions.lineage:I183764125,authorships.institutions.lineage:I143413998
Qingdao University of Technology;Qingdao;China;CN;36.06488;120.38042;bilateral_agreement;TUKE;Memorandum of Understanding (2021);high;https://www.crz.gov.sk/zmluva/5826438/
Qingdao University of Technology;Qingdao;China;CN;36.06488;120.38042;bilateral_agreement;FVT;Zmluvná spolupráca na úrovni fakulty (School of Mechanical and Automotive Engineering);high;https://fvt.tuke.sk/en/international-cooperation
Qingdao University of Technology;Qingdao;China;CN;36.06488;120.38042;coauthorship;TUKE;13 spoločných publikácií od 2015 (posledná 2025);high;https://openalex.org/works?filter=authorships.institutions.lineage:I183764125,authorships.institutions.lineage:I44468530
Shandong University of Science and Technology;Qingdao;China;CN;36.06488037109375;120.38041687011719;coauthorship;TUKE;3 spoločných publikácií od 2015 (posledná 2026);high;https://openalex.org/works?filter=authorships.institutions.lineage:I183764125,authorships.institutions.lineage:I80143920
Institute of Geodesy and Geophysics;Wuhan;China;CN;30.58333;114.26667;coauthorship;TUKE;12 spoločných publikácií od 2015 (posledná 2026);high;https://openalex.org/works?filter=authorships.institutions.lineage:I183764125,authorships.institutions.lineage:I4210105990
China University of Mining and Technology;Xuzhou;China;CN;34.20441818237305;117.28385925292969;coauthorship;TUKE;8 spoločných publikácií od 2015 (posledná 2025);high;https://openalex.org/works?filter=authorships.institutions.lineage:I183764125,authorships.institutions.lineage:I25757504
Diveg s.a.s.;Bogotá;Colombia;CO;4.68431;-74.04759;research_project_eu;TUKE;1 spoločných projektov: RETROTRAFO;high;https://cordis.europa.eu/project/id/101182948
Universidad Del Valle;Cali;Colombia;CO;3.37043;-76.53745;research_project_eu;TUKE;1 spoločných projektov: RETROTRAFO;high;https://cordis.europa.eu/project/id/101182948
Celsia Colombia S.A E.S.P;Yumbo;Colombia;CO;3.58347;-76.49522;research_project_eu;TUKE;1 spoločných projektov: RETROTRAFO;high;https://cordis.europa.eu/project/id/101182948
Otočna razvojna agencija d.o.o.;Cres;Croatia;HR;44.96033;14.40789;crossborder_project;TUKE;DECA – 2021 - 2027 Interreg VI-B Danube;high;https://keep.eu/projects/29493/
Croatian Academy of Sciences and Arts;Donji grad;Croatia;HR;45.81312942504883;15.977529525756836;coauthorship;TUKE;4 spoločných publikácií od 2015 (posledná 2024);high;https://openalex.org/works?filter=authorships.institutions.lineage:I183764125,authorships.institutions.lineage:I1301669915
Tehničko Veleučilište u Zagrebu;Donji grad;Croatia;HR;45.81313;15.97753;coauthorship;TUKE;7 spoločných publikácií od 2015 (posledná 2020);high;https://openalex.org/works?filter=authorships.institutions.lineage:I183764125,authorships.institutions.lineage:I4210129203
University of Applied Health Sciences;Donji grad;Croatia;HR;45.81312942504883;15.977529525756836;coauthorship;TUKE;5 spoločných publikácií od 2015 (posledná 2025);high;https://openalex.org/works?filter=authorships.institutions.lineage:I183764125,authorships.institutions.lineage:I4210103466
University of Dubrovnik (Sveučilište u Dubrovniku);Dubrovnik;Croatia;HR;42.6491;18.09395;erasmus_eu;EkF, FBERG, FEI, FMMR, FVT, LF, SjF, SvF;"študenti + zamestnanci; Erasmus kód HR DUBROVN01";high;https://erasmus.tuke.sk/partnerske-institucie-v-eu-a-ehp/
University of Dubrovnik (Sveučilište u Dubrovniku);Dubrovnik;Croatia;HR;42.6491;18.09395;ceepus;TUKE;CEEPUS MK-1301-09-2627: CESEENet - Central, East and South-East European PhD Network in Management and E;high;https://www.ceepus.info/nw/1301-2627
Zavod za obnovu Dubrovnika;Dubrovnik;Croatia;HR;42.6491;18.09395;crossborder_project;TUKE;INACO – 2021 - 2027 Interreg VI-B Central Europe;high;https://keep.eu/projects/29353/
Veleučilište Nikola Tesla u Gospiću;Gospić;Croatia;HR;44.5464;15.37542;crossborder_project;TUKE;Culinary Trail – 2021 - 2027 Interreg VI-B Danube;high;https://keep.eu/projects/29507/
IRI Centar d.o.o.;Kaštel Gomilica;Croatia;HR;43.54854;16.39942;crossborder_project;TUKE;Capacity2Transform – 2021 - 2027 Interreg VI-B Central Europe;high;https://keep.eu/projects/27717/
Institute for Spatial Planning of the Koprivnica-Križevci County;Koprivnica;Croatia;HR;46.16233;16.83079;crossborder_project;TUKE;DTP1-270-4.1 ATTRACTIVE DANUBE – 2014 - 2020 INTERREG VB Danube;high;https://keep.eu/projects/18507/
KLIK, energetska zadruga;Križevci;Croatia;HR;46.02474;16.54578;crossborder_project;TUKE;DECA – 2021 - 2027 Interreg VI-B Danube;high;https://keep.eu/projects/29493/
HIDROING D.O.O. za projektiranje i inzenjering;Osijek;Croatia;HR;45.56167;18.69476;research_project_eu;TUKE;1 spoločných projektov: SWIM;high;https://cordis.europa.eu/project/id/101215230
Josip Juraj Strossmayer University of Osijek;Osijek;Croatia;HR;45.55488;18.69537;erasmus_eu;TUKE;"študenti; Erasmus kód HR OSIJEK01";high;https://erasmus.tuke.sk/partnerske-institucie-v-eu-a-ehp/
Josip Juraj Strossmayer University of Osijek;Osijek;Croatia;HR;45.55488;18.69537;ceepus;TUKE;"CEEPUS HU-0028-20-2627: Active Methods in Teaching and Learning Mathematics, Informatics and their Appli; CEEPUS RS-1011-12-2627: Fostering sustainable partnership between academia and industry in improving app; CEEPUS MK-1301-09-2627: CESEENet - Central, East and South-East European PhD Network in Management and E; CEEPUS HR-1302-09-2627: Research and Education of Environmental Risks; CEEPUS RS-1412-08-2627 (Umbrella): Interdisciplinary approach for enhancing knowledge in supply chain analytics (SC; CEEPUS PL-1909-01-2425: ""Green"" buildings as solutions to achieve sustainable environmental goals (+2)";high;https://www.ceepus.info/nw/0028-2627
Josip Juraj Strossmayer University of Osijek;Osijek;Croatia;HR;45.55488;18.69537;erasmus_ka2;TUKE;Strategic Partnerships for higher education: Education of Future ICT Experts Based on Smart Society Needs (2019-1-SK01-KA203-060789);high;https://erasmus-plus.ec.europa.eu/projects/search/details/2019-1-SK01-KA203-060789
Sveuciliste Josipa Jurja Strossmayera U Osijeku Fakultet Elektrotehnike, Racunarstva I Informacijskih Tehnologija Osijek;Osijek;Croatia;HR;45.55681;18.69531;erasmus_ka2;TUKE;Strategic Partnerships for higher education: The ICT Engineer of the 21st Century: Mastering Technical Competencies, Management Skills, (2017-1-HR01-KA203-035408);high;https://erasmus-plus.ec.europa.eu/projects/search/details/2017-1-HR01-KA203-035408
TERA TEHNOPOLIS d.o.o. za promicanje novih tehnologija, inovacija i poduzetništva;Osijek;Croatia;HR;45.55488;18.69537;crossborder_project;TUKE;IaaS 4 DR – 2021 - 2027 Interreg VI-B Danube;high;https://keep.eu/projects/29484/
Turistička zajednica Osječko-baranjske zupanije;Osijek;Croatia;HR;45.55488;18.69537;crossborder_project;TUKE;#RomansWineDanube – 2021 - 2027 Interreg VI-B Danube;high;https://keep.eu/projects/29476/
University of Osijek;Osijek;Croatia;HR;45.55111;18.69389;coauthorship;TUKE;31 spoločných publikácií od 2015 (posledná 2026);high;https://openalex.org/works?filter=authorships.institutions.lineage:I183764125,authorships.institutions.lineage:I51314090
Javna ustanova Kamenjak;Pula;Croatia;HR;44.87023;13.84553;crossborder_project;TUKE;Central - BIC – 2021 - 2027 Interreg VI-B Central Europe;high;https://keep.eu/projects/29371/
Juraj Dobrila University of Pula (Sveuciliste Jurja Dobrile u Puli);Pula;Croatia;HR;44.87023;13.84553;erasmus_eu;EkF;"zamestnanci; Erasmus kód HR PULA01";high;https://erasmus.tuke.sk/partnerske-institucie-v-eu-a-ehp/
Juraj Dobrila University of Pula (Sveuciliste Jurja Dobrile u Puli);Pula;Croatia;HR;44.87023;13.84553;ceepus;TUKE;"CEEPUS HU-0019-22-2627: International Cooperation in Computer Science; CEEPUS HU-0028-20-2627: Active Methods in Teaching and Learning Mathematics, Informatics and their Appli; CEEPUS RS-0304-19-2627: Technical Characteristics Researching of Modern Products in Machine Industry wit";high;https://www.ceepus.info/nw/0019-2627
Juraj Dobrila University of Pula (Sveuciliste Jurja Dobrile u Puli);Pula;Croatia;HR;44.87023;13.84553;erasmus_ka2;TUKE;Strategic Partnerships for higher education: Promoting Sustainability as a Fundamental Driver in Software Development Training and Educ (2020-1-PT01-KA203-078646);high;https://erasmus-plus.ec.europa.eu/projects/search/details/2020-1-PT01-KA203-078646
Juraj Dobrila University of Pula (Sveuciliste Jurja Dobrile u Puli);Pula;Croatia;HR;44.87023;13.84553;coauthorship;TUKE;13 spoločných publikácií od 2015 (posledná 2026);high;https://openalex.org/works?filter=authorships.institutions.lineage:I183764125,authorships.institutions.lineage:I25607154
Grad Rijeka;Rijeka;Croatia;HR;45.3268;14.44221;crossborder_project;TUKE;URBAN INNO – 2014 - 2020 INTERREG VB Central Europe;high;https://keep.eu/projects/17695/
Polytechnic of Rijeka (Veleučilište u Rijeci);Rijeka;Croatia;HR;45.3268;14.44221;erasmus_eu;EkF;"študenti + zamestnanci; Erasmus kód HR RIJEKA02";high;https://erasmus.tuke.sk/partnerske-institucie-v-eu-a-ehp/
STEP RI Znanstveno-Tehnologijski Park Sveučilišta u Rijeci d.o.o.;Rijeka;Croatia;HR;45.3268;14.44221;crossborder_project;TUKE;SMERF – 2021 - 2027 Interreg VI-B Central Europe;high;https://keep.eu/projects/27760/
Sveuciliste U Rijeci, Filozofski Fakultet U Rijeci;Rijeka;Croatia;HR;45.32779;14.46551;erasmus_ka2;TUKE;Strategic Partnerships for higher education: Produktion fachsprachlicher Online-Lehr- und Lerntools und ihre Nutzung für die Ausbildung (2014-1-SK01-KA203-000470);high;https://erasmus-plus.ec.europa.eu/projects/search/details/2014-1-SK01-KA203-000470
Sveuciliste U Rijeci-Tehnicki Fakultet;Rijeka;Croatia;HR;45.33752;14.42589;erasmus_ka2;TUKE;Strategic Partnerships for higher education: Focusing Education on Composability, Comprehensibility and Correctness of Working Software (2017-1-SK01-KA203-035402);high;https://erasmus-plus.ec.europa.eu/projects/search/details/2017-1-SK01-KA203-035402
Sveučilište u Rijeci - Centar za napredno računanje i modeliranje;Rijeka;Croatia;HR;45.3268;14.44221;crossborder_project;TUKE;"DTP1-260-1.1; InnoHPC – 2014 - 2020 INTERREG VB Danube";high;https://keep.eu/projects/18508/
University of Applied Sciences of Rijeka;Rijeka;Croatia;HR;45.3268;14.44221;ceepus;TUKE;"CEEPUS HU-0028-20-2627: Active Methods in Teaching and Learning Mathematics, Informatics and their Appli; CEEPUS SK-0044-21-2627: Applied Economics and Management; CEEPUS RS-0065-19-2425: Intelligent Automation for Competitive Advantage; CEEPUS BG-1103-11-2627: Modelling, Simulation and Computer-aided Design in Engineering and Management; CEEPUS BA-1402-08-2627 (Umbrella): New teaching technologies and new applications in modernization of teaching at t; CEEPUS RS-1412-08-2627 (Umbrella): Interdisciplinary approach for enhancing knowledge in supply chain analytics (SC";high;https://www.ceepus.info/nw/0028-2627
University of Rijeka (Sveučilište u Rijeci);Rijeka;Croatia;HR;45.3268;14.44221;erasmus_eu;EkF, FBERG, FEI, FMMR, FVT, LF, SjF, SvF;"študenti + zamestnanci; Erasmus kód HR RIJEKA01";high;https://erasmus.tuke.sk/partnerske-institucie-v-eu-a-ehp/
University of Rijeka (Sveučilište u Rijeci);Rijeka;Croatia;HR;45.3268;14.44221;ceepus;TUKE;"CEEPUS RO-0013-22-2627: Teaching and Research of Environment-oriented Technologies in Manufacturing; CEEPUS HU-0019-22-2627: International Cooperation in Computer Science; CEEPUS SK-0030-22-2627: Internationalisation and development of joint activities in the field of smart f; CEEPUS PL-0033-22-2627: Development of mechanical engineering (design, technology and production managem; CEEPUS PL-0701-15-2627: Engineering as Communication Language in Europe; CEEPUS PL-0901-13-2627: Teaching and research in advanced manufacturing (+10)";high;https://www.ceepus.info/nw/0013-2627
University of Rijeka (Sveučilište u Rijeci);Rijeka;Croatia;HR;45.3268;14.44221;erasmus_ka2;TUKE;Strategic Partnerships for higher education: Promoting Sustainability as a Fundamental Driver in Software Development Training and Educ (2020-1-PT01-KA203-078646);high;https://erasmus-plus.ec.europa.eu/projects/search/details/2020-1-PT01-KA203-078646
University of Rijeka (Sveučilište u Rijeci);Rijeka;Croatia;HR;45.3268;14.44221;coauthorship;TUKE;8 spoločných publikácií od 2015 (posledná 2026);high;https://openalex.org/works?filter=authorships.institutions.lineage:I183764125,authorships.institutions.lineage:I154347574
University of Rijeka, Faculty of Engineering;Rijeka;Croatia;HR;45.3268;14.44221;bilateral_agreement;FVT;Zmluvná spolupráca na úrovni fakulty;high;https://fvt.tuke.sk/en/international-cooperation
University of Osijek, Faculty of Mechanical Engineering in Slavonski Brod;Slavonski Brod;Croatia;HR;45.15843;18.01256;bilateral_agreement;FVT;Zmluvná spolupráca na úrovni fakulty;high;https://fvt.tuke.sk/en/international-cooperation
University of Slavonski Brod (Sveučilište u Slavonskom Brodu);Slavonski Brod;Croatia;HR;45.15843;18.01256;erasmus_eu;FBERG, FEI, FMMR, FVT, LF, SjF, SvF;"študenti + zamestnanci; Erasmus kód HR SLAVO01";high;https://erasmus.tuke.sk/partnerske-institucie-v-eu-a-ehp/
University of Slavonski Brod (Sveučilište u Slavonskom Brodu);Slavonski Brod;Croatia;HR;45.15843;18.01256;ceepus;TUKE;"CEEPUS PL-0007-22-2627: Metronet - network for modern measuring and manufacturing technologies; CEEPUS PL-0033-22-2627: Development of mechanical engineering (design, technology and production managem; CEEPUS SK-0044-21-2627: Applied Economics and Management; CEEPUS RO-0058-19-2627: DESIGN, IMPLEMENTATION AND USE OF JOINT PROGRAMS ON  ARTIFICIAL INTELIGENCE, QUA; CEEPUS RS-0065-19-2425: Intelligent Automation for Competitive Advantage; CEEPUS SK-0067-22-2627: Future Skills for Digitalized Production and Education (+13)";high;https://www.ceepus.info/nw/0007-2627
University of Slavonski Brod (Sveučilište u Slavonskom Brodu);Slavonski Brod;Croatia;HR;45.15843;18.01256;bilateral_agreement;TUKE;Scientific cooperation agreement (2021);high;https://www.crz.gov.sk/zmluva/5826426/
University of Slavonski Brod (Sveučilište u Slavonskom Brodu);Slavonski Brod;Croatia;HR;45.15843;18.01256;bilateral_agreement;FVT;Zmluvná spolupráca na úrovni fakulty;high;https://fvt.tuke.sk/en/international-cooperation
University of Slavonski Brod (Sveučilište u Slavonskom Brodu);Slavonski Brod;Croatia;HR;45.15843;18.01256;coauthorship;TUKE;12 spoločných publikácií od 2015 (posledná 2023);high;https://openalex.org/works?filter=authorships.institutions.lineage:I183764125,authorships.institutions.lineage:I4210148273
Javna Ustanova Rera S.D. Za Koordinaciju I Razvoj Splitsko Dalmatinske Županije;Split;Croatia;HR;43.51164;16.43997;crossborder_project;TUKE;REUSE2030 – 2021 - 2027 Interreg VI-B Central Europe;high;https://keep.eu/projects/29370/
Splitsko-dalmatinska županija;Split;Croatia;HR;43.51164;16.43997;crossborder_project;TUKE;MISSION CE CLIMATE – 2021 - 2027 Interreg VI-B Central Europe;high;https://keep.eu/projects/27749/
Sveučilište u Splitu, Ekonomski fakultet;Split;Croatia;HR;43.51164;16.43997;crossborder_project;TUKE;Capacity2Transform – 2021 - 2027 Interreg VI-B Central Europe;high;https://keep.eu/projects/27717/
University of Split ( Sveučilište u Splitu);Split;Croatia;HR;43.51164;16.43997;erasmus_eu;FMMR;"študenti + zamestnanci; Erasmus kód HR SPLIT01";high;https://erasmus.tuke.sk/partnerske-institucie-v-eu-a-ehp/
University of Split ( Sveučilište u Splitu);Split;Croatia;HR;43.51164;16.43997;ceepus;TUKE;"CEEPUS RS-0065-19-2425: Intelligent Automation for Competitive Advantage; CEEPUS RS-0304-19-2627: Technical Characteristics Researching of Modern Products in Machine Industry wit; CEEPUS RS-0507-16-2627: Research, Development and Education in Precision Machining; CEEPUS RS-1012-12-2627: Building Knowledge and Experience Exchange in CFD; CEEPUS BG-1103-11-2627: Modelling, Simulation and Computer-aided Design in Engineering and Management; CEEPUS MK-1301-09-2627: CESEENet - Central, East and South-East European PhD Network in Management and E";high;https://www.ceepus.info/nw/0065-2425
University of Split ( Sveučilište u Splitu);Split;Croatia;HR;43.51164;16.43997;research_cooperation;FMMR;Partner FMMR v zahraničí;high;https://fmmr.tuke.sk/wps/portal/fmmr/spolupraca/partneri-v-zahranici
University of Split ( Sveučilište u Splitu);Split;Croatia;HR;43.51164;16.43997;coauthorship;TUKE;3 spoločných publikácií od 2015 (posledná 2026);high;https://openalex.org/works?filter=authorships.institutions.lineage:I183764125,authorships.institutions.lineage:I92251255
3D Grupa - Klaster 3D Tehnologija;Sveta Nedelja;Croatia;HR;45.79882;15.76127;erasmus_ka2;TUKE;Centers of Vocational Excellence: VET5.0 - Transforming Vocational Education Through Advancing Learner-Centricity, Education (101260541);high;https://erasmus-plus.ec.europa.eu/projects/search/details/101260541
Grad Varaždin;Varazdin;Croatia;HR;46.30796;16.33782;crossborder_project;TUKE;CITYCIRCLE – 2014 - 2020 INTERREG VB Central Europe;high;https://keep.eu/projects/21710/
Razvojna agencija Sjever – DAN d.o.o.;Varazdin;Croatia;HR;46.30796;16.33782;crossborder_project;TUKE;CITYCIRCLE – 2014 - 2020 INTERREG VB Central Europe;high;https://keep.eu/projects/21710/
Hrvatska gospodarska komora – Županijska komora Varaždin;Varaždin;Croatia;HR;46.30796;16.33782;crossborder_project;TUKE;CI-Hub – 2021 - 2027 Interreg VI-B Danube;high;https://keep.eu/projects/29489/
University North;Varaždin;Croatia;HR;46.30796;16.33782;ceepus;TUKE;"CEEPUS BG-1103-11-2627: Modelling, Simulation and Computer-aided Design in Engineering and Management; CEEPUS HR-1302-09-2627: Research and Education of Environmental Risks; CEEPUS PL-1705-05-2627: INTEGRATION Development, education and practical improvement in the field of mul; CEEPUS BA-2103-01-2627: Advanced Power Transmission Systems for Robotics and E-Mobility (APT-RE)";high;https://www.ceepus.info/nw/1103-2627
Srednja Strukovna Skola Velika Gorica;Velika Gorica;Croatia;HR;45.71914;16.07296;erasmus_ka2;TUKE;Centers of Vocational Excellence: VET5.0 - Transforming Vocational Education Through Advancing Learner-Centricity, Education (101260541);high;https://erasmus-plus.ec.europa.eu/projects/search/details/101260541
Sru Odra Velika Gorica;Velika Gorica;Croatia;HR;45.71344;16.07634;research_project_eu;TUKE;1 spoločných projektov: SWIM;high;https://cordis.europa.eu/project/id/101215230
Jadranski Inovacijski Centar;Velika Grorica;Croatia;HR;45.67557;16.0809;research_project_eu;TUKE;1 spoločných projektov: SWIM;high;https://cordis.europa.eu/project/id/101215230
Centar Kompetencija Doo Za Istrazivanje I Razvoj;Vinkovci;Croatia;HR;45.29545;18.79505;research_project_eu;TUKE;1 spoločných projektov: SWIM;high;https://cordis.europa.eu/project/id/101215230
Grad Virovitica;Virovitica;Croatia;HR;45.83424;17.38393;research_project_eu;TUKE;1 spoločných projektov: SWIM;high;https://cordis.europa.eu/project/id/101215230
Javna ustanova Park prirode Papuk;Voćin;Croatia;HR;45.6198;17.54815;crossborder_project;TUKE;Danube GeoTour Plus – 2021 - 2027 Interreg VI-B Danube;high;https://keep.eu/projects/29510/
"College of Applied Sciences ""Lavoslav Ružička"" in Vukovar (Veleučilište ""Lavoslav Ružička"" u Vukovaru)";Vukovar;Croatia;HR;45.34441;19.00238;erasmus_eu;EkF;"študenti + zamestnanci; Erasmus kód HR VUKOVAR01";high;https://erasmus.tuke.sk/partnerske-institucie-v-eu-a-ehp/
Zadarska županija;Zadar;Croatia;HR;44.11686;15.23533;crossborder_project;TUKE;Central - BIC – 2021 - 2027 Interreg VI-B Central Europe;high;https://keep.eu/projects/29371/
Agencija Za Strukovno Obrazovanje Iobrazovanje Odraslih;Zagreb;Croatia;HR;45.79952;15.95724;erasmus_ka2;TUKE;Centers of Vocational Excellence: VET5.0 - Transforming Vocational Education Through Advancing Learner-Centricity, Education (101260541);high;https://erasmus-plus.ec.europa.eu/projects/search/details/101260541
Algebra d.o.o;Zagreb;Croatia;HR;45.8131;15.97728;crossborder_project;TUKE;DTP2-076-1.1KnowING IPR – 2014 - 2020 INTERREG VB Danube;high;https://keep.eu/projects/19519/
Arheološki muzej u Zagrebu;Zagreb;Croatia;HR;45.8131;15.97728;crossborder_project;TUKE;Danube´s Archaeological eLandscapes – 2014 - 2020 INTERREG VB Danube;high;https://keep.eu/projects/25310/
CRUP - Inland Navigation Development Centre Ltd.;Zagreb;Croatia;HR;45.8131;15.97728;crossborder_project;TUKE;NELI – 2007 - 2013 South East Europe;high;https://keep.eu/projects/602/
Catholic University of Croatia;Zagreb;Croatia;HR;45.8131;15.97728;ceepus;TUKE;"CEEPUS PL-0007-22-2627: Metronet - network for modern measuring and manufacturing technologies; CEEPUS RO-0202-20-2627: Enhancing the use of blended e-learning as an internationalization tool in the f";high;https://www.ceepus.info/nw/0007-2627
Energetski institut Hrvoje Požar;Zagreb;Croatia;HR;45.8131;15.97728;crossborder_project;TUKE;MISSION CE CLIMATE – 2021 - 2027 Interreg VI-B Central Europe;high;https://keep.eu/projects/27749/
Ericsson Nikola Tesla d.d.;Zagreb;Croatia;HR;45.8131;15.97728;crossborder_project;TUKE;URBAN INNO – 2014 - 2020 INTERREG VB Central Europe;high;https://keep.eu/projects/17695/
FPZ - Faculty of Transport and Traffic Sciences;Zagreb;Croatia;HR;45.8131;15.97728;crossborder_project;TUKE;NELI – 2007 - 2013 South East Europe;high;https://keep.eu/projects/602/
HGK VZ Hrvatska gospodarska komora;Zagreb;Croatia;HR;45.8131;15.97728;crossborder_project;TUKE;SMART CIRCUIT – 2021 - 2027 Interreg VI-B Central Europe;high;https://keep.eu/projects/27759/
Hrvatske Vode Pravna Osoba Za Upravljanje Vodama;Zagreb;Croatia;HR;45.80006;15.98574;research_project_eu;TUKE;1 spoločných projektov: SWIM;high;https://cordis.europa.eu/project/id/101215230
International Sava River Basin Commission;Zagreb;Croatia;HR;45.80568;15.98497;research_project_eu;TUKE;1 spoločných projektov: SWIM;high;https://cordis.europa.eu/project/id/101215230
Kamgrad d.o.o.;Zagreb;Croatia;HR;45.81025;15.8693;erasmus_ka2;TUKE;Strategic Partnerships for higher education: Construction Safety with Education and Training using Immersive Reality (2019-1-SK01-KA203-060778);high;https://erasmus-plus.ec.europa.eu/projects/search/details/2019-1-SK01-KA203-060778
Medunarodni Centar Za Odrzivi Razvoj Energetike Voda I Okolisa Udruge;Zagreb;Croatia;HR;45.79556;15.97205;research_project_eu;TUKE;1 spoločných projektov: SWIM;high;https://cordis.europa.eu/project/id/101215230
Razvojna agencija Zagreb - TPZ društvo s ograničenim odgovornošću za promicanje regionalnog razvoja;Zagreb;Croatia;HR;45.8131;15.97728;crossborder_project;TUKE;DTP1-006-1.1 CrowdStream – 2014 - 2020 INTERREG VB Danube;high;https://keep.eu/projects/18464/
Sveuciliste U Zagrebu Fakultet Elektrotehnike I Racunarstva;Zagreb;Croatia;HR;45.80069;15.97128;erasmus_ka2;TUKE;"Strategic Partnerships for higher education: The ICT Engineer of the 21st Century: Mastering Technical Competencies, Management Skills, (2017-1-HR01-KA203-035408); Strategic Partnerships for higher education: Innovative ICT Solutions for the Societal Challenges (2015-1-HR01-KA203-013124)";high;https://erasmus-plus.ec.europa.eu/projects/search/details/2017-1-HR01-KA203-035408
Sveuciliste U Zagrebu, Fakultet Strojarstva I Brodogradnje;Zagreb;Croatia;HR;45.79528;15.97138;research_project_eu;TUKE;1 spoločných projektov: SWIM;high;https://cordis.europa.eu/project/id/101215230
Sveuciliste U Zagrebu, Fakultet Strojarstva I Brodogradnje;Zagreb;Croatia;HR;45.79528;15.97138;erasmus_ka2;TUKE;Centers of Vocational Excellence: VET5.0 - Transforming Vocational Education Through Advancing Learner-Centricity, Education (101260541);high;https://erasmus-plus.ec.europa.eu/projects/search/details/101260541
University of Zagreb (Sveučilište u Zagrebu);Zagreb;Croatia;HR;45.8131;15.97728;erasmus_eu;FBERG, FEI, FMMR, FVT, SjF, SvF;"študenti + zamestnanci; Erasmus kód HR ZAGREB01";high;https://erasmus.tuke.sk/partnerske-institucie-v-eu-a-ehp/
University of Zagreb (Sveučilište u Zagrebu);Zagreb;Croatia;HR;45.8131;15.97728;ceepus;TUKE;"CEEPUS HU-0028-20-2627: Active Methods in Teaching and Learning Mathematics, Informatics and their Appli; CEEPUS RS-0038-22-2627: Fundamental and Applied Geological Science and Education to Drive Progress in Ce; CEEPUS SK-0044-21-2627: Applied Economics and Management; CEEPUS RO-0202-20-2627: Enhancing the use of blended e-learning as an internationalization tool in the f; CEEPUS PL-0815-14-2627 (Umbrella): Europe from the Visegrad and Balkan Perspective; CEEPUS CZ-0911-12-2627: Managerial Processes in International Environment (+12)";high;https://www.ceepus.info/nw/0028-2627
University of Zagreb (Sveučilište u Zagrebu);Zagreb;Croatia;HR;45.8131;15.97728;erasmus_ka2;TUKE;"Strategic Partnerships for higher education: Construction Safety with Education and Training using Immersive Reality (2019-1-SK01-KA203-060778); Strategic Partnerships for higher education: Education of Future ICT Experts Based on Smart Society Needs (2019-1-SK01-KA203-060789)";high;https://erasmus-plus.ec.europa.eu/projects/search/details/2019-1-SK01-KA203-060778
University of Zagreb (Sveučilište u Zagrebu);Zagreb;Croatia;HR;45.8131;15.97728;research_cooperation;FMMR;Partner FMMR v zahraničí;high;https://fmmr.tuke.sk/wps/portal/fmmr/spolupraca/partneri-v-zahranici
University of Zagreb (Sveučilište u Zagrebu);Zagreb;Croatia;HR;45.8131;15.97728;coauthorship;TUKE;45 spoločných publikácií od 2015 (posledná 2026);high;https://openalex.org/works?filter=authorships.institutions.lineage:I183764125,authorships.institutions.lineage:I181343428
University of Zagreb, Faculty of Mechanical Engineering and Naval Architecture;Zagreb;Croatia;HR;45.8131;15.97728;bilateral_agreement;FVT;Zmluvná spolupráca na úrovni fakulty;high;https://fvt.tuke.sk/en/international-cooperation
Veleučilište VERN';Zagreb;Croatia;HR;45.8131;15.97728;crossborder_project;TUKE;DTP1-115-4.1 EDU-LAB – 2014 - 2020 INTERREG VB Danube;high;https://keep.eu/projects/18491/
Zagrebacka Zupanija;Zagreb;Croatia;HR;45.79939;15.97326;research_project_eu;TUKE;1 spoločných projektov: SWIM;high;https://cordis.europa.eu/project/id/101215230
Zaklada Znanje na djelu;Zagreb;Croatia;HR;45.8131;15.97728;crossborder_project;TUKE;DTP1-115-4.1 EDU-LAB – 2014 - 2020 INTERREG VB Danube;high;https://keep.eu/projects/18491/
Javna Ustanova Za Upravljanje Zasticenim Dijelovima Prirode I Ekoloskom Mrezom Viroviticko-Podravske Zupanije;Čađavica;Croatia;HR;45.78063;17.82832;research_project_eu;TUKE;1 spoločných projektov: SWIM;high;https://cordis.europa.eu/project/id/101215230
Polytechnic of Šibenik;Šibenik;Croatia;HR;43.73406;15.89448;ceepus;TUKE;CEEPUS PL-0701-15-2627: Engineering as Communication Language in Europe;high;https://www.ceepus.info/nw/0701-2627
Kentro Dia Viou Mathisis Vios Limited;Aglantzia;Cyprus;CY;35.14045;33.37698;erasmus_ka2;TUKE;Strategic Partnerships for higher education: Produktion fachsprachlicher Online-Lehr- und Lerntools und ihre Nutzung für die Ausbildung (2014-1-SK01-KA203-000470);high;https://erasmus-plus.ec.europa.eu/projects/search/details/2014-1-SK01-KA203-000470
Eastern Mediterranean University;Famagusta;Cyprus;CY;35.12489;33.94135;coauthorship;TUKE;11 spoločných publikácií od 2015 (posledná 2026);high;https://openalex.org/works?filter=authorships.institutions.lineage:I183764125,authorships.institutions.lineage:I36515993
Cy.R.I.C Cyprus Research And Innovation Center Ltd;Lefkosia;Cyprus;CY;35.17465;33.36388;erasmus_ka2;TUKE;Centers of Vocational Excellence: INVESTech - Innovation Vocational Excellence in Tech (101143958);high;https://erasmus-plus.ec.europa.eu/projects/search/details/101143958
Cyprus University of Technology (Technologicko Panepistimio Kyprou);Lemesós;Cyprus;CY;34.68529;33.03327;erasmus_eu;FBERG, FEI, FMMR, FVT, SjF, SvF;"študenti + zamestnanci; Erasmus kód CY LIMASSO02";high;https://erasmus.tuke.sk/partnerske-institucie-v-eu-a-ehp/
Cyprus University of Technology (Technologicko Panepistimio Kyprou);Lemesós;Cyprus;CY;34.68529;33.03327;research_project_eu;TUKE;1 spoločných projektov: RIMA;high;https://cordis.europa.eu/project/id/824990
Magnetar Ltd;Limassol;Cyprus;CY;34.68529;33.03327;erasmus_ka2;TUKE;Cooperation partnerships in adult education: Green Transitions: Building the capacity of adult educators to apply Intergenerational Lea (2023-1-SK01-KA220-ADU-000160921);high;https://erasmus-plus.ec.europa.eu/projects/search/details/2023-1-SK01-KA220-ADU-000160921
A&A Emphasys Interactive Solutions Limited;Nicosia;Cyprus;CY;35.17465;33.36388;erasmus_ka2;TUKE;Centers of Vocational Excellence: INVESTech - Innovation Vocational Excellence in Tech (101143958);high;https://erasmus-plus.ec.europa.eu/projects/search/details/101143958
Center For Technology Research Andinnovation (Cetri) Ltd;Nicosia;Cyprus;CY;35.17465;33.36388;erasmus_ka2;TUKE;Cooperation partnerships in higher education: Digital Art Courses in Higher Education Institutions (2021-1-PL01-KA220-HED-000029379);high;https://erasmus-plus.ec.europa.eu/projects/search/details/2021-1-PL01-KA220-HED-000029379
Csi Center For Social Innovation Ltd;Nicosia;Cyprus;CY;35.17465;33.36388;erasmus_ka2;TUKE;Centers of Vocational Excellence: INVESTech - Innovation Vocational Excellence in Tech (101143958);high;https://erasmus-plus.ec.europa.eu/projects/search/details/101143958
Grantxpert Consulting Limited;Nicosia;Cyprus;CY;35.17465;33.36388;erasmus_ka2;TUKE;Strategic Partnerships for vocational education and training: Stimulating And Validating digital Entrepreneurship as the best way to increasing the qual (2019-1-PL01-KA202-065209);high;https://erasmus-plus.ec.europa.eu/projects/search/details/2019-1-PL01-KA202-065209
Intercollege;Nicosia;Cyprus;CY;35.17465;33.36388;erasmus_ka2;TUKE;Strategic Partnerships for vocational education and training: Tracking Learning and Career Paths of VET graduates, to improve quality of VET provision (2018-1-SK01-KA202-046331);high;https://erasmus-plus.ec.europa.eu/projects/search/details/2018-1-SK01-KA202-046331
M.K. Innovations Ltd;Nicosia;Cyprus;CY;35.15752;33.35789;erasmus_ka2;TUKE;Strategic Partnerships for vocational education and training: Return on Investment of Work Based Learning and apprenticeships (2017-1-SK01-KA202-035375);high;https://erasmus-plus.ec.europa.eu/projects/search/details/2017-1-SK01-KA202-035375
Frederick University (Πανεπιστήμιο Frederick);Pallouriotissa Lefkosia;Cyprus;CY;35.17429;33.37975;erasmus_eu;EkF, FBERG, FEI, FU, FVT, SvF, TUKE;"študenti + zamestnanci; Erasmus kód CY NICOSIA23";high;https://erasmus.tuke.sk/partnerske-institucie-v-eu-a-ehp/
Frederick University (Πανεπιστήμιο Frederick);Pallouriotissa Lefkosia;Cyprus;CY;35.17429;33.37975;erasmus_ka2;TUKE;"Centers of Vocational Excellence: INVESTech - Innovation Vocational Excellence in Tech (101143958); Capacity Building in higher education: Establishment of Capacity Building Centers as a sustainable solution to raise the standard (573616-EPP-1-2016-1-PL-EPPKA2-CBHE-JP)";high;https://erasmus-plus.ec.europa.eu/projects/search/details/101143958
Frederick University (Πανεπιστήμιο Frederick);Pallouriotissa Lefkosia;Cyprus;CY;35.17429;33.37975;erasmus_ka2;TUKE;Cooperation partnerships in higher education: M100Academy: Interdisciplinary Training for Climate-Neutral Cities (2025-1-RO01-KA220-HED-000360687);high;https://erasmus-plus.ec.europa.eu/projects/search/details/2025-1-RO01-KA220-HED-000360687
Pro DEEP o.s.;Boskovice;Czechia;CZ;49.4878;16.66016;crossborder_project;TUKE;SPES – 2007 - 2013 Central Europe;high;https://keep.eu/projects/5553/
BizGarden s.r.o.;Brno;Czechia;CZ;49.19224;16.61134;crossborder_project;TUKE;"Capacity2Transform – 2021 - 2027 Interreg VI-B Central Europe; Culinary Trail – 2021 - 2027 Interreg VI-B Danube";high;https://keep.eu/projects/27717/
CDV - Transport Research Centre;Brno;Czechia;CZ;49.19224;16.61134;crossborder_project;TUKE;KASSETTS – 2007 - 2013 Central Europe;high;https://keep.eu/projects/5550/
Central European Institute of Technology;Brno;Czechia;CZ;49.19522;16.60796;coauthorship;TUKE;9 spoločných publikácií od 2015 (posledná 2024);high;https://openalex.org/works?filter=authorships.institutions.lineage:I183764125,authorships.institutions.lineage:I1310815967
Czech Academy of Sciences, Institute of Physics of Materials;Brno;Czechia;CZ;49.195220947265625;16.607959747314453;coauthorship;TUKE;14 spoločných publikácií od 2015 (posledná 2026);high;https://openalex.org/works?filter=authorships.institutions.lineage:I183764125,authorships.institutions.lineage:I4210114611
Masaryk University (Masarykova univerzita);Brno;Czechia;CZ;49.19224;16.61134;erasmus_eu;EkF, FBERG, TUKE;"študenti + zamestnanci; Erasmus kód CZ BRNO05";high;https://erasmus.tuke.sk/partnerske-institucie-v-eu-a-ehp/
Masaryk University (Masarykova univerzita);Brno;Czechia;CZ;49.19224;16.61134;ceepus;TUKE;"CEEPUS HU-0028-20-2627: Active Methods in Teaching and Learning Mathematics, Informatics and their Appli; CEEPUS RS-0038-22-2627: Fundamental and Applied Geological Science and Education to Drive Progress in Ce; CEEPUS PL-0815-14-2627 (Umbrella): Europe from the Visegrad and Balkan Perspective; CEEPUS MK-1301-09-2627: CESEENet - Central, East and South-East European PhD Network in Management and E";high;https://www.ceepus.info/nw/0028-2627
Masaryk University (Masarykova univerzita);Brno;Czechia;CZ;49.19224;16.61134;coauthorship;TUKE;41 spoločných publikácií od 2015 (posledná 2026);high;https://openalex.org/works?filter=authorships.institutions.lineage:I183764125,authorships.institutions.lineage:I21449261
Unis As;Brno;Czechia;CZ;49.21529;16.55797;research_project_eu;TUKE;1 spoločných projektov: ESPOSA;high;https://cordis.europa.eu/project/id/284859
University of Defence (Univerzita obrany);Brno;Czechia;CZ;49.19224;16.61134;erasmus_eu;FEI, SjF, TUKE;"študenti + zamestnanci; Erasmus kód CZ BRNO10";high;https://erasmus.tuke.sk/partnerske-institucie-v-eu-a-ehp/
University of Defence (Univerzita obrany);Brno;Czechia;CZ;49.19224;16.61134;coauthorship;TUKE;11 spoločných publikácií od 2015 (posledná 2025);high;https://openalex.org/works?filter=authorships.institutions.lineage:I183764125,authorships.institutions.lineage:I96415178
Mendel University in Brno (Mendelova univerzita v Brně);Brno Sever;Czechia;CZ;49.23607;16.62593;erasmus_eu;EkF, FBERG, FMMR;"študenti + zamestnanci; Erasmus kód CZ BRNO02";high;https://erasmus.tuke.sk/partnerske-institucie-v-eu-a-ehp/
Mendel University in Brno (Mendelova univerzita v Brně);Brno Sever;Czechia;CZ;49.23607;16.62593;ceepus;TUKE;"CEEPUS SK-0044-21-2627: Applied Economics and Management; CEEPUS BG-1103-11-2627: Modelling, Simulation and Computer-aided Design in Engineering and Management";high;https://www.ceepus.info/nw/0044-2627
Mendel University in Brno (Mendelova univerzita v Brně);Brno Sever;Czechia;CZ;49.23607;16.62593;bilateral_agreement;TUKE;MEMORANDUM OF UNDERSTANDING Memorandum (2023);high;https://www.crz.gov.sk/zmluva/8202219/
Mendel University in Brno (Mendelova univerzita v Brně);Brno Sever;Czechia;CZ;49.23607;16.62593;coauthorship;TUKE;38 spoločných publikácií od 2015 (posledná 2026);high;https://openalex.org/works?filter=authorships.institutions.lineage:I183764125,authorships.institutions.lineage:I56081889
Brno University of Technology (Vysoké učení technické v Brně);Brno Stred;Czechia;CZ;49.18803;16.59485;erasmus_eu;FEI, FU, FVT, SjF, SvF;"študenti + zamestnanci; Erasmus kód CZ BRNO01";high;https://erasmus.tuke.sk/partnerske-institucie-v-eu-a-ehp/
Brno University of Technology (Vysoké učení technické v Brně);Brno Stred;Czechia;CZ;49.18803;16.59485;research_project_eu;TUKE;1 spoločných projektov: ESPOSA;high;https://cordis.europa.eu/project/id/284859
Brno University of Technology (Vysoké učení technické v Brně);Brno Stred;Czechia;CZ;49.18803;16.59485;ceepus;TUKE;"CEEPUS RS-0507-16-2627: Research, Development and Education in Precision Machining; CEEPUS PL-0701-15-2627: Engineering as Communication Language in Europe; CEEPUS BG-0703-15-2627: Modern Trends in Education and Research on Mechanical Systems - Bridging Reliabi; CEEPUS RS-1012-12-2627: Building Knowledge and Experience Exchange in CFD; CEEPUS HR-1302-09-2627: Research and Education of Environmental Risks; CEEPUS RS-1412-08-2627 (Umbrella): Interdisciplinary approach for enhancing knowledge in supply chain analytics (SC (+4)";high;https://www.ceepus.info/nw/0507-2627
Brno University of Technology (Vysoké učení technické v Brně);Brno Stred;Czechia;CZ;49.18803;16.59485;coauthorship;TUKE;88 spoločných publikácií od 2015 (posledná 2026);high;https://openalex.org/works?filter=authorships.institutions.lineage:I183764125,authorships.institutions.lineage:I60587646
Institute of Technology and Business in Ceské Budejovice;Ceske Budejovice;Czechia;CZ;48.97474;14.47429;ceepus;TUKE;"CEEPUS RO-0013-22-2627: Teaching and Research of Environment-oriented Technologies in Manufacturing; CEEPUS PL-0033-22-2627: Development of mechanical engineering (design, technology and production managem; CEEPUS RO-0058-19-2627: DESIGN, IMPLEMENTATION AND USE OF JOINT PROGRAMS ON  ARTIFICIAL INTELIGENCE, QUA; CEEPUS RO-0202-20-2627: Enhancing the use of blended e-learning as an internationalization tool in the f; CEEPUS RS-0304-19-2627: Technical Characteristics Researching of Modern Products in Machine Industry wit; CEEPUS PL-0701-15-2627: Engineering as Communication Language in Europe (+6)";high;https://www.ceepus.info/nw/0013-2627
University of South Bohemia in Ceske Budejovice;Ceske Budejovice;Czechia;CZ;48.97447;14.47434;ceepus;TUKE;"CEEPUS HU-0028-20-2627: Active Methods in Teaching and Learning Mathematics, Informatics and their Appli; CEEPUS SK-0044-21-2627: Applied Economics and Management; CEEPUS PL-0701-15-2627: Engineering as Communication Language in Europe; CEEPUS CZ-1503-07-2627 (Umbrella): Development of Computational Thinking";high;https://www.ceepus.info/nw/0028-2627
University of South Bohemia in Ceske Budejovice;Ceske Budejovice;Czechia;CZ;48.97447;14.47434;coauthorship;TUKE;21 spoločných publikácií od 2015 (posledná 2026);high;https://openalex.org/works?filter=authorships.institutions.lineage:I183764125,authorships.institutions.lineage:I3124161356
Vysoká škola technická a ekonomická v Českých Budějovicích;Ceske Budejovice;Czechia;CZ;48.97474;14.47429;erasmus_eu;FBERG, FEI, FMMR, FVT, LF, SjF, SvF;"študenti + zamestnanci; Erasmus kód CZ CESKE04";high;https://erasmus.tuke.sk/partnerske-institucie-v-eu-a-ehp/
Vodní zdroje Chrudim, spol. s r. o.;Chrudim;Czechia;CZ;49.95115;15.79476;crossborder_project;TUKE;Danube GeoTour Plus – 2021 - 2027 Interreg VI-B Danube;high;https://keep.eu/projects/29510/
University of Hradec Králové (Univerzita Hradec Králové);Hradec Kralove;Czechia;CZ;50.20921;15.83275;erasmus_eu;EkF, FBERG, FEI, FMMR, TUKE;"študenti + zamestnanci; Erasmus kód CZ HRADEC01";high;https://erasmus.tuke.sk/partnerske-institucie-v-eu-a-ehp/
University of Hradec Králové (Univerzita Hradec Králové);Hradec Kralove;Czechia;CZ;50.20921;15.83275;bilateral_agreement;TUKE;Cooperation Agreement Cooperation Agreement zo dňa 19.11.2019 (2019);high;https://www.crz.gov.sk/4336226/
University of Hradec Králové (Univerzita Hradec Králové);Hradec Kralove;Czechia;CZ;50.20921;15.83275;erasmus_ka2;TUKE;Strategic Partnerships for higher education: Technology Transfer Together (2020-1-CZ01-KA203-078313);high;https://erasmus-plus.ec.europa.eu/projects/search/details/2020-1-CZ01-KA203-078313
University of Hradec Králové (Univerzita Hradec Králové);Hradec Kralove;Czechia;CZ;50.20921;15.83275;coauthorship;TUKE;33 spoločných publikácií od 2015 (posledná 2024);high;https://openalex.org/works?filter=authorships.institutions.lineage:I183764125,authorships.institutions.lineage:I75092371
Krajské inovační centrum Karlovarského kraje, příspěvková organizace;Karlovy Vary;Czechia;CZ;50.23062;12.87014;crossborder_project;TUKE;"IaaS 4 DR – 2021 - 2027 Interreg VI-B Danube; CI-Hub – 2021 - 2027 Interreg VI-B Danube";high;https://keep.eu/projects/29484/
Evektor Sro;Kunovice;Czechia;CZ;49.03409;17.4566;research_project_eu;TUKE;1 spoločných projektov: ESPOSA;high;https://cordis.europa.eu/project/id/284859
Intemac Solutions s.r.o.;Kuřim;Czechia;CZ;49.29879;16.5314;crossborder_project;TUKE;SMART CIRCUIT – 2021 - 2027 Interreg VI-B Central Europe;high;https://keep.eu/projects/27759/
DEX Innovation centre z.s.;Liberec;Czechia;CZ;50.77026;15.05839;crossborder_project;TUKE;"DTP2-021-1.2 InnoSchool – 2014 - 2020 INTERREG VB Danube; REUSE2030 – 2021 - 2027 Interreg VI-B Central Europe; MEET – 2021 - 2027 Interreg VI-B Danube";high;https://keep.eu/projects/19502/
Technical University of Liberec (Technická univerzita v Liberci);Liberec;Czechia;CZ;50.77026;15.05839;erasmus_eu;FBERG, FEI, FMMR, FU, FVT, SjF, SvF, TUKE;"študenti + zamestnanci; Erasmus kód CZ LIBEREC01";high;https://erasmus.tuke.sk/partnerske-institucie-v-eu-a-ehp/
Technical University of Liberec (Technická univerzita v Liberci);Liberec;Czechia;CZ;50.77026;15.05839;ceepus;TUKE;"CEEPUS RO-0013-22-2627: Teaching and Research of Environment-oriented Technologies in Manufacturing; CEEPUS RO-0058-19-2627: DESIGN, IMPLEMENTATION AND USE OF JOINT PROGRAMS ON  ARTIFICIAL INTELIGENCE, QUA; CEEPUS RS-0304-19-2627: Technical Characteristics Researching of Modern Products in Machine Industry wit; CEEPUS PL-0701-15-2627: Engineering as Communication Language in Europe; CEEPUS RS-1012-12-2627: Building Knowledge and Experience Exchange in CFD; CEEPUS RS-1813-04-2627 (Umbrella): Metrology, quality and environmental aspects in Industry 4.0";high;https://www.ceepus.info/nw/0013-2627
Technical University of Liberec (Technická univerzita v Liberci);Liberec;Czechia;CZ;50.77026;15.05839;coauthorship;TUKE;41 spoločných publikácií od 2015 (posledná 2025);high;https://openalex.org/works?filter=authorships.institutions.lineage:I183764125,authorships.institutions.lineage:I147009085
ŠKODA AUTO University (ŠKODA AUTO Vysoká škola);Mlada Boleslav;Czechia;CZ;50.41162;14.90313;erasmus_eu;FBERG, FEI, FMMR, FVT, SjF, SvF;"študenti + zamestnanci; Erasmus kód CZ MLADA01";high;https://erasmus.tuke.sk/partnerske-institucie-v-eu-a-ehp/
ŠKODA AUTO University (ŠKODA AUTO Vysoká škola);Mlada Boleslav;Czechia;CZ;50.41162;14.90313;ceepus;TUKE;CEEPUS PL-2113-01-2627: Excellence in Logistics and Production Management;high;https://www.ceepus.info/nw/2113-2627
ŠKODA AUTO University (ŠKODA AUTO Vysoká škola);Mlada Boleslav;Czechia;CZ;50.41162;14.90313;bilateral_agreement;FBERG;Agreement on mutual cooperation (2018);high;https://www.crz.gov.sk/3745748/
ŠKODA AUTO University (ŠKODA AUTO Vysoká škola);Mlada Boleslav;Czechia;CZ;50.41162;14.90313;coauthorship;TUKE;6 spoločných publikácií od 2015 (posledná 2026);high;https://openalex.org/works?filter=authorships.institutions.lineage:I183764125,authorships.institutions.lineage:I44930506
Okresní hospodářská komora Most;Most;Czechia;CZ;50.50327;13.63611;crossborder_project;TUKE;IDEA – 2007 - 2013 Central Europe;high;https://keep.eu/projects/5489/
Palacký University Olomouc (Univerzita Palackého v Olomouci);Olomouc;Czechia;CZ;49.59406;17.25114;erasmus_eu;FEI, TUKE;"študenti + zamestnanci; Erasmus kód CZ OLOMOUC01";high;https://erasmus.tuke.sk/partnerske-institucie-v-eu-a-ehp/
Palacký University Olomouc (Univerzita Palackého v Olomouci);Olomouc;Czechia;CZ;49.59406;17.25114;ceepus;TUKE;"CEEPUS RO-0013-22-2627: Teaching and Research of Environment-oriented Technologies in Manufacturing; CEEPUS HU-0019-22-2627: International Cooperation in Computer Science; CEEPUS HU-0028-20-2627: Active Methods in Teaching and Learning Mathematics, Informatics and their Appli; CEEPUS BG-1103-11-2627: Modelling, Simulation and Computer-aided Design in Engineering and Management; CEEPUS CZ-1503-07-2627 (Umbrella): Development of Computational Thinking";high;https://www.ceepus.info/nw/0013-2627
Palacký University Olomouc (Univerzita Palackého v Olomouci);Olomouc;Czechia;CZ;49.59406;17.25114;coauthorship;TUKE;35 spoločných publikácií od 2015 (posledná 2026);high;https://openalex.org/works?filter=authorships.institutions.lineage:I183764125,authorships.institutions.lineage:I70703428
Regional Centre of Advanced Technologies and Materials;Olomouc;Czechia;CZ;49.57490921020508;17.28278923034668;coauthorship;TUKE;6 spoločných publikácií od 2015 (posledná 2025);high;https://openalex.org/works?filter=authorships.institutions.lineage:I183764125,authorships.institutions.lineage:I4210120619
Silesian University in Opava;Opava;Czechia;CZ;49.93866;17.90257;coauthorship;TUKE;3 spoločných publikácií od 2015 (posledná 2020);high;https://openalex.org/works?filter=authorships.institutions.lineage:I183764125,authorships.institutions.lineage:I32366509
Czech Academy of Sciences, Institute of Geonics;Ostrava;Czechia;CZ;49.83464813232422;18.282039642333984;coauthorship;TUKE;67 spoločných publikácií od 2015 (posledná 2026);high;https://openalex.org/works?filter=authorships.institutions.lineage:I183764125,authorships.institutions.lineage:I4210112637
Institute of Geonics of the Czech Academy of Sciences;Ostrava;Czechia;CZ;49.8354;18.29298;research_cooperation;FVT;Zmluvná spolupráca na úrovni fakulty;high;https://fvt.tuke.sk/en/international-cooperation
Ostravska Univerzita;Ostrava;Czechia;CZ;49.8354;18.29298;erasmus_eu;TUKE;"Erasmus+ mobilita (nominácie); Erasmus kód CZ OSTRAVA02";medium;https://erasmus.tuke.sk/vyzvy-na-studentsku-mobilitu/
Physical Technical Testing Institute;Ostrava;Czechia;CZ;49.82871627807617;18.34115982055664;coauthorship;TUKE;4 spoločných publikácií od 2015 (posledná 2026);high;https://openalex.org/works?filter=authorships.institutions.lineage:I183764125,authorships.institutions.lineage:I4210139277
Vitkovice - Research and Development (Czechia);Ostrava;Czechia;CZ;49.82072067260742;18.264278411865234;coauthorship;TUKE;3 spoločných publikácií od 2015 (posledná 2025);high;https://openalex.org/works?filter=authorships.institutions.lineage:I183764125,authorships.institutions.lineage:I4210100162
University of Ostrava;Ostrava 1;Czechia;CZ;49.83464813232422;18.282039642333984;ceepus;TUKE;CEEPUS HU-0028-20-2627: Active Methods in Teaching and Learning Mathematics, Informatics and their Appli;high;https://www.ceepus.info/nw/0028-2627
University of Ostrava;Ostrava 1;Czechia;CZ;49.83464813232422;18.282039642333984;coauthorship;TUKE;13 spoločných publikácií od 2015 (posledná 2026);high;https://openalex.org/works?filter=authorships.institutions.lineage:I183764125,authorships.institutions.lineage:I187293425
Technical University of Ostrava – VSB (Vysoká škola báňská – Technická univerzita Ostrava);Ostrava Poruba;Czechia;CZ;49.81241;18.1513;erasmus_eu;EkF, FBERG, FEI, FMMR, FVT, SjF, SvF, TUKE;"študenti + zamestnanci; Erasmus kód CZ OSTRAVA01";high;https://erasmus.tuke.sk/partnerske-institucie-v-eu-a-ehp/
Technical University of Ostrava – VSB (Vysoká škola báňská – Technická univerzita Ostrava);Ostrava Poruba;Czechia;CZ;49.81241;18.1513;research_project_eu;TUKE;2 spoločných projektov: INDECT, INTEG-RISK;high;https://cordis.europa.eu/project/id/218086
Technical University of Ostrava – VSB (Vysoká škola báňská – Technická univerzita Ostrava);Ostrava Poruba;Czechia;CZ;49.81241;18.1513;ceepus;TUKE;"CEEPUS PL-0007-22-2627: Metronet - network for modern measuring and manufacturing technologies; CEEPUS RO-0013-22-2627: Teaching and Research of Environment-oriented Technologies in Manufacturing; CEEPUS SK-0030-22-2627: Internationalisation and development of joint activities in the field of smart f; CEEPUS PL-0033-22-2627: Development of mechanical engineering (design, technology and production managem; CEEPUS RO-0058-19-2627: DESIGN, IMPLEMENTATION AND USE OF JOINT PROGRAMS ON  ARTIFICIAL INTELIGENCE, QUA; CEEPUS SK-0067-22-2627: Future Skills for Digitalized Production and Education (+7)";high;https://www.ceepus.info/nw/0007-2627
Technical University of Ostrava – VSB (Vysoká škola báňská – Technická univerzita Ostrava);Ostrava Poruba;Czechia;CZ;49.81241;18.1513;erasmus_ka2;TUKE;"Partnerships for Digital Education Readiness: Digital Area for Networking Teachers and Educators (2020-1-CZ01-KA226-HE-094368); Cooperation partnerships in higher education: Reflecting Economics And Climate Change in Teaching (2023-1-IS01-KA220-HED-000159052); Strategic Partnerships for school education: Network for Inter-Institutional Cooperation in Entrepreneurial Education (2020-1-CZ01-KA201-078488)";high;https://erasmus-plus.ec.europa.eu/projects/search/details/2020-1-CZ01-KA226-HE-094368
Technical University of Ostrava – VSB (Vysoká škola báňská – Technická univerzita Ostrava);Ostrava Poruba;Czechia;CZ;49.81241;18.1513;research_cooperation;FMMR;Partner FMMR v zahraničí (Fakulta materiálově-technologická);high;https://fmmr.tuke.sk/wps/portal/fmmr/spolupraca/partneri-v-zahranici
Technical University of Ostrava – VSB (Vysoká škola báňská – Technická univerzita Ostrava);Ostrava Poruba;Czechia;CZ;49.81241;18.1513;bilateral_agreement;FVT;Zmluvná spolupráca na úrovni fakulty (HGF, FS);high;https://fvt.tuke.sk/en/international-cooperation
Technical University of Ostrava – VSB (Vysoká škola báňská – Technická univerzita Ostrava);Ostrava Poruba;Czechia;CZ;49.81241;18.1513;coauthorship;TUKE;320 spoločných publikácií od 2015 (posledná 2026);high;https://openalex.org/works?filter=authorships.institutions.lineage:I183764125,authorships.institutions.lineage:I142208455
IT4Innovations národní superpočítačové centrum, VŠB-Technická univerzita Ostrava;Ostrava-Poruba;Czechia;CZ;49.81241;18.1513;crossborder_project;TUKE;"DTP1-260-1.1; InnoHPC – 2014 - 2020 INTERREG VB Danube";high;https://keep.eu/projects/18508/
University of Pardubice(Univerzita Pardubice);Pardubice;Czechia;CZ;50.03858;15.77914;erasmus_eu;EkF, FBERG, FEI, FMMR, FVT, LF, SjF, SvF;"študenti + zamestnanci; Erasmus kód CZ PARDUB01";high;https://erasmus.tuke.sk/partnerske-institucie-v-eu-a-ehp/
University of Pardubice(Univerzita Pardubice);Pardubice;Czechia;CZ;50.03858;15.77914;ceepus;TUKE;"CEEPUS RS-1011-12-2627: Fostering sustainable partnership between academia and industry in improving app; CEEPUS RS-1412-08-2627 (Umbrella): Interdisciplinary approach for enhancing knowledge in supply chain analytics (SC";high;https://www.ceepus.info/nw/1011-2627
University of Pardubice(Univerzita Pardubice);Pardubice;Czechia;CZ;50.03858;15.77914;crossborder_project;TUKE;FLAVIA – 2007 - 2013 Central Europe;high;https://keep.eu/projects/5488/
University of Pardubice(Univerzita Pardubice);Pardubice;Czechia;CZ;50.03858;15.77914;research_cooperation;FMMR;Partner FMMR v zahraničí (Fakulta chemicko-technologická);high;https://fmmr.tuke.sk/wps/portal/fmmr/spolupraca/partneri-v-zahranici
University of Pardubice(Univerzita Pardubice);Pardubice;Czechia;CZ;50.03858;15.77914;coauthorship;TUKE;25 spoločných publikácií od 2015 (posledná 2026);high;https://openalex.org/works?filter=authorships.institutions.lineage:I183764125,authorships.institutions.lineage:I140744787
University of West Bohemia (Západočeská univerzita v Plzni);Pilsen;Czechia;CZ;49.74774;13.37752;erasmus_eu;FEI, FU, SjF;"študenti; Erasmus kód CZ PLZEN01";high;https://erasmus.tuke.sk/partnerske-institucie-v-eu-a-ehp/
University of West Bohemia (Západočeská univerzita v Plzni);Pilsen;Czechia;CZ;49.74774;13.37752;research_project_eu;TUKE;1 spoločných projektov: RETROTRAFO;high;https://cordis.europa.eu/project/id/101182948
University of West Bohemia (Západočeská univerzita v Plzni);Pilsen;Czechia;CZ;49.74774;13.37752;ceepus;TUKE;"CEEPUS PL-0033-22-2627: Development of mechanical engineering (design, technology and production managem; CEEPUS RO-0058-19-2627: DESIGN, IMPLEMENTATION AND USE OF JOINT PROGRAMS ON  ARTIFICIAL INTELIGENCE, QUA; CEEPUS RO-0202-20-2627: Enhancing the use of blended e-learning as an internationalization tool in the f; CEEPUS RS-0507-16-2627: Research, Development and Education in Precision Machining; CEEPUS PL-0815-14-2627 (Umbrella): Europe from the Visegrad and Balkan Perspective; CEEPUS PL-1705-05-2627: INTEGRATION Development, education and practical improvement in the field of mul (+1)";high;https://www.ceepus.info/nw/0033-2627
University of West Bohemia (Západočeská univerzita v Plzni);Pilsen;Czechia;CZ;49.74774;13.37752;erasmus_ka2;TUKE;Small-scale partnerships in youth: BezTíže - Adaptační a integrační aktivity (2022-2-CZ01-KA210-YOU-000091202);high;https://erasmus-plus.ec.europa.eu/projects/search/details/2022-2-CZ01-KA210-YOU-000091202
University of West Bohemia (Západočeská univerzita v Plzni);Pilsen;Czechia;CZ;49.74774;13.37752;crossborder_project;TUKE;DTP2-076-1.1KnowING IPR – 2014 - 2020 INTERREG VB Danube;high;https://keep.eu/projects/19519/
University of West Bohemia in Pilsen;Pilsen;Czechia;CZ;49.74747;13.37759;coauthorship;TUKE;73 spoločných publikácií od 2015 (posledná 2026);high;https://openalex.org/works?filter=authorships.institutions.lineage:I183764125,authorships.institutions.lineage:I92715842
Metcenas Ops;Plzen;Czechia;CZ;49.76902;13.35459;research_project_eu;TUKE;1 spoločných projektov: SWIM;high;https://cordis.europa.eu/project/id/101215230
Center for Economic Research and Graduate Education – Economics Institute;Prague;Czechia;CZ;50.08804;14.42076;coauthorship;TUKE;9 spoločných publikácií od 2015 (posledná 2023);high;https://openalex.org/works?filter=authorships.institutions.lineage:I183764125,authorships.institutions.lineage:I151321946
Czech Academy of Sciences;Prague;Czechia;CZ;50.08804;14.42076;coauthorship;TUKE;16 spoločných publikácií od 2015 (posledná 2026);high;https://openalex.org/works?filter=authorships.institutions.lineage:I183764125,authorships.institutions.lineage:I202391551
Czech Academy of Sciences, Economics Institute;Prague;Czechia;CZ;50.08804;14.42076;coauthorship;TUKE;4 spoločných publikácií od 2015 (posledná 2021);high;https://openalex.org/works?filter=authorships.institutions.lineage:I183764125,authorships.institutions.lineage:I4210121259
Czech Academy of Sciences, Institute of Sociology;Prague;Czechia;CZ;50.08804;14.42076;coauthorship;TUKE;10 spoločných publikácií od 2015 (posledná 2025);high;https://openalex.org/works?filter=authorships.institutions.lineage:I183764125,authorships.institutions.lineage:I4210100529
Czech Academy of Sciences, Institute of Thermomechanics;Prague;Czechia;CZ;50.08803939819336;14.420760154724121;coauthorship;TUKE;4 spoločných publikácií od 2015 (posledná 2023);high;https://openalex.org/works?filter=authorships.institutions.lineage:I183764125,authorships.institutions.lineage:I4210132192
FZU ‒ Institute of Physics of the Academy of Sciences of the Czech Republic;Prague;Czechia;CZ;50.08804;14.42076;coauthorship;TUKE;32 spoločných publikácií od 2015 (posledná 2026);high;https://openalex.org/works?filter=authorships.institutions.lineage:I183764125,authorships.institutions.lineage:I4210122644
Research Centre Rez;Prague;Czechia;CZ;50.08804;14.42076;coauthorship;TUKE;7 spoločných publikácií od 2015 (posledná 2025);high;https://openalex.org/works?filter=authorships.institutions.lineage:I183764125,authorships.institutions.lineage:I4210131881
T. G. Masaryk Water Research Institute;Prague;Czechia;CZ;50.08803939819336;14.420760154724121;coauthorship;TUKE;5 spoločných publikácií od 2015 (posledná 2024);high;https://openalex.org/works?filter=authorships.institutions.lineage:I183764125,authorships.institutions.lineage:I4210153166
University of Business in Prague;Prague;Czechia;CZ;50.08803939819336;14.420760154724121;coauthorship;TUKE;3 spoločných publikácií od 2015 (posledná 2022);high;https://openalex.org/works?filter=authorships.institutions.lineage:I183764125,authorships.institutions.lineage:I2801355324
University of International and Public Relations Prague;Prague;Czechia;CZ;50.08803939819336;14.420760154724121;coauthorship;TUKE;3 spoločných publikácií od 2015 (posledná 2020);high;https://openalex.org/works?filter=authorships.institutions.lineage:I183764125,authorships.institutions.lineage:I4210165702
Česky institut informatiky, robotiky a kybernetiky Českého vysokého učení technického v Praze;Prague 06 Prague;Czechia;CZ;49.99867;14.35343;crossborder_project;TUKE;DigiCare4CE – 2021 - 2027 Interreg VI-B Central Europe;high;https://keep.eu/projects/27727/
Academy of Fine Arts, Prague (Akademie výtvarných umění v Praze);Praha;Czechia;CZ;50.08747;14.42125;erasmus_eu;FU;"študenti + zamestnanci; Erasmus kód CZ PRAHA03";high;https://erasmus.tuke.sk/partnerske-institucie-v-eu-a-ehp/
Borra Sro;Praha;Czechia;CZ;50.08747;14.42125;research_project_eu;TUKE;1 spoločných projektov: NEWEX;high;https://cordis.europa.eu/project/id/734205
Ceske Centrum pro Vedu a Spolecnost;Praha;Czechia;CZ;50.08747;14.42125;crossborder_project;TUKE;CentraLab – 2007 - 2013 Central Europe;high;https://keep.eu/projects/5543/
Czech Technical University in Prague (České vysoké učení technické v Praze);Praha;Czechia;CZ;50.08747;14.42125;erasmus_eu;FBERG, FU, LF, SjF, SvF;"študenti + zamestnanci; Erasmus kód CZ PRAHA10";high;https://erasmus.tuke.sk/partnerske-institucie-v-eu-a-ehp/
Czech Technical University in Prague (České vysoké učení technické v Praze);Praha;Czechia;CZ;50.08747;14.42125;ceepus;TUKE;"CEEPUS PL-0007-22-2627: Metronet - network for modern measuring and manufacturing technologies; CEEPUS HU-0028-20-2627: Active Methods in Teaching and Learning Mathematics, Informatics and their Appli; CEEPUS SK-0030-22-2627: Internationalisation and development of joint activities in the field of smart f; CEEPUS RO-0058-19-2627: DESIGN, IMPLEMENTATION AND USE OF JOINT PROGRAMS ON  ARTIFICIAL INTELIGENCE, QUA; CEEPUS SK-0067-22-2627: Future Skills for Digitalized Production and Education; CEEPUS RS-0304-19-2627: Technical Characteristics Researching of Modern Products in Machine Industry wit (+3)";high;https://www.ceepus.info/nw/0007-2627
Czech Technical University in Prague (České vysoké učení technické v Praze);Praha;Czechia;CZ;50.08747;14.42125;crossborder_project;TUKE;SPES – 2007 - 2013 Central Europe;high;https://keep.eu/projects/5553/
Czech Technical University in Prague (České vysoké učení technické v Praze);Praha;Czechia;CZ;50.08747;14.42125;research_cooperation;FMMR;Partner FMMR v zahraničí;high;https://fmmr.tuke.sk/wps/portal/fmmr/spolupraca/partneri-v-zahranici
Czech Technical University in Prague (České vysoké učení technické v Praze);Praha;Czechia;CZ;50.08747;14.42125;coauthorship;TUKE;131 spoločných publikácií od 2015 (posledná 2026);high;https://openalex.org/works?filter=authorships.institutions.lineage:I183764125,authorships.institutions.lineage:I44504214
Czech University of Life Sciences Prague (Česká zemědělská univerzita v Praze);Praha;Czechia;CZ;50.08747;14.42125;erasmus_eu;EkF, FBERG, FVT;"študenti; Erasmus kód CZ PRAHA02";high;https://erasmus.tuke.sk/partnerske-institucie-v-eu-a-ehp/
Czech University of Life Sciences Prague (Česká zemědělská univerzita v Praze);Praha;Czechia;CZ;50.08747;14.42125;research_project_eu;TUKE;1 spoločných projektov: SWIM;high;https://cordis.europa.eu/project/id/101215230
Czech University of Life Sciences Prague (Česká zemědělská univerzita v Praze);Praha;Czechia;CZ;50.08747;14.42125;ceepus;TUKE;"CEEPUS RO-0013-22-2627: Teaching and Research of Environment-oriented Technologies in Manufacturing; CEEPUS SK-0044-21-2627: Applied Economics and Management; CEEPUS PL-0701-15-2627: Engineering as Communication Language in Europe; CEEPUS CZ-0911-12-2627: Managerial Processes in International Environment; CEEPUS BG-1103-11-2627: Modelling, Simulation and Computer-aided Design in Engineering and Management; CEEPUS RS-1813-04-2627 (Umbrella): Metrology, quality and environmental aspects in Industry 4.0";high;https://www.ceepus.info/nw/0013-2627
Czech University of Life Sciences Prague (Česká zemědělská univerzita v Praze);Praha;Czechia;CZ;50.08747;14.42125;coauthorship;TUKE;40 spoločných publikácií od 2015 (posledná 2026);high;https://openalex.org/works?filter=authorships.institutions.lineage:I183764125,authorships.institutions.lineage:I205984670
Goodai Research Sro;Praha;Czechia;CZ;50.09436;14.44499;research_project_eu;TUKE;1 spoločných projektov: AI4EU;high;https://cordis.europa.eu/project/id/825619
Honeywell International Sro;Praha;Czechia;CZ;50.02735;14.49597;research_project_eu;TUKE;1 spoločných projektov: ESPOSA;high;https://cordis.europa.eu/project/id/284859
Prague University of Economics and Business (Vysoká škola ekonomická v Praze);Praha;Czechia;CZ;50.08747;14.42125;erasmus_eu;FEI;"študenti + zamestnanci; Erasmus kód CZ PRAHA09";high;https://erasmus.tuke.sk/partnerske-institucie-v-eu-a-ehp/
Prague University of Economics and Business (Vysoká škola ekonomická v Praze);Praha;Czechia;CZ;50.08747;14.42125;ceepus;TUKE;CEEPUS MK-1301-09-2627: CESEENet - Central, East and South-East European PhD Network in Management and E;high;https://www.ceepus.info/nw/1301-2627
Prague University of Economics and Business (Vysoká škola ekonomická v Praze);Praha;Czechia;CZ;50.08747;14.42125;coauthorship;TUKE;23 spoločných publikácií od 2015 (posledná 2026);high;https://openalex.org/works?filter=authorships.institutions.lineage:I183764125,authorships.institutions.lineage:I35913352
University of Chemistry and Technology, Prague (Vysoká škola chemicko-technologická v Praze);Praha;Czechia;CZ;50.08747;14.42125;erasmus_eu;EkF, FBERG, FEI, FMMR, FVT, SjF, SvF;"študenti + zamestnanci; Erasmus kód CZ PRAHA01";high;https://erasmus.tuke.sk/partnerske-institucie-v-eu-a-ehp/
University of Chemistry and Technology, Prague (Vysoká škola chemicko-technologická v Praze);Praha;Czechia;CZ;50.08747;14.42125;research_cooperation;FMMR;Partner FMMR v zahraničí;high;https://fmmr.tuke.sk/wps/portal/fmmr/spolupraca/partneri-v-zahranici
University of Chemistry and Technology, Prague (Vysoká škola chemicko-technologická v Praze);Praha;Czechia;CZ;50.08747;14.42125;coauthorship;TUKE;8 spoločných publikácií od 2015 (posledná 2026);high;https://openalex.org/works?filter=authorships.institutions.lineage:I183764125,authorships.institutions.lineage:I9073902
Univerzita Karlova (Charles University);Praha;Czechia;CZ;50.08747;14.42125;erasmus_eu;SjF;"zamestnanci; Erasmus kód CZ PRAHA07";high;https://erasmus.tuke.sk/partnerske-institucie-v-eu-a-ehp/
Univerzita Karlova (Charles University);Praha;Czechia;CZ;50.08747;14.42125;ceepus;TUKE;"CEEPUS HU-0028-20-2627: Active Methods in Teaching and Learning Mathematics, Informatics and their Appli; CEEPUS MK-1301-09-2627: CESEENet - Central, East and South-East European PhD Network in Management and E";high;https://www.ceepus.info/nw/0028-2627
Univerzita Karlova (Charles University);Praha;Czechia;CZ;50.08747;14.42125;coauthorship;TUKE;80 spoločných publikácií od 2015 (posledná 2026);high;https://openalex.org/works?filter=authorships.institutions.lineage:I183764125,authorships.institutions.lineage:I21250087
Vysoka skola obchodni v Praze, o.p.s.;Praha;Czechia;CZ;50.08747;14.42125;erasmus_eu;FBERG, FVT, LF;"študenti + zamestnanci; Erasmus kód CZ PRAHA12";high;https://erasmus.tuke.sk/partnerske-institucie-v-eu-a-ehp/
Vyzkumny ustav vodohospodarsky  T.G. Masaryka, v.v.i.;Praha;Czechia;CZ;50.11654;14.39326;research_project_eu;TUKE;1 spoločných projektov: SWIM;high;https://cordis.europa.eu/project/id/101215230
Www.Scio.Cz Sro;Praha;Czechia;CZ;50.09365;14.44708;erasmus_ka2;TUKE;Strategic Partnerships for school education: Head in the Clouds: Digital Learning to Overcome School Failure (2015-1-AT01-KA201-005024);high;https://erasmus-plus.ec.europa.eu/projects/search/details/2015-1-AT01-KA201-005024
Ústav teoretické a aplikované mechaniky AV ČR, v. v. i.;Praha;Czechia;CZ;50.08747;14.42125;crossborder_project;TUKE;INACO – 2021 - 2027 Interreg VI-B Central Europe;high;https://keep.eu/projects/29353/
CENIA, česká informační agentura životního prostředí;Praha 10;Czechia;CZ;50.06706;14.48194;crossborder_project;TUKE;DTP1-270-4.1 ATTRACTIVE DANUBE – 2014 - 2020 INTERREG VB Danube;high;https://keep.eu/projects/18507/
Vyzkumny A Zkusebni Letecky Ustav As;Praha 18;Czechia;CZ;50.13291;14.51428;research_project_eu;TUKE;1 spoločných projektov: ESPOSA;high;https://cordis.europa.eu/project/id/284859
Čskd Intrans;Praha 3 – Žižkov;Czechia;CZ;50.0843;14.46876;crossborder_project;TUKE;FLAVIA – 2007 - 2013 Central Europe;high;https://keep.eu/projects/5488/
SPEKTRA, výrobní družstvo nevidomých;Praha 4;Czechia;CZ;50.04063;14.44496;crossborder_project;TUKE;I-CARE-SMART – 2014 - 2020 INTERREG VB Central Europe;high;https://keep.eu/projects/21885/
Upvision S.R.O.;Praha 8;Czechia;CZ;50.05681;14.36644;research_project_eu;TUKE;1 spoločných projektov: ATM-EXCITE;high;https://cordis.europa.eu/project/id/101167361
Sociální služby Praha 9, z. ú.;Praha 9;Czechia;CZ;50.10893;14.50657;crossborder_project;TUKE;I-CARE-SMART – 2014 - 2020 INTERREG VB Central Europe;high;https://keep.eu/projects/21885/
Vysoka skola logistiky o.p.s.;Prerov;Czechia;CZ;49.45538;17.45086;erasmus_eu;EkF, FBERG, FEI, FMMR, FU, FVT, LF, SjF, SvF;"študenti + zamestnanci; Erasmus kód CZ PREROV01";high;https://erasmus.tuke.sk/partnerske-institucie-v-eu-a-ehp/
College of Logistics;Prerov I - Mesto;Czechia;CZ;49.45509;17.45084;ceepus;TUKE;"CEEPUS RS-1011-12-2627: Fostering sustainable partnership between academia and industry in improving app; CEEPUS RS-1412-08-2627 (Umbrella): Interdisciplinary approach for enhancing knowledge in supply chain analytics (SC; CEEPUS PL-2113-01-2627: Excellence in Logistics and Production Management";high;https://www.ceepus.info/nw/1011-2627
Diamo Statni Podnik;Straz Pod Ralskem;Czechia;CZ;50.70063;14.80536;research_project_eu;TUKE;1 spoločných projektov: SUPREEMO;high;https://cordis.europa.eu/project/id/101138353
Asociace poskytovatelů sociálních služeb České republiky;Tabor;Czechia;CZ;49.41415;14.65872;crossborder_project;TUKE;DigiCare4CE – 2021 - 2027 Interreg VI-B Central Europe;high;https://keep.eu/projects/27727/
Jan Evangelista Purkyně University in Ústí nad Labem (Univerzita Jana Evangelisty Purkyně v Ústí nad Labem);Usti nad Labem;Czechia;CZ;50.66033;14.03814;erasmus_eu;SjF;"študenti + zamestnanci; Erasmus kód CZ USTINAD01";high;https://erasmus.tuke.sk/partnerske-institucie-v-eu-a-ehp/
Jan Evangelista Purkyně University in Ústí nad Labem (Univerzita Jana Evangelisty Purkyně v Ústí nad Labem);Usti nad Labem;Czechia;CZ;50.66033;14.03814;ceepus;TUKE;"CEEPUS RO-0013-22-2627: Teaching and Research of Environment-oriented Technologies in Manufacturing; CEEPUS HU-0028-20-2627: Active Methods in Teaching and Learning Mathematics, Informatics and their Appli; CEEPUS SK-0030-22-2627: Internationalisation and development of joint activities in the field of smart f; CEEPUS RO-0202-20-2627: Enhancing the use of blended e-learning as an internationalization tool in the f; CEEPUS RS-0304-19-2627: Technical Characteristics Researching of Modern Products in Machine Industry wit; CEEPUS RS-0507-16-2627: Research, Development and Education in Precision Machining (+4)";high;https://www.ceepus.info/nw/0013-2627
Jan Evangelista Purkyně University in Ústí nad Labem (Univerzita Jana Evangelisty Purkyně v Ústí nad Labem);Usti nad Labem;Czechia;CZ;50.66033;14.03814;research_cooperation;FMMR;Partner FMMR v zahraničí (Fakulta strojního inženýrství);high;https://fmmr.tuke.sk/wps/portal/fmmr/spolupraca/partneri-v-zahranici
Jan Evangelista Purkyně University in Ústí nad Labem (Univerzita Jana Evangelisty Purkyně v Ústí nad Labem);Usti nad Labem;Czechia;CZ;50.66033;14.03814;coauthorship;TUKE;16 spoločných publikácií od 2015 (posledná 2023);high;https://openalex.org/works?filter=authorships.institutions.lineage:I183764125,authorships.institutions.lineage:I3122934890
Jihostroj As;Velesin;Czechia;CZ;48.83104;14.46133;research_project_eu;TUKE;1 spoločných projektov: ESPOSA;high;https://cordis.europa.eu/project/id/284859
Prvni Brnenska Strojirna Velka Bites As;Velka Bites;Czechia;CZ;49.30029;16.21462;research_project_eu;TUKE;1 spoločných projektov: ESPOSA;high;https://cordis.europa.eu/project/id/284859
Plastikářský klastr z.s.;Zlin;Czechia;CZ;49.22677;17.66674;crossborder_project;TUKE;Plan-C – 2021 - 2027 Interreg VI-B Danube;high;https://keep.eu/projects/29907/
Tomas Bata University in Zlín (Univerzita Tomáše Bati ve Zlíně);Zlin;Czechia;CZ;49.22677;17.66674;erasmus_eu;EkF, FBERG, FEI, FMMR, FU, FVT, SjF, SvF;"študenti + zamestnanci; Erasmus kód CZ ZLIN01";high;https://erasmus.tuke.sk/partnerske-institucie-v-eu-a-ehp/
Tomas Bata University in Zlín (Univerzita Tomáše Bati ve Zlíně);Zlin;Czechia;CZ;49.22677;17.66674;ceepus;TUKE;"CEEPUS RO-0013-22-2627: Teaching and Research of Environment-oriented Technologies in Manufacturing; CEEPUS PL-0033-22-2627: Development of mechanical engineering (design, technology and production managem; CEEPUS SK-0067-22-2627: Future Skills for Digitalized Production and Education; CEEPUS RO-0202-20-2627: Enhancing the use of blended e-learning as an internationalization tool in the f; CEEPUS PL-0901-13-2627: Teaching and research in advanced manufacturing; CEEPUS RS-1011-12-2627: Fostering sustainable partnership between academia and industry in improving app (+4)";high;https://www.ceepus.info/nw/0013-2627
Tomas Bata University in Zlín (Univerzita Tomáše Bati ve Zlíně);Zlin;Czechia;CZ;49.22677;17.66674;bilateral_agreement;TUKE;Partnership contract (2018);high;https://www.crz.gov.sk/3486844/
Tomas Bata University in Zlín (Univerzita Tomáše Bati ve Zlíně);Zlin;Czechia;CZ;49.22677;17.66674;crossborder_project;TUKE;Plan-C – 2021 - 2027 Interreg VI-B Danube;high;https://keep.eu/projects/29907/
Tomas Bata University in Zlín (Univerzita Tomáše Bati ve Zlíně);Zlin;Czechia;CZ;49.22677;17.66674;bilateral_agreement;FVT;Zmluvná spolupráca na úrovni fakulty (FAI, FT);high;https://fvt.tuke.sk/en/international-cooperation
Tomas Bata University in Zlín (Univerzita Tomáše Bati ve Zlíně);Zlin;Czechia;CZ;49.22677;17.66674;coauthorship;TUKE;146 spoločných publikácií od 2015 (posledná 2026);high;https://openalex.org/works?filter=authorships.institutions.lineage:I183764125,authorships.institutions.lineage:I165737746
E.ON Energie, a.s.;České Budejovice;Czechia;CZ;48.97474;14.47429;crossborder_project;TUKE;V4Grid – 2021 - 2027 Interreg VI-B Central Europe;high;https://keep.eu/projects/29381/
Czech Academy of Sciences, Biology Centre;České Budějovice;Czechia;CZ;48.97447;14.47434;coauthorship;TUKE;5 spoločných publikácií od 2015 (posledná 2025);high;https://openalex.org/works?filter=authorships.institutions.lineage:I183764125,authorships.institutions.lineage:I4210164740
Institute of Technology and Business;České Budějovice;Czechia;CZ;48.97446823120117;14.474340438842773;coauthorship;TUKE;87 spoločných publikácií od 2015 (posledná 2024);high;https://openalex.org/works?filter=authorships.institutions.lineage:I183764125,authorships.institutions.lineage:I4210159643
Jihočeská agentura pro podporu inovačního podnikání, o.p.s.;České Budějovice;Czechia;CZ;48.97474;14.47429;crossborder_project;TUKE;DTP1-006-1.1 CrowdStream – 2014 - 2020 INTERREG VB Danube;high;https://keep.eu/projects/18464/
Aalborg University;Aalborg;Denmark;DK;57.048;9.9187;coauthorship;TUKE;28 spoločných publikácií od 2015 (posledná 2024);high;https://openalex.org/works?filter=authorships.institutions.lineage:I183764125,authorships.institutions.lineage:I891191580
Aarhus University;Aarhus;Denmark;DK;56.15674;10.21076;coauthorship;TUKE;5 spoločných publikácií od 2015 (posledná 2024);high;https://openalex.org/works?filter=authorships.institutions.lineage:I183764125,authorships.institutions.lineage:I204337017
In-Jet Aps;Birkerod;Denmark;DK;55.86101;12.459;research_project_eu;TUKE;2 spoločných projektov: PICASO, ebbits;high;https://cordis.europa.eu/project/id/689209
University of Copenhagen;Copenhagen;Denmark;DK;55.67594;12.56553;coauthorship;TUKE;3 spoločných publikácií od 2015 (posledná 2026);high;https://openalex.org/works?filter=authorships.institutions.lineage:I183764125,authorships.institutions.lineage:I124055696
Energinet Systemansvar A/S;Fredericia;Denmark;DK;55.56872;9.66934;research_project_eu;TUKE;1 spoločných projektov: Hy-DETAILS;high;https://cordis.europa.eu/project/id/101312096
Copenhagen Business School;Frederiksberg;Denmark;DK;55.41618;11.56934;research_project_eu;TUKE;1 spoločných projektov: Bottom-Up NEB;high;https://cordis.europa.eu/project/id/101309397
TNM Consult ApS;Herlev;Denmark;DK;55.73375;12.42945;research_project_eu;TUKE;1 spoločných projektov: ebbits;high;https://cordis.europa.eu/project/id/257852
Cowi As;Kongens Lyngby;Denmark;DK;55.76663;12.50526;research_project_eu;TUKE;1 spoločných projektov: INTEG-RISK;high;https://cordis.europa.eu/project/id/213345
Danmarks Tekniske Universitet;Kongens Lyngby;Denmark;DK;55.77186;12.50514;research_project_eu;TUKE;2 spoločných projektov: Hy-DETAILS, INTEG-RISK;high;https://cordis.europa.eu/project/id/101312096
Fundingbox Research Aps;Odense;Denmark;DK;55.36875;10.41307;research_project_eu;TUKE;1 spoločných projektov: AI4EU;high;https://cordis.europa.eu/project/id/825619
Teknologisk Institut;Taastrup;Denmark;DK;55.65869;12.27215;research_project_eu;TUKE;1 spoločných projektov: RIMA;high;https://cordis.europa.eu/project/id/824990
Mansoura University;Al Mansurah;Egypt;EG;31.03637;31.38069;coauthorship;TUKE;4 spoločných publikácií od 2015 (posledná 2024);high;https://openalex.org/works?filter=authorships.institutions.lineage:I183764125,authorships.institutions.lineage:I159247623
Arish University;Al ‘Arīsh;Egypt;EG;31.136478424072266;33.82891845703125;coauthorship;TUKE;3 spoločných publikácií od 2015 (posledná 2026);high;https://openalex.org/works?filter=authorships.institutions.lineage:I183764125,authorships.institutions.lineage:I4210122761
Aswan University;Aswān;Egypt;EG;24.09082;32.89942;coauthorship;TUKE;5 spoločných publikácií od 2015 (posledná 2026);high;https://openalex.org/works?filter=authorships.institutions.lineage:I183764125,authorships.institutions.lineage:I86310350
Beni-Suef University;Banī Suwayf;Egypt;EG;29.07441;31.09785;coauthorship;TUKE;3 spoločných publikácií od 2015 (posledná 2026);high;https://openalex.org/works?filter=authorships.institutions.lineage:I183764125,authorships.institutions.lineage:I113643904
Ain Shams University;Cairo;Egypt;EG;30.06263;31.24967;coauthorship;TUKE;8 spoločných publikácií od 2015 (posledná 2026);high;https://openalex.org/works?filter=authorships.institutions.lineage:I183764125,authorships.institutions.lineage:I107720978
Desert Research Center;Cairo;Egypt;EG;30.06263;31.24967;coauthorship;TUKE;3 spoločných publikácií od 2015 (posledná 2025);high;https://openalex.org/works?filter=authorships.institutions.lineage:I183764125,authorships.institutions.lineage:I4210144188
Heliopolis University;Cairo;Egypt;EG;30.153921127319336;31.431650161743164;coauthorship;TUKE;3 spoločných publikácií od 2015 (posledná 2025);high;https://openalex.org/works?filter=authorships.institutions.lineage:I183764125,authorships.institutions.lineage:I3130228804
Higher Institute of Engineering;Cairo;Egypt;EG;30.060848236083984;31.46538543701172;coauthorship;TUKE;10 spoločných publikácií od 2015 (posledná 2026);high;https://openalex.org/works?filter=authorships.institutions.lineage:I183764125,authorships.institutions.lineage:I4210120363
National Water Research Center;Cairo;Egypt;EG;30.06263;31.24967;coauthorship;TUKE;5 spoločných publikácií od 2015 (posledná 2025);high;https://openalex.org/works?filter=authorships.institutions.lineage:I183764125,authorships.institutions.lineage:I4210143517
Horus University – Egypt;Dumyāţ al Jadīdah;Egypt;EG;31.43482;31.67506;coauthorship;TUKE;4 spoločných publikácií od 2015 (posledná 2026);high;https://openalex.org/works?filter=authorships.institutions.lineage:I183764125,authorships.institutions.lineage:I4405268078
Delta University for Science and Technology;Gamasa;Egypt;EG;31.03636932373047;31.38068962097168;bilateral_agreement;TUKE;Cooperation agreement (2021);high;https://www.crz.gov.sk/zmluva/5706847/
Delta University for Science and Technology;Gamasa;Egypt;EG;31.03636932373047;31.38068962097168;coauthorship;TUKE;4 spoločných publikácií od 2015 (posledná 2025);high;https://openalex.org/works?filter=authorships.institutions.lineage:I183764125,authorships.institutions.lineage:I882248123
Agricultural Research Center;Giza;Egypt;EG;30.00944;31.20861;coauthorship;TUKE;4 spoločných publikácií od 2015 (posledná 2021);high;https://openalex.org/works?filter=authorships.institutions.lineage:I183764125,authorships.institutions.lineage:I4210165448
Cairo University;Giza;Egypt;EG;30.027599334716797;31.210140228271484;coauthorship;TUKE;23 spoločných publikácií od 2015 (posledná 2022);high;https://openalex.org/works?filter=authorships.institutions.lineage:I183764125,authorships.institutions.lineage:I145487455
Minia University;Minya;Egypt;EG;28.09193;30.75813;coauthorship;TUKE;9 spoločných publikácií od 2015 (posledná 2026);high;https://openalex.org/works?filter=authorships.institutions.lineage:I183764125,authorships.institutions.lineage:I89466785
Port Said University;Port Said;Egypt;EG;31.26531;32.3019;coauthorship;TUKE;5 spoločných publikácií od 2015 (posledná 2026);high;https://openalex.org/works?filter=authorships.institutions.lineage:I183764125,authorships.institutions.lineage:I88017793
Suez University;Suez;Egypt;EG;29.97371;32.52627;coauthorship;TUKE;6 spoločných publikácií od 2015 (posledná 2026);high;https://openalex.org/works?filter=authorships.institutions.lineage:I183764125,authorships.institutions.lineage:I130009713
Tanta University;Tanta;Egypt;EG;30.78337;30.99825;research_project_eu;TUKE;1 spoločných projektov: RETROTRAFO;high;https://cordis.europa.eu/project/id/101182948
Tanta University;Tanta;Egypt;EG;30.78337;30.99825;coauthorship;TUKE;19 spoločných publikácií od 2015 (posledná 2026);high;https://openalex.org/works?filter=authorships.institutions.lineage:I183764125,authorships.institutions.lineage:I21376657
Zagazig University;Zagazig;Egypt;EG;30.58768081665039;31.50200080871582;erasmus_ka171;TUKE;Erasmus+ KA171 – partnerská inštitúcia mimo EÚ;high;https://erasmus.tuke.sk/erasmus-vyzva-pre-mobilitu-ucitelov-a-zamestnancov-tuke-do-krajin-mimo-eu-ukrajina-a-egypt/
Zagazig University;Zagazig;Egypt;EG;30.58768081665039;31.50200080871582;coauthorship;TUKE;188 spoločných publikácií od 2015 (posledná 2026);high;https://openalex.org/works?filter=authorships.institutions.lineage:I183764125,authorships.institutions.lineage:I192398990
Estonian Aviation Academy (Eesti Lennuakadeemia);Kambja Vald, Tartumaa;Estonia;EE;58.24858;26.73628;erasmus_eu;EkF, FBERG, LF;"študenti + zamestnanci; Erasmus kód EE TARTU03";high;https://erasmus.tuke.sk/partnerske-institucie-v-eu-a-ehp/
Estonian Aviation Academy (Eesti Lennuakadeemia);Kambja Vald, Tartumaa;Estonia;EE;58.24858;26.73628;erasmus_eu;EkF, FBERG;"študenti; Erasmus kód EE TARTU04";high;https://erasmus.tuke.sk/partnerske-institucie-v-eu-a-ehp/
Tallinn University;Tallinn;Estonia;EE;59.43724;24.75727;erasmus_eu;TUKE;"Erasmus+ mobilita (nominácie); Erasmus kód EE TALLINN05";medium;https://erasmus.tuke.sk/vyzvy-na-studentsku-mobilitu/
Tallinn University of Technology;Tallinn;Estonia;EE;59.43696;24.75353;coauthorship;TUKE;4 spoločných publikácií od 2015 (posledná 2022);high;https://openalex.org/works?filter=authorships.institutions.lineage:I183764125,authorships.institutions.lineage:I111112146
Tallinna Tehnikaülikool;Tallinn;Estonia;EE;59.39476;24.66923;research_project_eu;TUKE;1 spoločných projektov: Hy-DETAILS;high;https://cordis.europa.eu/project/id/101312096
Tallinna Tehnikaülikool;Tallinn;Estonia;EE;59.39476;24.66923;erasmus_ka2;TUKE;Strategic Partnerships for vocational education and training: Multifunctional Innovative Learning Assisting Network for VET in Advanced Manufacturing (2018-1-PL01-KA202-050812);high;https://erasmus-plus.ec.europa.eu/projects/search/details/2018-1-PL01-KA202-050812
University of Tartu (Tartu Ülikool);Tartu;Estonia;EE;58.37795;26.729;erasmus_eu;EkF;"študenti + zamestnanci; Erasmus kód EE TARTU02";high;https://erasmus.tuke.sk/partnerske-institucie-v-eu-a-ehp/
Bahir Dar University;Bahir Dar;Ethiopia;ET;11.59364;37.39077;coauthorship;TUKE;3 spoločných publikácií od 2015 (posledná 2026);high;https://openalex.org/works?filter=authorships.institutions.lineage:I183764125,authorships.institutions.lineage:I57092466
Debre Tabor University;Debre Tabor;Ethiopia;ET;11.850000381469727;38.01667022705078;coauthorship;TUKE;3 spoločných publikácií od 2015 (posledná 2025);high;https://openalex.org/works?filter=authorships.institutions.lineage:I183764125,authorships.institutions.lineage:I4210117424
Wollega University;Nek’emtē;Ethiopia;ET;9.083330154418945;36.54999923706055;coauthorship;TUKE;9 spoločných publikácií od 2015 (posledná 2026);high;https://openalex.org/works?filter=authorships.institutions.lineage:I183764125,authorships.institutions.lineage:I301615471
Woldia University;Weldiya;Ethiopia;ET;11.822189331054688;39.58015823364258;coauthorship;TUKE;12 spoločných publikácií od 2015 (posledná 2025);high;https://openalex.org/works?filter=authorships.institutions.lineage:I183764125,authorships.institutions.lineage:I4210159645
Aalto Korkeakoulusaatio Sr;Espoo;Finland;FI;60.18734;24.8265;research_project_eu;TUKE;1 spoločných projektov: I²MINE;high;https://cordis.europa.eu/project/id/280855
Geologian Tutkimuskeskus;Espoo;Finland;FI;60.18313;24.82748;research_project_eu;TUKE;1 spoločných projektov: MIREU;high;https://cordis.europa.eu/project/id/776811
Teknologian Tutkimuskeskus Vtt;Espoo;Finland;FI;60.1793;24.82352;research_project_eu;TUKE;2 spoločných projektov: ESPOSA, INTEG-RISK;high;https://cordis.europa.eu/project/id/213345
Teknologian Tutkimuskeskus Vtt Oy;Espoo;Finland;FI;60.18642;24.81329;research_project_eu;TUKE;3 spoločných projektov: ESPOSA, MIDIH, RIMA;high;https://cordis.europa.eu/project/id/767498
Helsingin Kaupunki;Helsingin;Finland;FI;60.39539;25.66049;research_project_eu;TUKE;1 spoločných projektov: Bottom-Up NEB;high;https://cordis.europa.eu/project/id/101309397
Forum Virium Helsinki Oy;Helsinki;Finland;FI;60.16952;24.93545;research_project_eu;TUKE;2 spoločných projektov: AI4EU, Bottom-Up NEB;high;https://cordis.europa.eu/project/id/101309397
Haaga-Helia University of Applied Sciences (Haaga-Helia ammattikorkeakoulu);Helsinki;Finland;FI;60.16662;24.94354;erasmus_eu;EkF;"študenti + zamestnanci; Erasmus kód SF HELSINK40";high;https://erasmus.tuke.sk/partnerske-institucie-v-eu-a-ehp/
Haaga-Helia University of Applied Sciences (Haaga-Helia ammattikorkeakoulu);Helsinki;Finland;FI;60.16662;24.94354;research_project_eu;TUKE;1 spoločných projektov: COMPASS;high;https://cordis.europa.eu/project/id/101035809
Haaga-Helia University of Applied Sciences (Haaga-Helia ammattikorkeakoulu);Helsinki;Finland;FI;60.16662;24.94354;alliance;TUKE;Ulysseus Mobility Framework Agreement (2025);high;https://www.crz.gov.skTechnical University of Košice
Haaga-Helia University of Applied Sciences (Haaga-Helia ammattikorkeakoulu);Helsinki;Finland;FI;60.16662;24.94354;bilateral_agreement;TUKE;"Joint Partnership Agreement (2025); Cooperation Agreement (2024); Framework Ageement (2023) (+1)";high;https://www.crz.gov.sk/zmluva/10294857/
Haaga-Helia University of Applied Sciences (Haaga-Helia ammattikorkeakoulu);Helsinki;Finland;FI;60.16662;24.94354;research_cooperation;TUKE;"Consortium Agreement (2024); CONSORTIUM AGREEMENT (2024)";high;https://www.crz.gov.sk/zmluva/10174272/
Haaga-Helia University of Applied Sciences (Haaga-Helia ammattikorkeakoulu);Helsinki;Finland;FI;60.16662;24.94354;erasmus_ka2;TUKE;Erasmus+ Programme Cooperation Partnerships (2024);high;https://www.crz.gov.sk/zmluva/10174524/
Haaga-Helia University of Applied Sciences (Haaga-Helia ammattikorkeakoulu);Helsinki;Finland;FI;60.16662;24.94354;erasmus_ka2;TUKE;"Cooperation partnerships in higher education: CURATE: Co-created stUdent centRed incubATor programmE (2023-1-FI01-KA220-HED-000152093); Capacity Building in higher education: TeProD - Improving Teachers and Students Professional Development with Twin Transition in  (101177880); European Universities: ULYSSEUS - Consolidating Ulysseus: an open to the world, persons-centred and entrepreneuri (101124733); Cooperation partnerships in higher education: Immersive VR Experience for International Mobility (2023-1-FR01-KA220-HED-000164026); Cooperation partnerships in higher education: Personalised AI Tool for etHical career guidance (2024-1-ES01-KA220-HED-000257515); Cooperation partnerships in higher education: ALFA Labs - trAnsformation pLan For Ai Living Labs (2024-1-FI01-KA220-HED-000248157) (+4)";high;https://erasmus-plus.ec.europa.eu/projects/search/details/2023-1-FI01-KA220-HED-000152093
Business Joensuu Oy;Joensuu;Finland;FI;62.598;29.74401;research_project_eu;TUKE;1 spoločných projektov: MIREU;high;https://cordis.europa.eu/project/id/776811
Pohjois-Karjalan liitto;Joensuu;Finland;FI;62.60064;29.76198;crossborder_project;TUKE;ENMR – 2000 - 2006 Interreg IIIC North;high;https://keep.eu/projects/268/
Jyvaskylan Yliopisto;Jyvaskyla;Finland;FI;62.23692;25.73246;erasmus_ka2;TUKE;Strategic Partnerships for higher education: Education of Future ICT Experts Based on Smart Society Needs (2019-1-SK01-KA203-060789);high;https://erasmus-plus.ec.europa.eu/projects/search/details/2019-1-SK01-KA203-060789
Kainuun liitto;Kajaani;Finland;FI;64.22469;27.73393;crossborder_project;TUKE;ENMR – 2000 - 2006 Interreg IIIC North;high;https://keep.eu/projects/268/
Agnico-Eagle Finland Oy;Kiistala;Finland;FI;67.86586;25.34066;research_project_eu;TUKE;1 spoločných projektov: I²MINE;high;https://cordis.europa.eu/project/id/280855
University of Eastern Finland (Itä-Suomen yliopisto);Kuopio;Finland;FI;62.89246;27.67836;erasmus_eu;FEI;"študenti + zamestnanci; Erasmus kód SF KUOPIO12";high;https://erasmus.tuke.sk/partnerske-institucie-v-eu-a-ehp/
LAB University of Applied Sciences;Lahti;Finland;FI;60.98263;25.66134;bilateral_agreement;EkF;Project Partnership Agreement (2023);high;https://www.crz.gov.sk/zmluva/8575623/
LAB University of Applied Sciences;Lahti;Finland;FI;60.98263;25.66134;crossborder_project;TUKE;CITISYSTEM – 2021 - 2027 Interreg VI-C Interreg Europe;high;https://keep.eu/projects/32926/
Lahden kaupunki;Lahti;Finland;FI;60.98263;25.66134;crossborder_project;TUKE;CITISYSTEM – 2021 - 2027 Interreg VI-C Interreg Europe;high;https://keep.eu/projects/32926/
LUT University (Lappeenranta–Lahti University of Technology LUT);Lappeenranta;Finland;FI;61.05834;28.18623;erasmus_eu;FBERG, FEI, FVT, LF, SjF, SvF;"študenti; Erasmus kód SF LAPPEEN01";high;https://erasmus.tuke.sk/partnerske-institucie-v-eu-a-ehp/
LUT University (Lappeenranta–Lahti University of Technology LUT);Lappeenranta;Finland;FI;61.05834;28.18623;double_degree;FBERG;Agreement on Academic Cooperation in the Frame of the Joint Study Programme “International Master of Science i (2025);high;https://www.crz.gov.sk/zmluva/11509003/
Pohjois-Pohjanmaan liitto;Oulu;Finland;FI;65.01179;25.4702;crossborder_project;TUKE;ENMR – 2000 - 2006 Interreg IIIC North;high;https://keep.eu/projects/268/
University of Oulu (Oulun yliopisto);Oulu;Finland;FI;65.01179;25.4702;erasmus_eu;FEI;"študenti; Erasmus kód SF OULU01";high;https://erasmus.tuke.sk/partnerske-institucie-v-eu-a-ehp/
University of Oulu (Oulun yliopisto);Oulu;Finland;FI;65.01179;25.4702;coauthorship;TUKE;11 spoločných publikácií od 2015 (posledná 2026);high;https://openalex.org/works?filter=authorships.institutions.lineage:I183764125,authorships.institutions.lineage:I98381234
Oulun yliopisto, Geotieteiden laitos;Oulun Yliopisto (Oulu);Finland;FI;65.05933;25.46736;crossborder_project;TUKE;ENMR – 2000 - 2006 Interreg IIIC North;high;https://keep.eu/projects/268/
Geological Survey of Finland;Rovaniemi;Finland;FI;66.50255;25.73039;crossborder_project;TUKE;ENMR – 2000 - 2006 Interreg IIIC North;high;https://keep.eu/projects/268/
Lapin Ammattikorkeakoulu Oy;Rovaniemi;Finland;FI;66.5;25.71667;research_project_eu;TUKE;1 spoločných projektov: WIDEX;high;https://cordis.europa.eu/project/id/101159826
Lapin Yliopisto;Rovaniemi;Finland;FI;66.49762;25.71921;research_project_eu;TUKE;1 spoločných projektov: MIREU;high;https://cordis.europa.eu/project/id/776811
Lapin liitto;Rovaniemi;Finland;FI;66.50255;25.73039;crossborder_project;TUKE;ENMR – 2000 - 2006 Interreg IIIC North;high;https://keep.eu/projects/268/
Regional Council Of Lapland;Rovaniemi;Finland;FI;60.99681;24.46305;research_project_eu;TUKE;1 spoločných projektov: MIREU;high;https://cordis.europa.eu/project/id/776811
Smartnorth Oy;Rovaniemi;Finland;FI;66.49419;25.69275;research_project_eu;TUKE;1 spoločných projektov: MIREU;high;https://cordis.europa.eu/project/id/776811
Seinajoen Ammattikorkeakoulu Oy;Seinajoki;Finland;FI;62.78961;22.82196;erasmus_ka2;TUKE;Strategic Partnerships for higher education: Education of Future ICT Experts Based on Smart Society Needs (2019-1-SK01-KA203-060789);high;https://erasmus-plus.ec.europa.eu/projects/search/details/2019-1-SK01-KA203-060789
Tampereen Ammattikorkeakoulu Oy;Tampere;Finland;FI;61.50423;23.81025;erasmus_ka2;TUKE;Cooperation partnerships in higher education: Digital skills and cross-domain entrepreneurship for societal challenges (2021-1-PL01-KA220-HED-000027649);high;https://erasmus-plus.ec.europa.eu/projects/search/details/2021-1-PL01-KA220-HED-000027649
Turun Yliopisto;Turku;Finland;FI;60.45159;22.267;erasmus_eu;TUKE;"Erasmus+ mobilita (nominácie); Erasmus kód SF TURKU01";medium;https://erasmus.tuke.sk/vyzvy-na-studentsku-mobilitu/
Citec Information Oy Ab;Vaasa;Finland;FI;63.09577;21.61592;research_project_eu;TUKE;1 spoločných projektov: SPIKE;high;https://cordis.europa.eu/project/id/217098
University of Vaasa (Vaasan yliopisto);Vaasa;Finland;FI;63.09577;21.61592;erasmus_eu;FBERG, FEI, FVT, SjF, SvF, TUKE;"študenti + zamestnanci; Erasmus kód SF VAASA01";high;https://erasmus.tuke.sk/partnerske-institucie-v-eu-a-ehp/
Afry Finland Oy;Vantaa;Finland;FI;60.28504;24.85334;research_project_eu;TUKE;1 spoločných projektov: INTEG-RISK;high;https://cordis.europa.eu/project/id/213345
Falck Wolfgang;;France;FR;46.60335;1.88833;research_project_eu;TUKE;1 spoločných projektov: MIREU;high;https://cordis.europa.eu/project/id/776811
Smile;Asnieres-Sur-Seine;France;FR;48.91202;2.29191;research_project_eu;TUKE;1 spoločných projektov: AI4EU;high;https://cordis.europa.eu/project/id/825619
SIGMA Clermont;Aubiere;France;FR;45.75126;3.11442;erasmus_eu;FVT, SjF;"študenti + zamestnanci; Erasmus kód F AUBIERE04";high;https://erasmus.tuke.sk/partnerske-institucie-v-eu-a-ehp/
Sécurité et Qualité des Produits d'Origine Végétale;Avignon;France;FR;43.94834;4.80892;coauthorship;TUKE;3 spoločných publikácií od 2015 (posledná 2023);high;https://openalex.org/works?filter=authorships.institutions.lineage:I183764125,authorships.institutions.lineage:I4210100688
Airbus Sas;Blagnac;France;FR;43.63435;1.39864;research_project_eu;TUKE;1 spoločných projektov: Hy-DETAILS;high;https://cordis.europa.eu/project/id/101312096
Université de Bordeaux;Bordeaux;France;FR;44.84124;-0.58046;coauthorship;TUKE;3 spoločných publikácií od 2015 (posledná 2023);high;https://openalex.org/works?filter=authorships.institutions.lineage:I183764125,authorships.institutions.lineage:I15057530
Safran Helicopter Engines;Bordes;France;FR;44.83508;-0.69078;research_project_eu;TUKE;1 spoločných projektov: ACCENT;high;https://cordis.europa.eu/project/id/213855
Normandie Université;Caen;France;FR;49.18585;-0.35912;coauthorship;TUKE;3 spoločných publikácií od 2015 (posledná 2022);high;https://openalex.org/works?filter=authorships.institutions.lineage:I183764125,authorships.institutions.lineage:I4210105918
Université de Caen Normandie;Caen;France;FR;49.18585;-0.35912;coauthorship;TUKE;3 spoločných publikácií od 2015 (posledná 2022);high;https://openalex.org/works?filter=authorships.institutions.lineage:I183764125,authorships.institutions.lineage:I98702875
Ensea (École nationale supérieure de l'électronique et de ses applications (ENSEA);Cergy;France;FR;49.05275;2.03887;erasmus_eu;FBERG, FEI, FMMR, FVT, SjF, SvF;"študenti + zamestnanci; Erasmus kód F CERGY01";high;https://erasmus.tuke.sk/partnerske-institucie-v-eu-a-ehp/
CY University of Cergy-Pontoise (CY Cergy Paris Université);Cergy-Pontoise;France;FR;49.05275;2.03887;erasmus_eu;EkF, FEI;"študenti + zamestnanci; Erasmus kód F CERGY-P11";high;https://erasmus.tuke.sk/partnerske-institucie-v-eu-a-ehp/
Interdigital R&D France;Cesson Sevigne;France;FR;48.1341;-1.62121;research_project_eu;TUKE;1 spoločných projektov: AI4EU;high;https://cordis.europa.eu/project/id/825619
Thomson Licensing;Cesson-Sevigne;France;FR;48.11978;-1.60388;research_project_eu;TUKE;1 spoločných projektov: AI4EU;high;https://cordis.europa.eu/project/id/825619
Université Savoie Mont Blanc;Chambéry;France;FR;45.56628;5.92079;coauthorship;TUKE;7 spoločných publikácií od 2015 (posledná 2025);high;https://openalex.org/works?filter=authorships.institutions.lineage:I183764125,authorships.institutions.lineage:I70900168
Laboratoire d’Analyse et de Mathématiques Appliquées;Champs-sur-Marne;France;FR;48.85;2.6;coauthorship;TUKE;6 spoločných publikácií od 2015 (posledná 2022);high;https://openalex.org/works?filter=authorships.institutions.lineage:I183764125,authorships.institutions.lineage:I4210144844
University of Technology of Compiègne (Université de Technologie de Compiègne);Compiègne;France;FR;49.41795;2.82632;erasmus_eu;FBERG, FEI, FMMR, FVT, SjF, SvF;"študenti + zamestnanci; Erasmus kód F COMPIEG01";high;https://erasmus.tuke.sk/partnerske-institucie-v-eu-a-ehp/
Engie;Courbevoie;France;FR;48.89579;2.23947;research_project_eu;TUKE;1 spoločných projektov: INTEG-RISK;high;https://cordis.europa.eu/project/id/213345
Leonardo da Vinci University Center (Pôle universitaire Léonard-de-Vinci);Courbevoie;France;FR;48.89533;2.25616;erasmus_eu;FBERG, FEI, FMMR, FVT, SjF, SvF;"študenti + zamestnanci; Erasmus kód F PARIS270";high;https://erasmus.tuke.sk/partnerske-institucie-v-eu-a-ehp/
Inovertis A3I;Donzere;France;FR;44.4442;4.70734;research_project_eu;TUKE;1 spoločných projektov: SUPREEMO;high;https://cordis.europa.eu/project/id/101138353
Thales Six Gts France Sas;Gennevilliers;France;FR;48.93333;2.3;research_project_eu;TUKE;1 spoločných projektov: AI4EU;high;https://cordis.europa.eu/project/id/825619
Ecole Normale Superieure Paris-Saclay;Gif-Sur-Yvette;France;FR;48.78897;2.32809;research_project_eu;TUKE;1 spoločných projektov: MOTIVATION;high;https://cordis.europa.eu/project/id/217843
Universite Grenoble Alpes;Grenoble;France;FR;45.17869;5.71479;research_project_eu;TUKE;1 spoločných projektov: AI4EU;high;https://cordis.europa.eu/project/id/825619
Universite Grenoble Alpes;Grenoble;France;FR;45.17869;5.71479;coauthorship;TUKE;7 spoločných publikácií od 2015 (posledná 2026);high;https://openalex.org/works?filter=authorships.institutions.lineage:I183764125,authorships.institutions.lineage:I899635006
Institut Polytechnique De Grenoble;Grenoble Cedex 1;France;FR;45.19088;5.71697;research_project_eu;TUKE;2 spoločných projektov: AI4EU, INDECT;high;https://cordis.europa.eu/project/id/825619
Institut Polytechnique De Grenoble;Grenoble Cedex 1;France;FR;45.19088;5.71697;erasmus_ka2;TUKE;Capacity Building in higher education: Establishing Smart Energy System Curriculum at Russian and Vietnamese Universities (586087-EPP-1-2017-1-LV-EPPKA2-CBHE-JP);high;https://erasmus-plus.ec.europa.eu/projects/search/details/586087-EPP-1-2017-1-LV-EPPKA2-CBHE-JP
Capgemini Technology Services;Issy-Les-Moulineaux;France;FR;48.86306;2.22248;research_project_eu;TUKE;1 spoločných projektov: MONSOON;high;https://cordis.europa.eu/project/id/723650
Orange Sa;Issy-les-Moulineaux;France;FR;48.83317;2.29431;research_project_eu;TUKE;1 spoločných projektov: AI4EU;high;https://cordis.europa.eu/project/id/825619
Institut National De Recherche En Informatique Et Automatique;Le Chesnay Cedex;France;FR;48.82785;2.13196;research_project_eu;TUKE;1 spoločných projektov: AI4EU;high;https://cordis.europa.eu/project/id/825619
EM Normandie Business School (École de management de Normandie);Le Havre;France;FR;49.4939;0.10797;erasmus_eu;EkF, FBERG;"študenti + zamestnanci; Erasmus kód F LE-HAVR04";high;https://erasmus.tuke.sk/partnerske-institucie-v-eu-a-ehp/
Catholic University of Lille (Université catholique de Lille);Lille;France;FR;50.63657;3.06353;erasmus_eu;EkF, FBERG;"študenti + zamestnanci; Erasmus kód F LILLE11";high;https://erasmus.tuke.sk/partnerske-institucie-v-eu-a-ehp/
Conseil Régional Hauts-de-France;Lille;France;FR;50.63657;3.06353;crossborder_project;TUKE;RECORD – 2014 - 2020 Interreg Europe;high;https://keep.eu/projects/18953/
Blue-Sight Conseil;Lyon;France;FR;45.76596;4.85911;research_project_eu;TUKE;1 spoločných projektov: AI4EU;high;https://cordis.europa.eu/project/id/825619
Chambre De Metiers Et De L'Artisanat De Region Auvergne Rhone Alpes;Lyon;France;FR;45.74;4.81743;erasmus_ka2;TUKE;Strategic Partnerships for vocational education and training: Art & Creative Craft Enterprises for Successful Streaming of 3D Printing (2020-1-FR01-KA202-080183);high;https://erasmus-plus.ec.europa.eu/projects/search/details/2020-1-FR01-KA202-080183
Bipar;Maisons-Alfort;France;FR;48.81171;2.43945;coauthorship;TUKE;4 spoločných publikácií od 2015 (posledná 2024);high;https://openalex.org/works?filter=authorships.institutions.lineage:I183764125,authorships.institutions.lineage:I4210124771
École Nationale Vétérinaire d'Alfort;Maisons-Alfort;France;FR;48.81171;2.43945;coauthorship;TUKE;3 spoločných publikácií od 2015 (posledná 2024);high;https://openalex.org/works?filter=authorships.institutions.lineage:I183764125,authorships.institutions.lineage:I17606148
Gustave Eiffel University (Université Gustave Eiffel);Marne-la-Vallee;France;FR;48.8593;2.5989;erasmus_eu;FBERG, FEI, FMMR, FVT, SjF, SvF;"študenti + zamestnanci; Erasmus kód F PARIS483";high;https://erasmus.tuke.sk/partnerske-institucie-v-eu-a-ehp/
Aix-Marseille Université;Marseille;France;FR;43.29695;5.38107;coauthorship;TUKE;6 spoločných publikácií od 2015 (posledná 2023);high;https://openalex.org/works?filter=authorships.institutions.lineage:I183764125,authorships.institutions.lineage:I21491767
Thales;Meudon;France;FR;48.89533;2.25616;research_project_eu;TUKE;1 spoločných projektov: AI4EU;high;https://cordis.europa.eu/project/id/825619
Probayes Sas;Montbonnot Saint-Martin;France;FR;45.21714;5.80746;research_project_eu;TUKE;1 spoločných projektov: MONSOON;high;https://cordis.europa.eu/project/id/723650
University of Lorraine (Université de Lorraine);Nancy;France;FR;48.69372;6.18341;erasmus_eu;FEI, SjF;"študenti; Erasmus kód F NANCY43";high;https://erasmus.tuke.sk/partnerske-institucie-v-eu-a-ehp/
University of Lorraine (Université de Lorraine);Nancy;France;FR;48.69372;6.18341;research_project_eu;TUKE;1 spoločných projektov: AI4EU;high;https://cordis.europa.eu/project/id/825619
IMT Atlantique Bretagne Pays de la Loire;Nantes;France;FR;47.28172;-1.52005;erasmus_ka2;TUKE;"Strategic Partnerships for higher education: Education of Future ICT Experts Based on Smart Society Needs (2019-1-SK01-KA203-060789); Strategic Partnerships for higher education: The ICT Engineer of the 21st Century: Mastering Technical Competencies, Management Skills, (2017-1-HR01-KA203-035408); Strategic Partnerships for higher education: Innovative ICT Solutions for the Societal Challenges (2015-1-HR01-KA203-013124)";high;https://erasmus-plus.ec.europa.eu/projects/search/details/2019-1-SK01-KA203-060789
Lhyfe;Nantes;France;FR;47.21623;-1.54057;research_project_eu;TUKE;1 spoločných projektov: Hy-DETAILS;high;https://cordis.europa.eu/project/id/101312096
Côte d’Azur University (Université Côte d’Azur);Nice;France;FR;43.70094;7.26839;erasmus_eu;EkF, FBERG, FEI, FMMR, FVT, LF, SjF, SvF;"študenti + zamestnanci; Erasmus kód F NICE42";high;https://erasmus.tuke.sk/partnerske-institucie-v-eu-a-ehp/
Côte d’Azur University (Université Côte d’Azur);Nice;France;FR;43.70094;7.26839;research_project_eu;TUKE;2 spoločných projektov: AI4EU, COMPASS;high;https://cordis.europa.eu/project/id/825619
Côte d’Azur University (Université Côte d’Azur);Nice;France;FR;43.70094;7.26839;erasmus_ka2;TUKE;Grant Agreement for a Project with multiple beneficiaries under the ERASMUS+ Programme (2026);high;https://www.crz.gov.sk/zmluva/12357959/
Côte d’Azur University (Université Côte d’Azur);Nice;France;FR;43.70094;7.26839;alliance;TUKE;Ulysseus Mobility Framework Agreement (2025);high;https://www.crz.gov.skTechnical University of Košice
Côte d’Azur University (Université Côte d’Azur);Nice;France;FR;43.70094;7.26839;bilateral_agreement;TUKE;"Joint Partnership Agreement (2025); Cooperation Agreement (2024); Framework Ageement (2023) (+1)";high;https://www.crz.gov.sk/zmluva/10294857/
Côte d’Azur University (Université Côte d’Azur);Nice;France;FR;43.70094;7.26839;double_degree;TUKE;AGREEMENT FOR THE JOINT SUPERVISION OF A PhD DISSERTATION (2024);high;https://www.crz.gov.sk/zmluva/9323392/
Côte d’Azur University (Université Côte d’Azur);Nice;France;FR;43.70094;7.26839;research_cooperation;TUKE;CONSORTIUM AGREEMENT (2024);high;https://www.crz.gov.sk/zmluva/8839438/
Côte d’Azur University (Université Côte d’Azur);Nice;France;FR;43.70094;7.26839;erasmus_ka2;TUKE;"Capacity Building in higher education: Triggering innovative approaches, entrepreneurial skills and attitudes in HEI learners thr (617309-EPP-1-2020-1-SK-EPPKA2-CBHE-JP); Capacity Building in higher education: DIGITAL MOVE - Bridging Digital Divide in Mongolia and Vietnam through HEI’s Digital Trans (101082527); European Universities: ULYSSEUS - Consolidating Ulysseus: an open to the world, persons-centred and entrepreneuri (101124733); Capacity Building in higher education: Reforming Master Programmes in Finance in Armenia and Moldova (585784-EPP-1-2017-1-AT-EPPKA2-CBHE-JP); European Universities: Ulysseus: An open to the world, persons-centred and entrepreneurial European University fo (101004050)";high;https://erasmus-plus.ec.europa.eu/projects/search/details/617309-EPP-1-2020-1-SK-EPPKA2-CBHE-JP
Côte d’Azur University (Université Côte d’Azur);Nice;France;FR;43.70094;7.26839;erasmus_ka2;TUKE;"Cooperation partnerships in higher education: CURATE: Co-created stUdent centRed incubATor programmE (2023-1-FI01-KA220-HED-000152093); Cooperation partnerships in higher education: Immersive VR Experience for International Mobility (2023-1-FR01-KA220-HED-000164026); Mobility  of young people: UlySA4Society (2025-3-FR02-KA152-YOU-000378513); Mobility  of young people: UlySA BOOTCAMP (2025-1-FR02-KA152-YOU-000304542); Cooperation partnerships in higher education: Personalised AI Tool for etHical career guidance (2024-1-ES01-KA220-HED-000257515); Cooperation partnerships in higher education: Boosting success through internationalization (2025-1-FR01-KA220-HED-000363516) (+1)";high;https://erasmus-plus.ec.europa.eu/projects/search/details/2023-1-FI01-KA220-HED-000152093
Côte d’Azur University (Université Côte d’Azur);Nice;France;FR;43.70094;7.26839;double_degree;EkF;Program dvojitého diplomu EkF TUKE a Université Côte d'Azur;high;https://nicediplom.ekf.tuke.sk/
Côte d’Azur University (Université Côte d’Azur);Nice;France;FR;43.70094;7.26839;coauthorship;TUKE;4 spoločných publikácií od 2015 (posledná 2026);high;https://openalex.org/works?filter=authorships.institutions.lineage:I183764125,authorships.institutions.lineage:I201841394
Observatoire de la Côte d’Azur;Nice;France;FR;43.70313;7.26608;coauthorship;TUKE;4 spoločných publikácií od 2015 (posledná 2026);high;https://openalex.org/works?filter=authorships.institutions.lineage:I183764125,authorships.institutions.lineage:I4210126779
Bureau De Recherches Geologiques Et Minieres;Orleans;France;FR;47.82991;1.93729;research_project_eu;TUKE;3 spoločných projektov: AI4EU, CHROMIC, MIREU;high;https://cordis.europa.eu/project/id/730471
Imt Transfert;Palaiseau;France;FR;48.83023;2.33577;research_project_eu;TUKE;2 spoločných projektov: AI4EU, MIDIH;high;https://cordis.europa.eu/project/id/767498
Institut Mines-Telecom;Palaiseau;France;FR;48.71828;2.2498;research_project_eu;TUKE;2 spoločných projektov: AI4EU, MIDIH;high;https://cordis.europa.eu/project/id/767498
Office National D'Etudes Et De Recherches Aerospatiales;Palaiseau;France;FR;48.70856;2.21931;research_project_eu;TUKE;1 spoločných projektov: AI4EU;high;https://cordis.europa.eu/project/id/825619
System@Tic Paris Region;Palaiseau;France;FR;48.71703;2.24686;research_project_eu;TUKE;1 spoločných projektov: RIMA;high;https://cordis.europa.eu/project/id/824990
Association For The Promotion Of Information On Science And Technology For All Countries;Paris;France;FR;48.8535;2.34839;research_project_eu;TUKE;1 spoločných projektov: URBAN SENSING;high;https://cordis.europa.eu/project/id/314887
Association Pour La Recherche Et Le Developpement Des Methodes Et Processus Industriels;Paris;France;FR;48.84546;2.33959;research_project_eu;TUKE;1 spoločných projektov: INTEG-RISK;high;https://cordis.europa.eu/project/id/213345
Blumorpho;Paris;France;FR;48.87471;2.32547;research_project_eu;TUKE;1 spoločných projektov: AI4EU;high;https://cordis.europa.eu/project/id/825619
Centre National De La Recherche Scientifique Cnrs;Paris;France;FR;48.85341;2.3488;research_project_eu;TUKE;1 spoločných projektov: AI4EU;high;https://cordis.europa.eu/project/id/825619
Centre National de la Recherche Scientifique;Paris;France;FR;48.85341;2.3488;coauthorship;TUKE;29 spoločných publikácií od 2015 (posledná 2026);high;https://openalex.org/works?filter=authorships.institutions.lineage:I183764125,authorships.institutions.lineage:I1294671590
Commissariat A L Energie Atomique Et Aux Energies Alternatives;Paris;France;FR;48.83978;2.27393;research_project_eu;TUKE;4 spoločných projektov: AI4EU, INTEG-RISK, MIREU, RIMA;high;https://cordis.europa.eu/project/id/776811
Consentia;Paris;France;FR;48.86263;2.36327;research_project_eu;TUKE;1 spoločných projektov: WIDEX;high;https://cordis.europa.eu/project/id/101159826
ECE Paris – Graduate School of Engineering (École centrale d’électronique);Paris;France;FR;48.8535;2.34839;erasmus_eu;FEI;"študenti + zamestnanci; Erasmus kód F PARIS222";high;https://erasmus.tuke.sk/partnerske-institucie-v-eu-a-ehp/
Ecole Nationale Superieure Des Mines De Paris;Paris;France;FR;48.84563;2.33969;research_project_eu;TUKE;1 spoločných projektov: Hy-DETAILS;high;https://cordis.europa.eu/project/id/101312096
Electricite De France;Paris;France;FR;48.87619;2.29706;research_project_eu;TUKE;1 spoločných projektov: INTEG-RISK;high;https://cordis.europa.eu/project/id/213345
Eurocontrol;Paris;France;FR;48.591346740722656;2.3280320167541504;coauthorship;TUKE;3 spoločných publikácií od 2015 (posledná 2022);high;https://openalex.org/works?filter=authorships.institutions.lineage:I183764125,authorships.institutions.lineage:I129573748
Euronovia;Paris;France;FR;48.8346;2.32805;research_project_eu;TUKE;1 spoločných projektov: SCORE;high;https://cordis.europa.eu/project/id/101003534
France Digitale;Paris;France;FR;48.86763;2.33945;research_project_eu;TUKE;1 spoločných projektov: AI4EU;high;https://cordis.europa.eu/project/id/825619
Institut Supérieur de Gestion;Paris;France;FR;48.86728;2.27585;erasmus_ka2;TUKE;Cooperation partnerships in vocational education and training: Upskilling paths for HR professionals to IMprove AGE management (2024-1-IT01-KA220-VET-000245039);high;https://erasmus-plus.ec.europa.eu/projects/search/details/2024-1-IT01-KA220-VET-000245039
Nehs Developpement;Paris;France;FR;48.85889;2.32004;research_project_eu;TUKE;1 spoločných projektov: AI4EU;high;https://cordis.europa.eu/project/id/825619
Qwant;Paris;France;FR;48.86684;2.27655;research_project_eu;TUKE;1 spoločných projektov: AI4EU;high;https://cordis.europa.eu/project/id/825619
Safran Aircraft Engines;Paris;France;FR;48.83796;2.27024;research_project_eu;TUKE;1 spoločných projektov: ACCENT;high;https://cordis.europa.eu/project/id/213855
Sorbonne Universite;Paris;France;FR;48.85341;2.3488;research_project_eu;TUKE;1 spoločných projektov: AI4EU;high;https://cordis.europa.eu/project/id/825619
Universite Paris I Pantheon-Sorbonne;Paris;France;FR;48.84681;2.34489;research_project_eu;TUKE;1 spoločných projektov: AI4EU;high;https://cordis.europa.eu/project/id/825619
Universite Paris Sciences Et Lettres;Paris;France;FR;48.85465;2.33793;research_project_eu;TUKE;1 spoločných projektov: Hy-DETAILS;high;https://cordis.europa.eu/project/id/101312096
Wavestone Advisors;Paris;France;FR;48.89047;2.24196;research_project_eu;TUKE;1 spoločných projektov: AI4EU;high;https://cordis.europa.eu/project/id/825619
Women In Ai;Paris;France;FR;48.8658;2.40646;research_project_eu;TUKE;1 spoločných projektov: AI4EU;high;https://cordis.europa.eu/project/id/825619
Hub France Ia;Paris 1;France;FR;48.8762;2.35791;research_project_eu;TUKE;1 spoločných projektov: AI4EU;high;https://cordis.europa.eu/project/id/825619
Arts Association;Paris 13;France;FR;48.82901;2.36361;research_project_eu;TUKE;1 spoločných projektov: ACCENT;high;https://cordis.europa.eu/project/id/213855
Institut National De Recherche Pour L'Agriculture, L'Alimentation Et L'Environnement;Paris Cedex 07;France;FR;48.85341;2.3488;erasmus_ka2;TUKE;Cooperation partnerships in higher education: Digital skills and cross-domain entrepreneurship for societal challenges (2021-1-PL01-KA220-HED-000027649);high;https://erasmus-plus.ec.europa.eu/projects/search/details/2021-1-PL01-KA220-HED-000027649
Institut National De Recherche Pour L'Agriculture, L'Alimentation Et L'Environnement;Paris Cedex 07;France;FR;48.85341;2.3488;coauthorship;TUKE;6 spoločných publikácií od 2015 (posledná 2024);high;https://openalex.org/works?filter=authorships.institutions.lineage:I183764125,authorships.institutions.lineage:I4210088668
Wavestone;Paris La Defense;France;FR;48.86432;2.30494;research_project_eu;TUKE;1 spoločných projektov: AI4EU;high;https://cordis.europa.eu/project/id/825619
Avenir Energie Environnement Avenia;Pau;France;FR;43.29575;-0.36857;research_project_eu;TUKE;1 spoločných projektov: WIDEX;high;https://cordis.europa.eu/project/id/101159826
Université de Rouen Normandie;Rouen;France;FR;49.44313;1.09932;coauthorship;TUKE;3 spoločných publikácií od 2015 (posledná 2023);high;https://openalex.org/works?filter=authorships.institutions.lineage:I183764125,authorships.institutions.lineage:I62396329
Laboratoire Hubert Curien;Saint-Etienne;France;FR;45.43389;4.39;coauthorship;TUKE;6 spoločných publikácií od 2015 (posledná 2018);high;https://openalex.org/works?filter=authorships.institutions.lineage:I183764125,authorships.institutions.lineage:I4210085887
Université Jean Monnet;Saint-Etienne;France;FR;45.43389;4.39;coauthorship;TUKE;3 spoločných publikácií od 2015 (posledná 2018);high;https://openalex.org/works?filter=authorships.institutions.lineage:I183764125,authorships.institutions.lineage:I86767153
University of Technology of Belfort-Montbéliard (Université de Technologie de Belfort-Montbéliard);Sevenans;France;FR;47.58583;6.86545;erasmus_eu;FEI, SvF;"študenti + zamestnanci; Erasmus kód F BELFORT06";high;https://erasmus.tuke.sk/partnerske-institucie-v-eu-a-ehp/
Groupe de Recherche en Droit, Économie, Gestion;Sophia Antipolis;France;FR;43.62235;7.04721;coauthorship;TUKE;4 spoločných publikácií od 2015 (posledná 2025);high;https://openalex.org/works?filter=authorships.institutions.lineage:I183764125,authorships.institutions.lineage:I4210096615
Nation institute of applied sciences of Strasbourg (Institut national des sciences appliquées de Strasbourg);Strasbourg;France;FR;48.58461;7.75071;erasmus_eu;FU, SvF;"študenti + zamestnanci; Erasmus kód F STRASBO31";high;https://erasmus.tuke.sk/partnerske-institucie-v-eu-a-ehp/
Universite De Strasbourg;Strasbourg;France;FR;48.58392;7.74553;erasmus_eu;TUKE;"Erasmus+ mobilita (nominácie); Erasmus kód F STRASBO48";medium;https://erasmus.tuke.sk/vyzvy-na-studentsku-mobilitu/
Universite De Strasbourg;Strasbourg;France;FR;48.58392;7.74553;coauthorship;TUKE;5 spoločných publikácií od 2015 (posledná 2026);high;https://openalex.org/works?filter=authorships.institutions.lineage:I183764125,authorships.institutions.lineage:I68947357
National School of Engineers of Tarbes (École Nationale d’Ingénieurs de Tarbes);Tarbes;France;FR;43.23286;0.0781;erasmus_eu;FBERG, FEI, FMMR, FVT, SjF, SvF;"študenti + zamestnanci; Erasmus kód F TARBES03";high;https://erasmus.tuke.sk/partnerske-institucie-v-eu-a-ehp/
National School of Engineers of Tarbes (École Nationale d’Ingénieurs de Tarbes);Tarbes;France;FR;43.23286;0.0781;research_project_eu;TUKE;1 spoločných projektov: ACCENT;high;https://cordis.europa.eu/project/id/213855
École Nationale d'Ingénieurs de Tarbes;Tarbes;France;FR;43.23286;0.0781;bilateral_agreement;FVT;Zmluvná spolupráca na úrovni fakulty;high;https://fvt.tuke.sk/en/international-cooperation
Thales Alenia Space France Sas;Toulouse;France;FR;43.60426;1.44367;research_project_eu;TUKE;1 spoločných projektov: AI4EU;high;https://cordis.europa.eu/project/id/825619
i-Trans / Transports Terrestres Promotion;Valenciennes;France;FR;50.35793;3.52348;crossborder_project;TUKE;RECORD – 2014 - 2020 Interreg Europe;high;https://keep.eu/projects/18953/
Institut National De L Environnement Industriel Et Des Risques - Ineris;Verneuil En Halatte;France;FR;49.26476;2.50008;research_project_eu;TUKE;2 spoločných projektov: INTEG-RISK, I²MINE;high;https://cordis.europa.eu/project/id/280855
University of Versailles Saint-Quentin-en-Yvelines (Université de Versailles Saint-Quentin-en-Yvelines);Versailles;France;FR;48.80354;2.12669;erasmus_eu;EkF;"študenti + zamestnanci; Erasmus kód F VERSAIL11";high;https://erasmus.tuke.sk/partnerske-institucie-v-eu-a-ehp/
Lyon 1 Université;Villeurbanne;France;FR;45.76601;4.8795;coauthorship;TUKE;9 spoločných publikácií od 2015 (posledná 2026);high;https://openalex.org/works?filter=authorships.institutions.lineage:I183764125,authorships.institutions.lineage:I100532134
Aluminium Pechiney;Voreppe;France;FR;45.3117;5.61063;research_project_eu;TUKE;1 spoločných projektov: MONSOON;high;https://cordis.europa.eu/project/id/723650
Ilia State University;Tbilisi;Georgia;GE;41.69143;44.83412;coauthorship;TUKE;5 spoločných publikácií od 2015 (posledná 2025);high;https://openalex.org/works?filter=authorships.institutions.lineage:I183764125,authorships.institutions.lineage:I183003952
Sulkhan-Saba Orbeliani University;Tbilisi;Georgia;GE;41.69346;44.80145;bilateral_agreement;FVT;Zmluvná spolupráca na úrovni fakulty (Faculty of Business and Technology);high;https://fvt.tuke.sk/en/international-cooperation
University of Georgia;Tbilisi;Georgia;GE;41.69411087036133;44.83367919921875;coauthorship;TUKE;7 spoločných publikácií od 2015 (posledná 2025);high;https://openalex.org/works?filter=authorships.institutions.lineage:I183764125,authorships.institutions.lineage:I4210126868
Mit-Management Intelligenter Technologien Gmbh;Aachen;Germany;DE;50.77635;6.08386;research_project_eu;TUKE;1 spoločných projektov: INTEG-RISK;high;https://cordis.europa.eu/project/id/213345
RWTH Aachen (RWTH Aachen University);Aachen;Germany;DE;50.77635;6.08386;erasmus_eu;FMMR;"študenti; Erasmus kód D AACHEN01";high;https://erasmus.tuke.sk/partnerske-institucie-v-eu-a-ehp/
RWTH Aachen (RWTH Aachen University);Aachen;Germany;DE;50.77635;6.08386;research_project_eu;TUKE;2 spoločných projektov: ACCENT, I²MINE;high;https://cordis.europa.eu/project/id/213855
RWTH Aachen (RWTH Aachen University);Aachen;Germany;DE;50.77635;6.08386;research_cooperation;FMMR;Partner FMMR v zahraničí;high;https://fmmr.tuke.sk/wps/portal/fmmr/spolupraca/partneri-v-zahranici
RWTH Aachen (RWTH Aachen University);Aachen;Germany;DE;50.77635;6.08386;coauthorship;TUKE;6 spoločných publikácií od 2015 (posledná 2024);high;https://openalex.org/works?filter=authorships.institutions.lineage:I183764125,authorships.institutions.lineage:I887968799
European Institute for Labour and Industrial Relations;Alsbach;Germany;DE;49.73953;8.62546;erasmus_ka2;TUKE;Strategic Partnerships for higher education: Education of Future ICT Experts Based on Smart Society Needs (2019-1-SK01-KA203-060789);high;https://erasmus-plus.ec.europa.eu/projects/search/details/2019-1-SK01-KA203-060789
media k GmbH;Bad Mergentheim;Germany;DE;49.49079;9.77317;crossborder_project;TUKE;#RomansWineDanube – 2021 - 2027 Interreg VI-B Danube;high;https://keep.eu/projects/29476/
Europäische Akademie zur Erforschung von Folgen wissenschaftlich-technischer Entwicklungen;Bad Neuenahr-Ahrweiler;Germany;DE;50.54446;7.11867;research_project_eu;TUKE;1 spoločných projektov: eGovPoliNet;high;https://cordis.europa.eu/project/id/288136
Innotec Data Gmbh & Co Kg;Bad Zwischenahn;Germany;DE;53.16142;8.04602;research_project_eu;TUKE;1 spoločných projektov: INDECT;high;https://cordis.europa.eu/project/id/218086
Allianz pro Schiene e.V.;Berlin;Germany;DE;52.51739;13.39513;crossborder_project;TUKE;FLAVIA – 2007 - 2013 Central Europe;high;https://keep.eu/projects/5488/
Berlin School of Economics and Law (Hochschule für Wirtschaft und Recht);Berlin;Germany;DE;52.51739;13.39513;erasmus_eu;EkF, FBERG, FEI;"študenti + zamestnanci; Erasmus kód D BERLIN06";high;https://erasmus.tuke.sk/partnerske-institucie-v-eu-a-ehp/
Berlin School of Economics and Law (Hochschule für Wirtschaft und Recht);Berlin;Germany;DE;52.51739;13.39513;coauthorship;TUKE;10 spoločných publikácií od 2015 (posledná 2026);high;https://openalex.org/works?filter=authorships.institutions.lineage:I183764125,authorships.institutions.lineage:I205892228
Bundesanstalt Fuer Materialforschung Und -Pruefung;Berlin;Germany;DE;52.44298;13.28769;research_project_eu;TUKE;1 spoločných projektov: INTEG-RISK;high;https://cordis.europa.eu/project/id/213345
Comparative Research Network Ev;Berlin;Germany;DE;52.48538;13.34758;erasmus_ka2;TUKE;Cooperation partnerships in adult education: Green Transitions: Building the capacity of adult educators to apply Intergenerational Lea (2023-1-SK01-KA220-ADU-000160921);high;https://erasmus-plus.ec.europa.eu/projects/search/details/2023-1-SK01-KA220-ADU-000160921
EIT RawMaterials;Berlin;Germany;DE;52.51739;13.39513;eit_kic;TUKE;"Project Agreement No. 24682 24682 (2026); Project Agreement No. 25053 25053 (2026); Project Agreement 21077 (2022)";high;https://www.crz.gov.sk/zmluva/12750807/
Federal Institute For Materials Research and Testing;Berlin;Germany;DE;52.52437;13.41053;coauthorship;TUKE;3 spoločných publikácií od 2015 (posledná 2026);high;https://openalex.org/works?filter=authorships.institutions.lineage:I183764125,authorships.institutions.lineage:I1330165540
Fiware Foundation Ev;Berlin;Germany;DE;52.52219;13.32863;research_project_eu;TUKE;1 spoločných projektov: MIDIH;high;https://cordis.europa.eu/project/id/767498
Helmholtz-Zentrum Berlin für Materialien und Energie;Berlin;Germany;DE;52.52437;13.41053;coauthorship;TUKE;4 spoločných publikácií od 2015 (posledná 2023);high;https://openalex.org/works?filter=authorships.institutions.lineage:I183764125,authorships.institutions.lineage:I2800795503
Hochschule für Technik und Wirtschaft Berlin;Berlin;Germany;DE;52.49267;13.52619;research_project_eu;TUKE;1 spoločných projektov: AI4EU;high;https://cordis.europa.eu/project/id/825619
Hochschule für Wirtschaft, Technik und Kultur;Berlin;Germany;DE;52.51739;13.39513;crossborder_project;TUKE;I-CARE-SMART – 2014 - 2020 INTERREG VB Central Europe;high;https://keep.eu/projects/21885/
Museum Fur Naturkunde - Leibniz-Institut Fur Evolutions- Und Biodiversitatsforschung An Der Humboldt-Universitat Zu Berlin;Berlin;Germany;DE;52.53049;13.37912;research_project_eu;TUKE;1 spoločných projektov: SWIM;high;https://cordis.europa.eu/project/id/101215230
Psi Transcom Gmbh;Berlin;Germany;DE;52.51739;13.39513;research_project_eu;TUKE;1 spoločných projektov: INDECT;high;https://cordis.europa.eu/project/id/218086
Technische Universitat Berlin;Berlin;Germany;DE;52.5123;13.32697;research_project_eu;TUKE;2 spoločných projektov: AI4EU, Bottom-Up NEB;high;https://cordis.europa.eu/project/id/101309397
forty five degrees GbR;Berlin;Germany;DE;52.51739;13.39513;research_project_eu;TUKE;1 spoločných projektov: Bottom-Up NEB;high;https://cordis.europa.eu/project/id/101309397
Promotionskolleg für angewandte Forschung in Nordrhein-Westfalen;Bochum;Germany;DE;51.449;7.27739;research_project_eu;TUKE;1 spoločných projektov: Hy-DETAILS;high;https://cordis.europa.eu/project/id/101312096
Ruhr University Bochum (Ruhr-Universität Bochum);Bochum;Germany;DE;51.48181;7.21966;erasmus_eu;EkF, FBERG;"študenti + zamestnanci; Erasmus kód D BOCHUM01";high;https://erasmus.tuke.sk/partnerske-institucie-v-eu-a-ehp/
Technische Hochschule Georg Agricola;Bochum;Germany;DE;51.48165;7.21648;coauthorship;TUKE;4 spoločných publikácií od 2015 (posledná 2021);high;https://openalex.org/works?filter=authorships.institutions.lineage:I183764125,authorships.institutions.lineage:I4210126259
Mavionics Gmbh;Braunschweig;Germany;DE;52.26466;10.52361;research_project_eu;TUKE;1 spoločných projektov: INTEG-RISK;high;https://cordis.europa.eu/project/id/213345
Technische Universitaet Braunschweig;Braunschweig;Germany;DE;52.27348;10.52946;research_project_eu;TUKE;1 spoločných projektov: INTEG-RISK;high;https://cordis.europa.eu/project/id/213345
Technische Universität Braunschweig;Braunschweig;Germany;DE;52.26594;10.52673;coauthorship;TUKE;3 spoločných publikácií od 2015 (posledná 2022);high;https://openalex.org/works?filter=authorships.institutions.lineage:I183764125,authorships.institutions.lineage:I94509681
WFB Wirtschaftsförderung Bremen GmbH;Bremen;Germany;DE;53.07582;8.80716;crossborder_project;TUKE;ORGANZA – 2007 - 2013 Interreg IVC;high;https://keep.eu/projects/505/
Volkshochschule Im Landkreis Cham Ev;Cham;Germany;DE;39.76733;-84.05693;erasmus_ka2;TUKE;Strategic Partnerships for adult education: Inclusive workplaces for seniors workers (2020-1-SK01-KA204-078253);high;https://erasmus-plus.ec.europa.eu/projects/search/details/2020-1-SK01-KA204-078253
CWE Chemnitzer Wirtschaftsförderungs- und Entwicklungsgesellschaft mbH;Chemnitz;Germany;DE;50.83235;12.91891;crossborder_project;TUKE;IDEA – 2007 - 2013 Central Europe;high;https://keep.eu/projects/5489/
Interessenverband Chemnitzer Maschinenbau e.V.;Chemnitz;Germany;DE;50.83235;12.91891;crossborder_project;TUKE;IDEA – 2007 - 2013 Central Europe;high;https://keep.eu/projects/5489/
Clausthal University of Technology;Clausthal-Zellerfeld;Germany;DE;51.80949;10.33821;coauthorship;TUKE;4 spoločných publikácií od 2015 (posledná 2022);high;https://openalex.org/works?filter=authorships.institutions.lineage:I183764125,authorships.institutions.lineage:I43980791
University of Cologne;Cologne;Germany;DE;50.93333;6.95;coauthorship;TUKE;7 spoločných publikácií od 2015 (posledná 2022);high;https://openalex.org/works?filter=authorships.institutions.lineage:I183764125,authorships.institutions.lineage:I180923762
Technische Hochschule Deggendorf;Deggendorf;Germany;DE;48.83335;12.96205;crossborder_project;TUKE;"DigiCare4CE – 2021 - 2027 Interreg VI-B Central Europe; REUSE2030 – 2021 - 2027 Interreg VI-B Central Europe";high;https://keep.eu/projects/27727/
International Data Spaces Ev;Dortmund;Germany;DE;51.51494;7.466;research_project_eu;TUKE;2 spoločných projektov: AI4EU, MIDIH;high;https://cordis.europa.eu/project/id/767498
Dresden University of Technology (Technische Universitaet Dresden);Dresden;Germany;DE;51.04933;13.73814;erasmus_eu;EkF;"študenti; Erasmus kód D DRESDEN02";high;https://erasmus.tuke.sk/partnerske-institucie-v-eu-a-ehp/
Helmholtz-Zentrum Dresden-Rossendorf Ev;Dresden;Germany;DE;51.06115;13.88515;research_project_eu;TUKE;1 spoločných projektov: CHROMIC;high;https://cordis.europa.eu/project/id/730471
Technische Universität Dresden;Dresden;Germany;DE;51.05089;13.73832;coauthorship;TUKE;5 spoločných publikácií od 2015 (posledná 2024);high;https://openalex.org/works?filter=authorships.institutions.lineage:I183764125,authorships.institutions.lineage:I78650965
Fehs-Institut Fur Baustoff-Forschung Ev;Duisburg;Germany;DE;51.39026;6.72728;research_project_eu;TUKE;1 spoločných projektov: CHROMIC;high;https://cordis.europa.eu/project/id/730471
Heinrich-Heine-Universitaet Duesseldorf;Dusseldorf;Germany;DE;51.19366;6.7919;research_project_eu;TUKE;1 spoločných projektov: PICASO;high;https://cordis.europa.eu/project/id/689209
Vdeh-Betriebsforschungsinstitut Gmbh;Dusseldorf;Germany;DE;51.23876;6.81425;research_project_eu;TUKE;1 spoločných projektov: CHROMIC;high;https://cordis.europa.eu/project/id/730471
Katholische Universitat Eichstatt-Ingolstadt;Eichstätt;Germany;DE;51.08342;10.42345;research_project_eu;TUKE;1 spoločných projektov: SWIM;high;https://cordis.europa.eu/project/id/101215230
Friedrich-Alexander-Universitaet Erlangen Nuernberg;Erlangen;Germany;DE;49.59788;11.00453;erasmus_ka2;TUKE;Strategic Partnerships for higher education: Recovery the Crisis through Entrepreneurial Attitude (2017-1-PL01-KA203-038438);high;https://erasmus-plus.ec.europa.eu/projects/search/details/2017-1-PL01-KA203-038438
Elektrowerk Weisweiler Gmbh;Eschweiler;Germany;DE;50.82028;6.29474;research_project_eu;TUKE;1 spoločných projektov: CHROMIC;high;https://cordis.europa.eu/project/id/730471
DMT GmbH & CO. KG;Essen;Germany;DE;51.46485;7.06304;research_project_eu;TUKE;1 spoločných projektov: I²MINE;high;https://cordis.europa.eu/project/id/280855
E.On Group Innovation Gmbh;Essen;Germany;DE;51.4247;6.99378;research_project_eu;TUKE;1 spoločných projektov: RETROTRAFO;high;https://cordis.europa.eu/project/id/101182948
University of Duisburg-Essen;Essen;Germany;DE;51.45657;7.01228;coauthorship;TUKE;5 spoločných publikácií od 2015 (posledná 2024);high;https://openalex.org/works?filter=authorships.institutions.lineage:I183764125,authorships.institutions.lineage:I62318514
Landesamt für Denkmalpflege im Regierungspräsidium Stuttgart;Esslingen a. N.;Germany;DE;48.74276;9.30717;crossborder_project;TUKE;Danube´s Archaeological eLandscapes – 2014 - 2020 INTERREG VB Danube;high;https://keep.eu/projects/25310/
Landkreis Forchheim;Forchheim;Germany;DE;49.7123;11.06643;crossborder_project;TUKE;INACO – 2021 - 2027 Interreg VI-B Central Europe;high;https://keep.eu/projects/29353/
IHK-Projektgesellschaft mbH Frankfurt (Oder);Frankfurt (Oder);Germany;DE;52.34123;14.54945;crossborder_project;TUKE;ECO4LOG – 2000 - 2006 Interreg IIIC East;high;https://keep.eu/projects/780/
Frankfurt University of Applied Sciences (Fachhochschule Frankfurt am Mai);Frankfurt am Main;Germany;DE;50.11064;8.68209;erasmus_eu;EkF, FBERG;"študenti + zamestnanci; Erasmus kód D FRANKFU04";high;https://erasmus.tuke.sk/partnerske-institucie-v-eu-a-ehp/
Freiberg University of Mining and Technology (Technische Universität Bergakademie Freiberg);Freiberg;Germany;DE;50.91694;13.34289;erasmus_eu;FBERG, FEI, FMMR, FVT, SjF, SvF;"študenti + zamestnanci; Erasmus kód D FREIBER01";high;https://erasmus.tuke.sk/partnerske-institucie-v-eu-a-ehp/
Geokompetenzzentrum Freiberg Ev;Freiberg;Germany;DE;47.59552;8.13234;research_project_eu;TUKE;1 spoločných projektov: MIREU;high;https://cordis.europa.eu/project/id/776811
TU Bergakademie Freiberg;Freiberg;Germany;DE;50.91694;13.34289;double_degree;FBERG;"Agreement on Academic Cooperation in the Frame of the Joint Study Programme “International Master of Science i (2025); Agreement on Academic Cooperation in the frame of the joint study programme (Double degree Agreement) ""Raw mat (2023)";high;https://www.crz.gov.sk/zmluva/11509003/
Aiforia GmbH;Freiburg;Germany;DE;47.99609;7.8494;crossborder_project;TUKE;DTP1-270-4.1 ATTRACTIVE DANUBE – 2014 - 2020 INTERREG VB Danube;high;https://keep.eu/projects/18507/
microTEC Südwest e.V.;Freiburg im Breisgau;Germany;DE;47.99609;7.8494;crossborder_project;TUKE;SMART CIRCUIT – 2021 - 2027 Interreg VI-B Central Europe;high;https://keep.eu/projects/27759/
Helmholtz-Zentrum Hereon;Geesthacht;Germany;DE;53.4366;10.37339;coauthorship;TUKE;4 spoločných publikácií od 2015 (posledná 2023);high;https://openalex.org/works?filter=authorships.institutions.lineage:I183764125,authorships.institutions.lineage:I4210139239
GVZ Entwicklungsgesellschaft Südwestsachsen mbH;Glauchau;Germany;DE;50.8199;12.53979;crossborder_project;TUKE;"FLAVIA – 2007 - 2013 Central Europe; ECO4LOG – 2000 - 2006 Interreg IIIC East";high;https://keep.eu/projects/5488/
Zweckverband Abfallwirtschaft Westsachsen;Grosspösna;Germany;DE;51.25648;12.47514;crossborder_project;TUKE;ENMR – 2000 - 2006 Interreg IIIC North;high;https://keep.eu/projects/268/
DESY – Deutsches Elektronen-Synchrotron;Hamburg;Germany;DE;53.55017;10.00132;research_infrastructure;FMMR;Partner FMMR v zahraničí (synchrotrónové merania);high;https://fmmr.tuke.sk/wps/portal/fmmr/spolupraca/partneri-v-zahranici
Hafencity Universitat Hamburg;Hamburg;Germany;DE;53.55034;10.00065;research_project_eu;TUKE;1 spoločných projektov: Bottom-Up NEB;high;https://cordis.europa.eu/project/id/101309397
Universität Hamburg;Hamburg;Germany;DE;53.55073;9.99302;coauthorship;TUKE;3 spoločných publikácií od 2015 (posledná 2025);high;https://openalex.org/works?filter=authorships.institutions.lineage:I183764125,authorships.institutions.lineage:I159176309
Vtg Rail Europe Gmbh;Hamburg;Germany;DE;53.54408;10.02138;research_project_eu;TUKE;1 spoločných projektov: LessThanWagonLoad;high;https://cordis.europa.eu/project/id/723274
Technolgiezentrum Horb GmbH &Co. KG;Horb a. N.;Germany;DE;48.44479;8.69148;crossborder_project;TUKE;Plan-C – 2021 - 2027 Interreg VI-B Danube;high;https://keep.eu/projects/29907/
Technologiezentrum Horb GmbH & Co. KG;Horb a. N.;Germany;DE;48.44479;8.69148;crossborder_project;TUKE;IaaS 4 DR – 2021 - 2027 Interreg VI-B Danube;high;https://keep.eu/projects/29484/
Technische Universität Ilmenau;Ilmenau;Germany;DE;50.68322;10.91858;coauthorship;TUKE;18 spoločných publikácií od 2015 (posledná 2026);high;https://openalex.org/works?filter=authorships.institutions.lineage:I183764125,authorships.institutions.lineage:I119449181
P & W Project Gmbh;Ingolstadt;Germany;DE;48.76266;11.42148;erasmus_ka2;TUKE;Knowledge Alliances for higher education: Internship Model for developing Entrepreneurial skills to higher education students (601125-EPP-1-2018-1-SK-EPPKA2-KA);high;https://erasmus-plus.ec.europa.eu/projects/search/details/601125-EPP-1-2018-1-SK-EPPKA2-KA
Friedrich Schiller University Jena;Jena;Germany;DE;50.92878;11.5899;coauthorship;TUKE;3 spoločných publikácií od 2015 (posledná 2025);high;https://openalex.org/works?filter=authorships.institutions.lineage:I183764125,authorships.institutions.lineage:I76198965
H.G. Geo Data Solutions GmbH;Jena;Germany;DE;50.92817;11.58794;research_project_eu;TUKE;1 spoločných projektov: INTEG-RISK;high;https://cordis.europa.eu/project/id/213345
Institut für Interkulturelle Kommunikation e. V. Jena;Jena;Germany;DE;50.92659;11.58402;erasmus_ka2;TUKE;Strategic Partnerships for higher education: Produktion fachsprachlicher Online-Lehr- und Lerntools und ihre Nutzung für die Ausbildung (2014-1-SK01-KA203-000470);high;https://erasmus-plus.ec.europa.eu/projects/search/details/2014-1-SK01-KA203-000470
Forschungszentrum Jülich;Jülich;Germany;DE;50.92149;6.36267;coauthorship;TUKE;3 spoločných publikácií od 2015 (posledná 2016);high;https://openalex.org/works?filter=authorships.institutions.lineage:I183764125,authorships.institutions.lineage:I171892758
Deutsches Forschungszentrum Fur Kunstliche Intelligenz Gmbh;Kaiserslautern;Germany;DE;49.42959;7.75158;research_project_eu;TUKE;2 spoločných projektov: AI4EU, RIMA;high;https://cordis.europa.eu/project/id/824990
Atrineo AG;Karlsruhe;Germany;DE;49.00687;8.40342;crossborder_project;TUKE;IaaS 4 DR – 2021 - 2027 Interreg VI-B Danube;high;https://keep.eu/projects/29484/
CyberForum e.V.;Karlsruhe;Germany;DE;49.00687;8.40342;crossborder_project;TUKE;"URBAN INNO – 2014 - 2020 INTERREG VB Central Europe; CentraLab – 2007 - 2013 Central Europe";high;https://keep.eu/projects/17695/
Fzi Forschungszentrum Informatik;Karlsruhe;Germany;DE;49.00937;8.40444;research_project_eu;TUKE;1 spoločných projektov: SWIM;high;https://cordis.europa.eu/project/id/101215230
Inno AG;Karlsruhe;Germany;DE;49.00687;8.40342;crossborder_project;TUKE;URBAN INNO – 2014 - 2020 INTERREG VB Central Europe;high;https://keep.eu/projects/17695/
Karlsruhe Institute of Technology;Karlsruhe;Germany;DE;49.00937;8.40444;coauthorship;TUKE;23 spoločných publikácií od 2015 (posledná 2024);high;https://openalex.org/works?filter=authorships.institutions.lineage:I183764125,authorships.institutions.lineage:I102335020
Karlsruher Institut Fuer Technologie;Karlsruhe;Germany;DE;49.00934;8.41218;research_project_eu;TUKE;1 spoločných projektov: AI4EU;high;https://cordis.europa.eu/project/id/825619
Karlsruher Institut Fuer Technologie;Karlsruhe;Germany;DE;49.00934;8.41218;crossborder_project;TUKE;SMERF – 2021 - 2027 Interreg VI-B Central Europe;high;https://keep.eu/projects/27760/
krumedia GmbH;Karlsruhe;Germany;DE;49.00687;8.40342;crossborder_project;TUKE;MISSION CE CLIMATE – 2021 - 2027 Interreg VI-B Central Europe;high;https://keep.eu/projects/27749/
K+S Aktiengesellschaft;Kassel;Germany;DE;51.3095;9.44718;research_project_eu;TUKE;1 spoločných projektov: I²MINE;high;https://cordis.europa.eu/project/id/280855
Sysgo Gmbh;Klein Winternheim;Germany;DE;49.94947;8.21772;research_project_eu;TUKE;1 spoločných projektov: ESPOSA;high;https://cordis.europa.eu/project/id/284859
Universitat Koblenz;Koblenz;Germany;DE;50.36369;7.55926;research_project_eu;TUKE;2 spoločných projektov: OCOPOMO, eGovPoliNet;high;https://cordis.europa.eu/project/id/248128
Deutsches Zentrum Fur Luft - Und Raumfahrt Ev;Koln;Germany;DE;52.5177;13.38949;research_project_eu;TUKE;2 spoločných projektov: AI4EU, RIMA;high;https://cordis.europa.eu/project/id/824990
Grassroots Arts And Research Ug (Haftungsbeschrankt);Koln;Germany;DE;50.9408;6.93509;research_project_eu;TUKE;1 spoločných projektov: AI4EU;high;https://cordis.europa.eu/project/id/825619
Infodas Gesellschaft Fur Systementwicklung Und Informationsverarbeitung Mbh;Koln;Germany;DE;51.02545;6.89458;research_project_eu;TUKE;1 spoločných projektov: ATM-EXCITE;high;https://cordis.europa.eu/project/id/101167361
Studiengesellschaft Fuer Unterirdische Verkehrsanlagen - Stuva E.V.;Koln;Germany;DE;50.93836;6.95997;research_project_eu;TUKE;1 spoločných projektov: INTEG-RISK;high;https://cordis.europa.eu/project/id/213345
Accurec-Recycling Gmbh;Krefeld;Germany;DE;51.44271;6.94252;research_project_eu;TUKE;1 spoločných projektov: REBELION;high;https://cordis.europa.eu/project/id/101104241
Staatliche Berufsschule Lauingen;Lauingen;Germany;DE;48.56139;10.41919;erasmus_ka2;TUKE;Strategic Partnerships for higher education: Setting the trends in IoT education (2016-1-RO01-KA203-024721);high;https://erasmus-plus.ec.europa.eu/projects/search/details/2016-1-RO01-KA203-024721
Hochschule für Telekommunikation Leipzig;Leipzig;Germany;DE;51.31281;12.37537;erasmus_ka2;TUKE;"Strategic Partnerships for higher education: The ICT Engineer of the 21st Century: Mastering Technical Competencies, Management Skills, (2017-1-HR01-KA203-035408); Strategic Partnerships for higher education: Innovative ICT Solutions for the Societal Challenges (2015-1-HR01-KA203-013124)";high;https://erasmus-plus.ec.europa.eu/projects/search/details/2017-1-HR01-KA203-035408
Institut für Nichtklassische Chemie;Leipzig;Germany;DE;51.35321044921875;12.432744026184082;coauthorship;TUKE;6 spoločných publikácií od 2015 (posledná 2026);high;https://openalex.org/works?filter=authorships.institutions.lineage:I183764125,authorships.institutions.lineage:I4210118144
Drager Safety Ag & Co Kgaa;Lubeck;Germany;DE;53.83914;10.65889;research_project_eu;TUKE;1 spoločných projektov: I²MINE;high;https://cordis.europa.eu/project/id/280855
Kunststoff-Institut Fur Mittelstandische Wirtschaft Nrw Gmbh (Kimw Nrwgmbh);Ludenscheid;Germany;DE;51.22146;7.62585;research_project_eu;TUKE;1 spoločných projektov: MONSOON;high;https://cordis.europa.eu/project/id/723650
Caterpillar Global Mining Europe Gmbh;Luenen;Germany;DE;51.61425;7.52281;research_project_eu;TUKE;1 spoločných projektov: I²MINE;high;https://cordis.europa.eu/project/id/280855
Baden-Wuerttemberg Cooperative State University Loerrach (Duale Hochschule Baden-Württemberg Lörrach);Lörrach;Germany;DE;47.61209;7.66072;erasmus_eu;EkF, FBERG, FEI, FMMR, FVT, SjF, SvF;"študenti + zamestnanci; Erasmus kód D LORRACH01";high;https://erasmus.tuke.sk/partnerske-institucie-v-eu-a-ehp/
Otto von Guericke University Magdeburg;Magdeburg;Germany;DE;52.13148;11.64008;bilateral_agreement;EkF;"Agreement (2021); Agreement (2020)";high;https://www.crz.gov.sk/zmluva/5843278/
Otto-von-Guericke-Universität Magdeburg;Magdeburg;Germany;DE;52.12773;11.62916;coauthorship;TUKE;3 spoločných publikácií od 2015 (posledná 2024);high;https://openalex.org/works?filter=authorships.institutions.lineage:I183764125,authorships.institutions.lineage:I95793202
Ludwig-Maximilians-Universitaet Muenchen;Muenchen;Germany;DE;48.1505;11.5803;erasmus_ka2;TUKE;Knowledge Alliances for higher education: Internship Model for developing Entrepreneurial skills to higher education students (601125-EPP-1-2018-1-SK-EPPKA2-KA);high;https://erasmus-plus.ec.europa.eu/projects/search/details/601125-EPP-1-2018-1-SK-EPPKA2-KA
Mtu Aero Engines Gmbh;Muenchen;Germany;DE;48.13711;11.57538;research_project_eu;TUKE;1 spoločných projektov: ACCENT;high;https://cordis.europa.eu/project/id/213855
Technische Universitaet Muenchen;Muenchen;Germany;DE;48.14885;11.568;research_project_eu;TUKE;3 spoločných projektov: AI4EU, ESPOSA, SME 5.0;high;https://cordis.europa.eu/project/id/101086487
ACEEU GmbH;Muenster;Germany;DE;51.94995;7.66633;erasmus_ka2;TUKE;Cooperation partnerships in higher education: Digital Community Engagement Accelerator for student learning and socio-economic impact (2022-1-SK01-KA220-HED-000087668);high;https://erasmus-plus.ec.europa.eu/projects/search/details/2022-1-SK01-KA220-HED-000087668
Universität Münster;Muenster;Germany;DE;51.96361;7.61314;erasmus_ka2;TUKE;"Cooperation partnerships in higher education: CURATE: Co-created stUdent centRed incubATor programmE (2023-1-FI01-KA220-HED-000152093); Mobility  of young people: UlySA4Society (2025-3-FR02-KA152-YOU-000378513)";high;https://erasmus-plus.ec.europa.eu/projects/search/details/2023-1-FI01-KA220-HED-000152093
Tomra Sorting Gmbh;Mulheim Karlich;Germany;DE;50.39374;7.51184;research_project_eu;TUKE;1 spoločných projektov: I²MINE;high;https://cordis.europa.eu/project/id/280855
Astrazeneca Computational Pathology Gmbh;Munchen;Germany;DE;48.14303;11.5471;research_project_eu;TUKE;1 spoločných projektov: INTEG-RISK;high;https://cordis.europa.eu/project/id/213345
Fortiss Gmbh;Munchen;Germany;DE;52.5177;13.38949;research_project_eu;TUKE;1 spoločných projektov: MIDIH;high;https://cordis.europa.eu/project/id/767498
Fraunhofer Gesellschaft Zur Forderung Der Angewandten Forschung Ev;Munchen;Germany;DE;48.13274;11.53015;research_project_eu;TUKE;11 spoločných projektov: AI4EU, Adapt4EE, EASTGATEH2V, ESPOSA, Hy-DETAILS, I²MINE, MIDIH, MONSOON, PICASO, WIDEX, ebbits;high;https://cordis.europa.eu/project/id/101159826
Siemens Aktiengesellschaft;Munchen;Germany;DE;52.5177;13.38949;research_project_eu;TUKE;1 spoločných projektov: AI4EU;high;https://cordis.europa.eu/project/id/825619
TUV SUD INDUSTRIE SERVICE GmbH;Munchen;Germany;DE;48.13254;11.52126;research_project_eu;TUKE;1 spoločných projektov: INTEG-RISK;high;https://cordis.europa.eu/project/id/213345
Allianz Se;Munich;Germany;DE;48.13711;11.57538;research_project_eu;TUKE;1 spoločných projektov: AI4EU;high;https://cordis.europa.eu/project/id/825619
Bayerische Forschungsallianz;Munich;Germany;DE;48.13711;11.57538;crossborder_project;TUKE;CIRCOTRONIC – 2021 - 2027 Interreg VI-B Central Europe;high;https://keep.eu/projects/27722/
Max Planck Institute for Tax Law and Public Finance;Munich;Germany;DE;48.13603973388672;11.574098587036133;coauthorship;TUKE;6 spoločných publikácií od 2015 (posledná 2021);high;https://openalex.org/works?filter=authorships.institutions.lineage:I183764125,authorships.institutions.lineage:I4210134321
Vereinigung Zur Forderung Des Deutschen Brandschutzes Ev;Munster;Germany;DE;51.95509;7.65994;research_project_eu;TUKE;1 spoločných projektov: INTEG-RISK;high;https://cordis.europa.eu/project/id/213345
Fraunhofer Gesellschaft;München;Germany;DE;48.13711;11.57538;crossborder_project;TUKE;KASSETTS – 2007 - 2013 Central Europe;high;https://keep.eu/projects/5550/
Fraunhofer Gesellschaft zur Förderung der angewandten Forschung e.V.;München;Germany;DE;48.13711;11.57538;crossborder_project;TUKE;SMART CIRCUIT – 2021 - 2027 Interreg VI-B Central Europe;high;https://keep.eu/projects/27759/
ifuplan Institut für Umweltplanung und Raumentwicklung GmbH & Co;München;Germany;DE;48.13711;11.57538;crossborder_project;TUKE;Central - BIC – 2021 - 2027 Interreg VI-B Central Europe;high;https://keep.eu/projects/29371/
Universitaet Muenster;Münster;Germany;DE;51.96361;7.61314;erasmus_eu;TUKE;"Erasmus+ mobilita (nominácie); Erasmus kód D MUNSTER01";medium;https://erasmus.tuke.sk/vyzvy-na-studentsku-mobilitu/
Universitaet Muenster;Münster;Germany;DE;51.96361;7.61314;erasmus_ka2;TUKE;European Universities: ULYSSEUS - Consolidating Ulysseus: an open to the world, persons-centred and entrepreneuri (101124733);high;https://erasmus-plus.ec.europa.eu/projects/search/details/101124733
University of Münster;Münster;Germany;DE;51.96251;7.62519;alliance;TUKE;Ulysseus Mobility Framework Agreement (2025);high;https://www.crz.gov.skTechnical University of Košice
OPAL-RT Germany GmbH;Nuremberg;Germany;DE;49.45387;11.0773;research_project_eu;TUKE;1 spoločných projektov: Hy-DETAILS;high;https://cordis.europa.eu/project/id/101312096
Ministerium für Wirtschaft des Landes Brandenburg;Potsdam;Germany;DE;52.40093;13.05914;crossborder_project;TUKE;FLAVIA – 2007 - 2013 Central Europe;high;https://keep.eu/projects/5488/
University of Applied Sciences Potsdam (Fachhochschule Potsdam);Potsdam;Germany;DE;52.40093;13.05914;erasmus_eu;SvF;"študenti + zamestnanci; Erasmus kód D POTSDAM03";high;https://erasmus.tuke.sk/partnerske-institucie-v-eu-a-ehp/
Trimble Germany GmbH;Raunheim;Germany;DE;50.00977;8.44994;research_project_eu;TUKE;1 spoločných projektov: INTEG-RISK;high;https://cordis.europa.eu/project/id/213345
R-Tech Gmbh;Regensburg;Germany;DE;49.00232;12.10059;research_project_eu;TUKE;1 spoločných projektov: SPIKE;high;https://cordis.europa.eu/project/id/217098
Universitaet Regensburg;Regensburg;Germany;DE;48.9981;12.09623;research_project_eu;TUKE;1 spoločných projektov: SPIKE;high;https://cordis.europa.eu/project/id/217098
Hochschule Bonn-Rhein-Sieg;Sankt Augustin;Germany;DE;50.78042;7.18237;research_project_eu;TUKE;1 spoločných projektov: Hy-DETAILS;high;https://cordis.europa.eu/project/id/101312096
Geopark Schwäbische Alb e.V.;Schelklingen;Germany;DE;48.37555;9.73418;crossborder_project;TUKE;Danube GeoTour Plus – 2021 - 2027 Interreg VI-B Danube;high;https://keep.eu/projects/29510/
FH Schmalkalden University of Applied Sciences (Hochschule Schmalkalden);Schmalkalden;Germany;DE;50.72136;10.45105;erasmus_eu;EkF, FBERG, FEI, FVT, SjF, SvF, TUKE;"študenti + zamestnanci; Erasmus kód D SCHMALK01";high;https://erasmus.tuke.sk/partnerske-institucie-v-eu-a-ehp/
Universitaet Siegen;Siegen;Germany;DE;50.91242;8.02362;research_project_eu;TUKE;1 spoločných projektov: Hy-DETAILS;high;https://cordis.europa.eu/project/id/101312096
Zollern Gmbh & Co Kg;Sigmaringendorf;Germany;DE;48.06688;9.2632;research_project_eu;TUKE;1 spoločných projektov: ESPOSA;high;https://cordis.europa.eu/project/id/284859
Delta Energy Systems Gmbh;Soest;Germany;DE;51.56044;8.13021;research_project_eu;TUKE;1 spoločných projektov: Hy-DETAILS;high;https://cordis.europa.eu/project/id/101312096
Bwcon GmbH;Stuttgart;Germany;DE;48.77845;9.18001;crossborder_project;TUKE;CITYCIRCLE – 2014 - 2020 INTERREG VB Central Europe;high;https://keep.eu/projects/21710/
European Foundation for Education e. V.;Stuttgart;Germany;DE;48.77845;9.18001;crossborder_project;TUKE;DTP1-115-4.1 EDU-LAB – 2014 - 2020 INTERREG VB Danube;high;https://keep.eu/projects/18491/
European Risk & Resilience Institute (Eu-Vri) Ewiv;Stuttgart;Germany;DE;48.76802;9.17197;research_project_eu;TUKE;1 spoločných projektov: INTEG-RISK;high;https://cordis.europa.eu/project/id/213345
Steinbeis 2i GmbH;Stuttgart;Germany;DE;48.77845;9.18001;crossborder_project;TUKE;"DTP2-076-1.1KnowING IPR – 2014 - 2020 INTERREG VB Danube; Culinary Trail – 2021 - 2027 Interreg VI-B Danube";high;https://keep.eu/projects/19519/
Steinbeis Eu-Vri Gmbh;Stuttgart;Germany;DE;48.71137;9.20332;research_project_eu;TUKE;1 spoločných projektov: INTEG-RISK;high;https://cordis.europa.eu/project/id/213345
Steinbeis Europa Zentrum/Steinbeis 2i GmbH;Stuttgart;Germany;DE;48.77845;9.18001;crossborder_project;TUKE;Capacity2Transform – 2021 - 2027 Interreg VI-B Central Europe;high;https://keep.eu/projects/27717/
University Of Stuttgart;Stuttgart;Germany;DE;48.78312;9.17496;research_project_eu;TUKE;1 spoločných projektov: INTEG-RISK;high;https://cordis.europa.eu/project/id/213345
University Of Stuttgart;Stuttgart;Germany;DE;48.78312;9.17496;coauthorship;TUKE;5 spoločných publikácií od 2015 (posledná 2026);high;https://openalex.org/works?filter=authorships.institutions.lineage:I183764125,authorships.institutions.lineage:I100066346
bwcon research GmbH;Stuttgart;Germany;DE;48.77845;9.18001;crossborder_project;TUKE;CI-Hub – 2021 - 2027 Interreg VI-B Danube;high;https://keep.eu/projects/29489/
Trier University of Applied Sciences (Hochschule Trier);Trier;Germany;DE;49.75962;6.64419;erasmus_eu;SvF;"študenti + zamestnanci; Erasmus kód D TRIER02";high;https://erasmus.tuke.sk/partnerske-institucie-v-eu-a-ehp/
Novineon Healthcare Technology Partners Gmbh;Tuebingen;Germany;DE;48.53113;9.08003;research_project_eu;TUKE;1 spoločných projektov: INTEG-RISK;high;https://cordis.europa.eu/project/id/213345
Grob Aircraft Ag;Tussenhausen Mattsies;Germany;DE;48.08669;10.54702;research_project_eu;TUKE;1 spoločných projektov: ESPOSA;high;https://cordis.europa.eu/project/id/284859
Sap Se;Walldorf;Germany;DE;49.29371;8.64172;research_project_eu;TUKE;2 spoločných projektov: AI4EU, ebbits;high;https://cordis.europa.eu/project/id/825619
Commodasultrasort Gmbh;Wedel;Germany;DE;53.58102;9.70388;research_project_eu;TUKE;1 spoločných projektov: I²MINE;high;https://cordis.europa.eu/project/id/280855
Transcare Gmbh;Wiesbaden;Germany;DE;50.09781;8.26094;research_project_eu;TUKE;1 spoločných projektov: LessThanWagonLoad;high;https://cordis.europa.eu/project/id/723274
Technical University of Applied Sciences Wildau (Technische Hochschule Wildau);Wildau;Germany;DE;52.32144;13.63487;erasmus_eu;FBERG, FEI, FMMR, FVT, SjF, SvF;"študenti + zamestnanci; Erasmus kód D WILDAU01";high;https://erasmus.tuke.sk/partnerske-institucie-v-eu-a-ehp/
Technical University of Applied Sciences Wildau (Technische Hochschule Wildau);Wildau;Germany;DE;52.32144;13.63487;erasmus_ka2;TUKE;Cooperation partnerships in higher education: Kształcenie w kierunku ekologicznego Przemysłu 4.0 - wzmocnienie potencjału kadr (2021-1-PL01-KA220-HED-000032229);high;https://erasmus-plus.ec.europa.eu/projects/search/details/2021-1-PL01-KA220-HED-000032229
Technical University of Applied Sciences Wildau (Technische Hochschule Wildau);Wildau;Germany;DE;52.32144;13.63487;bilateral_agreement;FVT;Zmluvná spolupráca na úrovni fakulty;high;https://fvt.tuke.sk/en/international-cooperation
Technische Fachhochschule Wildau;Wildau;Germany;DE;52.32144;13.63487;crossborder_project;TUKE;"FLAVIA – 2007 - 2013 Central Europe; ECO4LOG – 2000 - 2006 Interreg IIIC East";high;https://keep.eu/projects/5488/
University of Wismar (Hochschule Wismar);Wismar;Germany;DE;53.89098;11.46479;erasmus_eu;FU, TUKE;"študenti; Erasmus kód D WISMAR01";high;https://erasmus.tuke.sk/partnerske-institucie-v-eu-a-ehp/
University of Wuppertal (Universität Wuppertal);Wuppertal;Germany;DE;51.26402;7.17804;erasmus_eu;EkF, FBERG, FEI, FMMR, FVT, SjF, SvF, TUKE;"študenti + zamestnanci; Erasmus kód D WUPPERT01";high;https://erasmus.tuke.sk/partnerske-institucie-v-eu-a-ehp/
University of Wuppertal (Universität Wuppertal);Wuppertal;Germany;DE;51.26402;7.17804;research_project_eu;TUKE;2 spoločných projektov: INDECT, MOTIVATION;high;https://cordis.europa.eu/project/id/218086
Wuppertal Institut Fur Klima, Umwelt, Energie Ggmbh;Wuppertal;Germany;DE;51.25535;7.15256;research_project_eu;TUKE;1 spoločných projektov: Bottom-Up NEB;high;https://cordis.europa.eu/project/id/101309397
Westsachsische Hochschule Zwickau;Zwickau;Germany;DE;50.71582;12.49467;research_project_eu;TUKE;1 spoločných projektov: CO-EXIN;high;https://cordis.europa.eu/project/id/269177
University Of Ghana;Legon Accra;Ghana;GH;5.6466;-0.188;erasmus_ka2;TUKE;Capacity Building in higher education: TeProD - Improving Teachers and Students Professional Development with Twin Transition in  (101177880);high;https://erasmus-plus.ec.europa.eu/projects/search/details/101177880
University Of Education Winneba;Winneba;Ghana;GH;5.35006;-0.62134;erasmus_ka2;TUKE;Capacity Building in higher education: TeProD - Improving Teachers and Students Professional Development with Twin Transition in  (101177880);high;https://erasmus-plus.ec.europa.eu/projects/search/details/101177880
"National Center For Scientific Research """"Demokritos""""""""";Agia Paraskevi;Greece;GR;37.99929;23.81767;research_project_eu;TUKE;2 spoločných projektov: AI4EU, INTEG-RISK;high;https://cordis.europa.eu/project/id/825619
"National Center For Scientific Research """"Demokritos""""""""";Agia Paraskevi;Greece;GR;37.99929;23.81767;erasmus_ka2;TUKE;Centers of Vocational Excellence: INVESTech - Innovation Vocational Excellence in Tech (101143958);high;https://erasmus-plus.ec.europa.eu/projects/search/details/101143958
University of West Attica (Periféria Attikís);Aigaleo;Greece;GR;37.99157;23.68188;erasmus_eu;FBERG, FEI, FMMR, FVT, SjF, SvF, TUKE;"študenti + zamestnanci; Erasmus kód G EGALEO02";high;https://erasmus.tuke.sk/partnerske-institucie-v-eu-a-ehp/
University of West Attica (Periféria Attikís);Aigaleo;Greece;GR;37.99157;23.68188;research_project_eu;TUKE;1 spoločných projektov: PROMATAI;high;https://cordis.europa.eu/project/id/101129698
University of West Attica (Periféria Attikís);Aigaleo;Greece;GR;37.99157;23.68188;erasmus_ka2;TUKE;Centers of Vocational Excellence: SECOVE - Sustainable Energy Centres of Vocational Excellence (101056201);high;https://erasmus-plus.ec.europa.eu/projects/search/details/101056201
University of West Attica (Periféria Attikís);Aigaleo;Greece;GR;37.99157;23.68188;coauthorship;TUKE;9 spoločných publikácií od 2015 (posledná 2026);high;https://openalex.org/works?filter=authorships.institutions.lineage:I183764125,authorships.institutions.lineage:I4210094138
Technologiko Ekpedeftiko Idryma Ipirou;Arta;Greece;GR;39.16132;20.98626;erasmus_ka2;TUKE;Strategic Partnerships for higher education: Social Network based doctoral Education on Industry 4.0 (2017-1-SE01-KA203-034524);high;https://erasmus-plus.ec.europa.eu/projects/search/details/2017-1-SE01-KA203-034524
ELKEME – Hellenic Research Centre for Metals;Athens;Greece;GR;37.97556;23.73483;research_cooperation;FVT;Zmluvná spolupráca na úrovni fakulty;high;https://fvt.tuke.sk/en/international-cooperation
Iiek Delta;Athens;Greece;GR;37.98273;23.73577;erasmus_ka2;TUKE;Strategic Partnerships for vocational education and training: Tracking Learning and Career Paths of VET graduates, to improve quality of VET provision (2018-1-SK01-KA202-046331);high;https://erasmus-plus.ec.europa.eu/projects/search/details/2018-1-SK01-KA202-046331
Mnlt Innovations Ike;Athens;Greece;GR;37.99422;23.76725;research_project_eu;TUKE;1 spoločných projektov: WIDEX;high;https://cordis.europa.eu/project/id/101159826
National and Kapodistrian University of Athens;Athens;Greece;GR;37.983760833740234;23.727840423583984;bilateral_agreement;TUKE;Memorandum of Understanding (2021);high;https://www.crz.gov.sk/zmluva/6024951/
National and Kapodistrian University of Athens;Athens;Greece;GR;37.983760833740234;23.727840423583984;coauthorship;TUKE;14 spoločných publikácií od 2015 (posledná 2026);high;https://openalex.org/works?filter=authorships.institutions.lineage:I183764125,authorships.institutions.lineage:I200777214
Omospondia Viomichanikon Ergatoupallilikon Somateion;Athens;Greece;GR;25.46259;81.6255;erasmus_ka2;TUKE;Strategic Partnerships for adult education: Inclusive workplaces for seniors workers (2020-1-SK01-KA204-078253);high;https://erasmus-plus.ec.europa.eu/projects/search/details/2020-1-SK01-KA204-078253
Syndesmos Pros Proagogi Ton Symferonton Ton Anonymon Etaireion;Athens;Greece;GR;37.97823;23.73484;erasmus_ka2;TUKE;Knowledge Alliances for higher education: Internship Model for developing Entrepreneurial skills to higher education students (601125-EPP-1-2018-1-SK-EPPKA2-KA);high;https://erasmus-plus.ec.europa.eu/projects/search/details/601125-EPP-1-2018-1-SK-EPPKA2-KA
Synetairismos Ergazomenon Commonspace - Architektoniki, Astikos Schediasmos, Chorikes Stratigikes Kai Symmetochikos Schediasmos;Athens;Greece;GR;37.97556;23.73483;erasmus_ka2;TUKE;Centers of Vocational Excellence: INVESTech - Innovation Vocational Excellence in Tech (101143958);high;https://erasmus-plus.ec.europa.eu/projects/search/details/101143958
Anonymi Emporiki Etairia Anaptyxiskai Ypiresion Kai Proioton Se Tomeis Ypsilis Technologias;Athina;Greece;GR;37.97556;23.73483;research_project_eu;TUKE;1 spoločných projektov: EBEST;high;https://cordis.europa.eu/project/id/243554
Dimosia Epicheirisi Ilektrismou Anonymi Etaireia;Athina;Greece;GR;37.98394;23.72831;research_project_eu;TUKE;1 spoločných projektov: INERTIA;high;https://cordis.europa.eu/project/id/318216
Erevnitiko Panepistimiako Institouto Systimaton Epikoinonion Kai Ypologiston;Athina;Greece;GR;37.98826;23.73057;research_project_eu;TUKE;1 spoločných projektov: PLUGGY;high;https://cordis.europa.eu/project/id/726765
Ethniko Kai Kapodistriako Panepistimio Athinon;Athina;Greece;GR;37.97851;23.73252;research_project_eu;TUKE;1 spoločných projektov: AI4EU;high;https://cordis.europa.eu/project/id/825619
Ethniko Kai Kapodistriako Panepistimio Athinon;Athina;Greece;GR;37.97851;23.73252;erasmus_ka2;TUKE;Cooperation partnerships in vocational education and training: Protection against flash floods (2022-1-SK01-KA220-VET-000086741);high;https://erasmus-plus.ec.europa.eu/projects/search/details/2022-1-SK01-KA220-VET-000086741
Kentro Merimnas Oikogeneias Kai Paidiou;Athina;Greece;GR;38.03028;23.49033;erasmus_ka2;TUKE;Cooperation partnerships in adult education: Seniors Climate Action (2022-2-SK01-KA220-ADU-000098350);high;https://erasmus-plus.ec.europa.eu/projects/search/details/2022-2-SK01-KA220-ADU-000098350
National Technical University Of Athens - Ntua;Athina;Greece;GR;38.03028;23.49033;erasmus_ka2;TUKE;Cooperation partnerships in higher education: ErgoDesign – Improving digital skills for Ergonomics and Bioengineering Innovations for in (2021-1-PL01-KA220-HED-000031182);high;https://erasmus-plus.ec.europa.eu/projects/search/details/2021-1-PL01-KA220-HED-000031182
Piraeus Bank Group Cultural Foundation;Athina;Greece;GR;37.98415;23.72798;research_project_eu;TUKE;1 spoločných projektov: PLUGGY;high;https://cordis.europa.eu/project/id/726765
Sxoles Delta Athinas Ekpaideftikianonymi Etaireia;Athina;Greece;GR;37.97556;23.73483;erasmus_ka2;TUKE;Centers of Vocational Excellence: SECOVE - Sustainable Energy Centres of Vocational Excellence (101056201);high;https://erasmus-plus.ec.europa.eu/projects/search/details/101056201
National Technical University of Athens (Ethnicon Metsovion Polytechnion);Athína;Greece;GR;37.97556;23.73483;erasmus_eu;FVT;"študenti + zamestnanci; Erasmus kód G ATHINE02";high;https://erasmus.tuke.sk/partnerske-institucie-v-eu-a-ehp/
National Technical University of Athens (Ethnicon Metsovion Polytechnion);Athína;Greece;GR;37.97556;23.73483;research_project_eu;TUKE;1 spoločných projektov: MIREU;high;https://cordis.europa.eu/project/id/776811
Hypertech (Chaipertek) Anonymos Viomichaniki Emporiki Etaireia Pliroforikis Kai Neon Technologion;Chalandri Athina;Greece;GR;38.02152;23.79841;research_project_eu;TUKE;2 spoločných projektov: Adapt4EE, INERTIA;high;https://cordis.europa.eu/project/id/288150
Directorate of Secondary Education, Chania;Chania;Greece;GR;35.51352;24.02967;erasmus_ka2;TUKE;Strategic Partnerships for vocational education and training: Developing Innovative Science Outreach for Vocational Education to Encourage STEM Careers  (2017-1-BG01-KA202-036327);high;https://erasmus-plus.ec.europa.eu/projects/search/details/2017-1-BG01-KA202-036327
Polytechneio Kritis;Chania;Greece;GR;35.51208;24.01915;erasmus_ka2;TUKE;"Strategic Partnerships for vocational education and training: Technology for Industry 4 for teachers and trainers of vocational education (2019-1-SK01-KA202-060772); Strategic Partnerships for vocational education and training: Multifunctional Innovative Learning Assisting Network for VET in Advanced Manufacturing (2018-1-PL01-KA202-050812)";high;https://erasmus-plus.ec.europa.eu/projects/search/details/2019-1-SK01-KA202-060772
Technical University Of Crete;Chania;Greece;GR;38.99537;21.98771;research_project_eu;TUKE;1 spoločných projektov: INTEG-RISK;high;https://cordis.europa.eu/project/id/213345
Technical University Of Crete;Chania;Greece;GR;38.99537;21.98771;coauthorship;TUKE;3 spoločných publikácií od 2015 (posledná 2025);high;https://openalex.org/works?filter=authorships.institutions.lineage:I183764125,authorships.institutions.lineage:I55741626
The Research Committee Of The Technical University Of Crete;Chania;Greece;GR;35.51208;24.01915;erasmus_ka2;TUKE;Strategic Partnerships for vocational education and training: Developing Innovative Science Outreach for Vocational Education to Encourage STEM Careers  (2017-1-BG01-KA202-036327);high;https://erasmus-plus.ec.europa.eu/projects/search/details/2017-1-BG01-KA202-036327
Panepistimio Ioanninon;Ioannina;Greece;GR;39.60076;20.84514;erasmus_ka2;TUKE;Knowledge Alliances for higher education: Internship Model for developing Entrepreneurial skills to higher education students (601125-EPP-1-2018-1-SK-EPPKA2-KA);high;https://erasmus-plus.ec.europa.eu/projects/search/details/601125-EPP-1-2018-1-SK-EPPKA2-KA
University of Ioannina;Ioannina;Greece;GR;39.664859771728516;20.851890563964844;coauthorship;TUKE;4 spoločných publikácií od 2015 (posledná 2023);high;https://openalex.org/works?filter=authorships.institutions.lineage:I183764125,authorships.institutions.lineage:I194019607
Idryma Technologias Kai Erevnas;Irakleio;Greece;GR;35.33614;25.1265;research_project_eu;TUKE;1 spoločných projektov: AI4EU;high;https://cordis.europa.eu/project/id/825619
Hellenic Mediterranean University;Irákleio;Greece;GR;35.33908;25.13328;erasmus_eu;EkF;"študenti + zamestnanci; Erasmus kód G KRITIS05";high;https://erasmus.tuke.sk/partnerske-institucie-v-eu-a-ehp/
Tero Monoprosopi Ike;Kalamaria;Greece;GR;38.99537;21.98771;research_project_eu;TUKE;1 spoločných projektov: SCORE;high;https://cordis.europa.eu/project/id/101003534
Artit Athens Μονοπροσωπη Ιδιωτικη Κεφαλαιουχικη Εταιρεια;Kifisia;Greece;GR;38.08817;23.81806;erasmus_ka2;TUKE;"Cooperation partnerships in adult education: Seniors Climate Action (2022-2-SK01-KA220-ADU-000098350); Cooperation partnerships in higher education: Digital Art Courses in Higher Education Institutions (2021-1-PL01-KA220-HED-000029379)";high;https://erasmus-plus.ec.europa.eu/projects/search/details/2022-2-SK01-KA220-ADU-000098350
Digit Αι Ιδιωτικη Κεφαλαιουχικη Εταιρεια;Kifisia;Greece;GR;38.08817;23.81806;erasmus_ka2;TUKE;Cooperation partnerships in higher education: Digital Art Courses in Higher Education Institutions (2021-1-PL01-KA220-HED-000029379);high;https://erasmus-plus.ec.europa.eu/projects/search/details/2021-1-PL01-KA220-HED-000029379
Kilkis Chamber;Kilkis;Greece;GR;40.99359;22.87415;research_project_eu;TUKE;1 spoločných projektov: EBEST;high;https://cordis.europa.eu/project/id/243554
University of Western Macedonia (Panepistimio Dytikis Makedonias);Kozani;Greece;GR;40.30073;21.78831;erasmus_eu;FBERG, FEI, FMMR, FVT, SjF, SvF;"študenti + zamestnanci; Erasmus kód G KOZANI02";high;https://erasmus.tuke.sk/partnerske-institucie-v-eu-a-ehp/
Farmacon S.A.;Larissa;Greece;GR;39.62401;22.39586;erasmus_ka2;TUKE;Strategic Partnerships for vocational education and training: A digital tool development to train women from rural areas on literacies (2020-1-SI01-KA202-075891);high;https://erasmus-plus.ec.europa.eu/projects/search/details/2020-1-SI01-KA202-075891
School of Pedagogical and Technological Education;Marousi;Greece;GR;38.04999923706055;23.799999237060547;coauthorship;TUKE;21 spoločných publikácií od 2015 (posledná 2021);high;https://openalex.org/works?filter=authorships.institutions.lineage:I183764125,authorships.institutions.lineage:I254421610
Ypourgeio Paideias, Thriskevmaton Kai Athlitismou;Marousi, Attiki;Greece;GR;38.03637;23.8184;erasmus_ka2;TUKE;"Centers of Vocational Excellence: INVESTech - Innovation Vocational Excellence in Tech (101143958); Centers of Vocational Excellence: SECOVE - Sustainable Energy Centres of Vocational Excellence (101056201)";high;https://erasmus-plus.ec.europa.eu/projects/search/details/101143958
University of the Aegean;Mytilini;Greece;GR;39.10374;26.55479;erasmus_eu;EkF;"zamestnanci; Erasmus kód G ATHINE41";high;https://erasmus.tuke.sk/partnerske-institucie-v-eu-a-ehp/
University of the Aegean;Mytilini;Greece;GR;39.10374;26.55479;erasmus_ka2;TUKE;Cooperation partnerships in higher education: GREEN Dimension: Adapting Learning in Higher Education (2024-1-SK01-KA220-HED-000243273);high;https://erasmus-plus.ec.europa.eu/projects/search/details/2024-1-SK01-KA220-HED-000243273
Περιφέρεια Δυτικής Ελλάδας;Patra;Greece;GR;38.24624;21.73508;crossborder_project;TUKE;ENMR – 2000 - 2006 Interreg IIIC North;high;https://keep.eu/projects/268/
Aintek Symvouloi Epicheiriseon Efarmoges Ypsilis Technologias Ekpaidefsi Anonymi Etaireia;Peiraias;Greece;GR;37.93746;23.64187;erasmus_ka2;TUKE;"Strategic Partnerships for adult education: Inclusive workplaces for seniors workers (2020-1-SK01-KA204-078253); Strategic Partnerships for vocational education and training: Tracking Learning and Career Paths of VET graduates, to improve quality of VET provision (2018-1-SK01-KA202-046331); Strategic Partnerships for adult education: Managing Migration and Diversity through Local Government Capacity Building (2016-1-SK01-KA204-022518); Strategic Partnerships addressing more than one field: Strategic Partnership for Creativity and Entrepreneurship (2014-1-PL01-KA200-003341); Capacity Building in higher education: Triggering innovative approaches, entrepreneurial skills and attitudes in HEI learners thr (617309-EPP-1-2020-1-SK-EPPKA2-CBHE-JP); Centers of Vocational Excellence: INVESTech - Innovation Vocational Excellence in Tech (101143958) (+7)";high;https://erasmus-plus.ec.europa.eu/projects/search/details/2020-1-SK01-KA204-078253
Viotexniko Epimelitirio Peiraia;Peiraias;Greece;GR;37.94811;23.64231;erasmus_ka2;TUKE;Centers of Vocational Excellence: SECOVE - Sustainable Energy Centres of Vocational Excellence (101056201);high;https://erasmus-plus.ec.europa.eu/projects/search/details/101056201
University of Piraeus Research Centre;Peiraiás;Greece;GR;37.94316;23.64706;erasmus_eu;EkF, FEI;"študenti + zamestnanci; Erasmus kód G PIREAS01";high;https://erasmus.tuke.sk/partnerske-institucie-v-eu-a-ehp/
Centre For Renewable Energy Sources And Saving Fondation;Pikermi;Greece;GR;38.00163;23.94103;erasmus_ka2;TUKE;Centers of Vocational Excellence: SECOVE - Sustainable Energy Centres of Vocational Excellence (101056201);high;https://erasmus-plus.ec.europa.eu/projects/search/details/101056201
Clio Muse Etairia Anaptixis Efarmogon Gia Ton Politismo Ike;Prebeza;Greece;GR;38.959;20.74967;research_project_eu;TUKE;1 spoločných projektov: PLUGGY;high;https://cordis.europa.eu/project/id/726765
University of Patras;Pátrai;Greece;GR;38.24443817138672;21.734439849853516;coauthorship;TUKE;3 spoločných publikácií od 2015 (posledná 2020);high;https://openalex.org/works?filter=authorships.institutions.lineage:I183764125,authorships.institutions.lineage:I174878644
Panepistimio Kritis;Rethimno;Greece;GR;35.36765;24.47361;erasmus_eu;TUKE;"Erasmus+ mobilita (nominácie); Erasmus kód G KRITIS01";medium;https://erasmus.tuke.sk/vyzvy-na-studentsku-mobilitu/
Panepistimio Patron;Rio Patras;Greece;GR;38.20485;21.73891;erasmus_eu;TUKE;"Erasmus+ mobilita (nominácie); Erasmus kód G PATRA01";medium;https://erasmus.tuke.sk/vyzvy-na-studentsku-mobilitu/
Panepistimio Patron;Rio Patras;Greece;GR;38.20485;21.73891;research_project_eu;TUKE;1 spoločných projektov: RIMA;high;https://cordis.europa.eu/project/id/824990
Ινστιτούτο Βιομηχανικών Συστημάτων;Rio Patras;Greece;GR;38.29499;21.79557;crossborder_project;TUKE;ENMR – 2000 - 2006 Interreg IIIC North;high;https://keep.eu/projects/268/
Technologiko Ekpaideftiko Idryma Kentrikis Makedonias;Serres;Greece;GR;41.07837;23.55357;erasmus_ka2;TUKE;Strategic Partnerships for higher education: Politiche Abitative per l'Edilizia Sostenibile (2015-1-IT02-KA203-014974);high;https://erasmus-plus.ec.europa.eu/projects/search/details/2015-1-IT02-KA203-014974
Ethniko Kentro Erevnas Kai Technologikis Anaptyxis;Thermi Thessaloniki;Greece;GR;40.5625;23.00231;research_project_eu;TUKE;6 spoločných projektov: AI4EU, Adapt4EE, INERTIA, LIFEBOTS Exchange, MONSOON, eGovPoliNet;high;https://cordis.europa.eu/project/id/723650
Anazitites Theatrou;Thessaloniki;Greece;GR;40.633;22.94011;erasmus_ka2;TUKE;Cooperation partnerships in vocational education and training: Promoting creativity microbusiness though web tools in rural area (2021-1-SK01-KA220-VET-000032999);high;https://erasmus-plus.ec.europa.eu/projects/search/details/2021-1-SK01-KA220-VET-000032999
Apostolina Tsaltampasi Kai Sia Ee;Thessaloniki;Greece;GR;40.6384;22.92871;erasmus_ka2;TUKE;Cooperation partnerships in adult education: Green Transitions: Building the capacity of adult educators to apply Intergenerational Lea (2023-1-SK01-KA220-ADU-000160921);high;https://erasmus-plus.ec.europa.eu/projects/search/details/2023-1-SK01-KA220-ADU-000160921
Aristotle University of Thessaloniki (Aristoteleio Panepistimio Thessalonikis);Thessaloniki;Greece;GR;40.64032;22.93527;erasmus_eu;EkF, FMMR, FVT, TUKE;"študenti + zamestnanci; Erasmus kód G THESSAL01";high;https://erasmus.tuke.sk/partnerske-institucie-v-eu-a-ehp/
Aristotle University of Thessaloniki (Aristoteleio Panepistimio Thessalonikis);Thessaloniki;Greece;GR;40.64032;22.93527;research_project_eu;TUKE;1 spoločných projektov: AI4EU;high;https://cordis.europa.eu/project/id/825619
Aristotle University of Thessaloniki (Aristoteleio Panepistimio Thessalonikis);Thessaloniki;Greece;GR;40.64032;22.93527;erasmus_ka2;TUKE;"Strategic Partnerships for higher education: Construction Safety with Education and Training using Immersive Reality (2019-1-SK01-KA203-060778); Cooperation partnerships in higher education: M100Academy: Interdisciplinary Training for Climate-Neutral Cities (2025-1-RO01-KA220-HED-000360687)";high;https://erasmus-plus.ec.europa.eu/projects/search/details/2019-1-SK01-KA203-060778
Aristotle University of Thessaloniki (Aristoteleio Panepistimio Thessalonikis);Thessaloniki;Greece;GR;40.64032;22.93527;coauthorship;TUKE;7 spoločných publikácií od 2015 (posledná 2026);high;https://openalex.org/works?filter=authorships.institutions.lineage:I183764125,authorships.institutions.lineage:I21370196
Ellino-Italiko Epimelitirio;Thessaloniki;Greece;GR;40.61607;22.96323;erasmus_ka2;TUKE;Strategic Partnerships for higher education: Politiche Abitative per l'Edilizia Sostenibile (2015-1-IT02-KA203-014974);high;https://erasmus-plus.ec.europa.eu/projects/search/details/2015-1-IT02-KA203-014974
Euroconsultants S.A.;Thessaloniki;Greece;GR;40.64032;22.93527;research_project_eu;TUKE;1 spoločných projektov: EBEST;high;https://cordis.europa.eu/project/id/243554
Scholes Delta Voreiou Ellados Anonymi Etaireia;Thessaloniki;Greece;GR;40.63598;22.94073;erasmus_ka2;TUKE;Centers of Vocational Excellence: SECOVE - Sustainable Energy Centres of Vocational Excellence (101056201);high;https://erasmus-plus.ec.europa.eu/projects/search/details/101056201
Περιφερειακο Ταμειο Αναπτυξης Κεντρικης Μακεδονιας;Thessaloniki;Greece;GR;40.64032;22.93527;crossborder_project;TUKE;CITISYSTEM – 2021 - 2027 Interreg VI-C Interreg Europe;high;https://keep.eu/projects/32926/
University of Peloponnese;Tripolis;Greece;GR;37.52647;22.34874;erasmus_eu;FEI;"študenti + zamestnanci; Erasmus kód G TRIPOLI03";high;https://erasmus.tuke.sk/partnerske-institucie-v-eu-a-ehp/
University Of Thessaly (Panepistimio Thessalias);Volos;Greece;GR;39.36248;22.94019;erasmus_eu;EkF;"študenti + zamestnanci; Erasmus kód G VOLOS01";high;https://erasmus.tuke.sk/partnerske-institucie-v-eu-a-ehp/
Hong Kong Metropolitan University;Hong Kong;Hong Kong;HK;22.34924;114.18578;bilateral_agreement;TUKE;"Memorandum of Understanding (2026); Student Exchange Agreement (2026)";high;https://www.crz.gov.sk/zmluva/12315563/
Hong Kong Polytechnic University;Hong Kong;Hong Kong;HK;22.27832;114.17469;coauthorship;TUKE;3 spoločných publikácií od 2015 (posledná 2026);high;https://openalex.org/works?filter=authorships.institutions.lineage:I183764125,authorships.institutions.lineage:I14243506
Apertus Tavoktatas Fejlesztesi Modszertani Kozpont Tanacsado Es Szolgaltato Kozhasznu Tarsasag;Budapest;Hungary;HU;47.49788;19.04024;research_project_eu;TUKE;1 spoločných projektov: INDECT;high;https://cordis.europa.eu/project/id/218086
BILK KOMBITERMINÁL Zrt.;Budapest;Hungary;HU;47.49788;19.04024;crossborder_project;TUKE;FLAVIA – 2007 - 2013 Central Europe;high;https://keep.eu/projects/5488/
Bay Zoltan Alkalmazott Kutatasi Kozhasznu Nonprofit Kft.;Budapest;Hungary;HU;47.45302;19.04253;research_project_eu;TUKE;1 spoločných projektov: INTEG-RISK;high;https://cordis.europa.eu/project/id/213345
Budapest Főváros XI. Kerület Újbuda Önkormányzata;Budapest;Hungary;HU;47.49788;19.04024;crossborder_project;TUKE;I-CARE-SMART – 2014 - 2020 INTERREG VB Central Europe;high;https://keep.eu/projects/21885/
Budapest Főváros XII. kerület Hegyvidéki Önkormányzat;Budapest;Hungary;HU;47.49788;19.04024;crossborder_project;TUKE;#mountgreenfra – 2021 - 2027 Interreg VI-A Hungary-Slovakia;high;https://keep.eu/projects/32102/
Budapest Metropolitan University;Budapest;Hungary;HU;47.49788;19.04024;ceepus;TUKE;CEEPUS HU-0028-20-2627: Active Methods in Teaching and Learning Mathematics, Informatics and their Appli;high;https://www.ceepus.info/nw/0028-2627
Budapest University of Technology and Economics (Budapesti Műszaki és Gazdaságtudományi Egyetem);Budapest;Hungary;HU;47.49788;19.04024;erasmus_eu;EkF, FBERG, LF, SvF;"študenti + zamestnanci; Erasmus kód HU BUDAPES02";high;https://erasmus.tuke.sk/partnerske-institucie-v-eu-a-ehp/
Budapest University of Technology and Economics (Budapesti Műszaki és Gazdaságtudományi Egyetem);Budapest;Hungary;HU;47.49788;19.04024;research_project_eu;TUKE;2 spoločných projektov: AI4EU, ESPOSA;high;https://cordis.europa.eu/project/id/825619
Budapest University of Technology and Economics (Budapesti Műszaki és Gazdaságtudományi Egyetem);Budapest;Hungary;HU;47.49788;19.04024;ceepus;TUKE;"CEEPUS PL-0007-22-2627: Metronet - network for modern measuring and manufacturing technologies; CEEPUS RS-0065-19-2425: Intelligent Automation for Competitive Advantage; CEEPUS RS-0304-19-2627: Technical Characteristics Researching of Modern Products in Machine Industry wit; CEEPUS RS-1011-12-2627: Fostering sustainable partnership between academia and industry in improving app; CEEPUS RS-1012-12-2627: Building Knowledge and Experience Exchange in CFD; CEEPUS HR-1302-09-2627: Research and Education of Environmental Risks (+2)";high;https://www.ceepus.info/nw/0007-2627
Budapest University of Technology and Economics (Budapesti Műszaki és Gazdaságtudományi Egyetem);Budapest;Hungary;HU;47.49788;19.04024;crossborder_project;TUKE;I-CARE-SMART – 2014 - 2020 INTERREG VB Central Europe;high;https://keep.eu/projects/21885/
Budapest University of Technology and Economics (Budapesti Műszaki és Gazdaságtudományi Egyetem);Budapest;Hungary;HU;47.49788;19.04024;coauthorship;TUKE;44 spoločných publikácií od 2015 (posledná 2026);high;https://openalex.org/works?filter=authorships.institutions.lineage:I183764125,authorships.institutions.lineage:I29770179
Budapesti Corvinus Egyetem;Budapest;Hungary;HU;47.48617;19.05784;erasmus_ka2;TUKE;Forward looking cooperation projects: SELF-REFLECTION TOOLS FOR SMART UNIVERSITIES ACTING REGIONALLY - RE-ACT (612903-EPP-1-2019-1-PT-EPPKA3-PI-FORWARD);high;https://erasmus-plus.ec.europa.eu/projects/search/details/612903-EPP-1-2019-1-PT-EPPKA3-PI-FORWARD
Budapesti Kereskedelmi és Iparkamara;Budapest;Hungary;HU;47.49788;19.04024;crossborder_project;TUKE;"DTP1-260-1.1; InnoHPC – 2014 - 2020 INTERREG VB Danube; DTP2-076-1.1KnowING IPR – 2014 - 2020 INTERREG VB Danube; Culinary Trail – 2021 - 2027 Interreg VI-B Danube";high;https://keep.eu/projects/18508/
Corvinno Technologia Transfer Központ Nonprofit Közhasznú Kft.;Budapest;Hungary;HU;47.49788;19.04024;crossborder_project;TUKE;CentraLab – 2007 - 2013 Central Europe;high;https://keep.eu/projects/5543/
Corvinno Technologia Transzfer Kozpont Nonprofit Kozhasznu Kft;Budapest;Hungary;HU;47.49788;19.04024;research_project_eu;TUKE;1 spoločných projektov: EBEST;high;https://cordis.europa.eu/project/id/243554
Corvinus University of Budapest;Budapest;Hungary;HU;47.49788;19.04024;ceepus;TUKE;"CEEPUS MK-1301-09-2627: CESEENet - Central, East and South-East European PhD Network in Management and E; CEEPUS RS-1412-08-2627 (Umbrella): Interdisciplinary approach for enhancing knowledge in supply chain analytics (SC";high;https://www.ceepus.info/nw/1301-2627
DAS - Budapest University of Technology and Economics;Budapest;Hungary;HU;47.49788;19.04024;crossborder_project;TUKE;NELI – 2007 - 2013 South East Europe;high;https://keep.eu/projects/602/
DC - Danube Commission;Budapest;Hungary;HU;47.49788;19.04024;crossborder_project;TUKE;NELI – 2007 - 2013 South East Europe;high;https://keep.eu/projects/602/
Dennis Gabor University;Budapest;Hungary;HU;47.49788;19.04024;ceepus;TUKE;CEEPUS CZ-1503-07-2627 (Umbrella): Development of Computational Thinking;high;https://www.ceepus.info/nw/1503-2627
Együttható Közösségépítő Egyesület;Budapest;Hungary;HU;47.49788;19.04024;crossborder_project;TUKE;MEET – 2021 - 2027 Interreg VI-B Danube;high;https://keep.eu/projects/29904/
Eötvös Loránd University (Eötvös Loránd Tudományegyetem);Budapest;Hungary;HU;47.49788;19.04024;erasmus_eu;FBERG, FEI;"študenti + zamestnanci; Erasmus kód HU BUDAPES01";high;https://erasmus.tuke.sk/partnerske-institucie-v-eu-a-ehp/
Eötvös Loránd University (Eötvös Loránd Tudományegyetem);Budapest;Hungary;HU;47.49788;19.04024;research_project_eu;TUKE;1 spoločných projektov: AI4EU;high;https://cordis.europa.eu/project/id/825619
Eötvös Loránd University (Eötvös Loránd Tudományegyetem);Budapest;Hungary;HU;47.49788;19.04024;ceepus;TUKE;"CEEPUS HU-0019-22-2627: International Cooperation in Computer Science; CEEPUS RS-0038-22-2627: Fundamental and Applied Geological Science and Education to Drive Progress in Ce";high;https://www.ceepus.info/nw/0019-2627
Eötvös Loránd University (Eötvös Loránd Tudományegyetem);Budapest;Hungary;HU;47.49788;19.04024;erasmus_ka2;TUKE;"Strategic Partnerships for higher education: Focusing Education on Composability, Comprehensibility and Correctness of Working Software (2017-1-SK01-KA203-035402); Strategic Partnerships for higher education: Promoting Sustainability as a Fundamental Driver in Software Development Training and Educ (2020-1-PT01-KA203-078646)";high;https://erasmus-plus.ec.europa.eu/projects/search/details/2017-1-SK01-KA203-035402
Eötvös Loránd University (Eötvös Loránd Tudományegyetem);Budapest;Hungary;HU;47.49788;19.04024;crossborder_project;TUKE;Smart Communities 2.0 – 2014 - 2020 INTERREG V-A Slovakia - Hungary;high;https://keep.eu/projects/27326/
Eötvös Loránd University (Eötvös Loránd Tudományegyetem);Budapest;Hungary;HU;47.49788;19.04024;coauthorship;TUKE;16 spoločných publikácií od 2015 (posledná 2026);high;https://openalex.org/works?filter=authorships.institutions.lineage:I183764125,authorships.institutions.lineage:I106118109
Gablini Kereskedelmi és Szolgáltató Korlátolt Felelősségű Társaság;Budapest;Hungary;HU;47.49788;19.04024;crossborder_project;TUKE;V4Grid – 2021 - 2027 Interreg VI-B Central Europe;high;https://keep.eu/projects/29381/
HETFA Kutatóintézet Kft.;Budapest;Hungary;HU;47.49788;19.04024;crossborder_project;TUKE;MEET – 2021 - 2027 Interreg VI-B Danube;high;https://keep.eu/projects/29904/
HUN-REN Research Centre for Astronomy and Earth Sciences;Budapest;Hungary;HU;47.49835;19.04045;coauthorship;TUKE;3 spoločných publikácií od 2015 (posledná 2023);high;https://openalex.org/works?filter=authorships.institutions.lineage:I183764125,authorships.institutions.lineage:I4210128682
HUN-REN Wigner Research Centre for Physics;Budapest;Hungary;HU;47.49835;19.04045;coauthorship;TUKE;14 spoločných publikácií od 2015 (posledná 2026);high;https://openalex.org/works?filter=authorships.institutions.lineage:I183764125,authorships.institutions.lineage:I4210126225
Hungarian Academy of Sciences;Budapest;Hungary;HU;47.49835;19.04045;coauthorship;TUKE;5 spoločných publikácií od 2015 (posledná 2020);high;https://openalex.org/works?filter=authorships.institutions.lineage:I183764125,authorships.institutions.lineage:I7597260
HÉTFA Kutatóintézet és Elemző Központ;Budapest;Hungary;HU;47.49788;19.04024;crossborder_project;TUKE;MEET – 2021 - 2027 Interreg VI-B Danube;high;https://keep.eu/projects/29904/
Institute for Solid State Physics and Optics;Budapest;Hungary;HU;47.49835;19.04045;coauthorship;TUKE;11 spoločných publikácií od 2015 (posledná 2026);high;https://openalex.org/works?filter=authorships.institutions.lineage:I183764125,authorships.institutions.lineage:I4210107617
Konkoly Observatory;Budapest;Hungary;HU;47.500553131103516;18.964324951171875;coauthorship;TUKE;7 spoločných publikácií od 2015 (posledná 2026);high;https://openalex.org/works?filter=authorships.institutions.lineage:I183764125,authorships.institutions.lineage:I2802129078
Kozlekedestudomanyi Intezet Kht.;Budapest;Hungary;HU;47.49788;19.04024;crossborder_project;TUKE;ECO4LOG – 2000 - 2006 Interreg IIIC East;high;https://keep.eu/projects/780/
Kulgazdasagi Es Kulugyminiszterium;Budapest;Hungary;HU;47.51116;19.03906;research_project_eu;TUKE;1 spoločných projektov: SWIM;high;https://cordis.europa.eu/project/id/101215230
Lechner Nonprofit Kft.;Budapest;Hungary;HU;47.49788;19.04024;crossborder_project;TUKE;DTP1-270-4.1 ATTRACTIVE DANUBE – 2014 - 2020 INTERREG VB Danube;high;https://keep.eu/projects/18507/
Ludovika University of Public Service;Budapest;Hungary;HU;47.49835;19.04045;bilateral_agreement;TUKE;Memorandum of Understanding (2024);high;https://www.crz.gov.sk/zmluva/8793470/
Ludovika University of Public Service;Budapest;Hungary;HU;47.49835;19.04045;coauthorship;TUKE;4 spoločných publikácií od 2015 (posledná 2024);high;https://openalex.org/works?filter=authorships.institutions.lineage:I183764125,authorships.institutions.lineage:I1331168281
MGFÜ Közhasznú Nonprofit Kft.;Budapest;Hungary;HU;47.49788;19.04024;crossborder_project;TUKE;CI-Hub – 2021 - 2027 Interreg VI-B Danube;high;https://keep.eu/projects/29489/
Magyar Iparszovetseg;Budapest;Hungary;HU;47.49788;19.04024;research_project_eu;TUKE;1 spoločných projektov: EBEST;high;https://cordis.europa.eu/project/id/243554
Magyar Logisztikai Egyesület;Budapest;Hungary;HU;47.49788;19.04024;crossborder_project;TUKE;FLAVIA – 2007 - 2013 Central Europe;high;https://keep.eu/projects/5488/
Magyar Nemzeti Múzeum;Budapest;Hungary;HU;47.49788;19.04024;crossborder_project;TUKE;Danube´s Archaeological eLandscapes – 2014 - 2020 INTERREG VB Danube;high;https://keep.eu/projects/25310/
Magyar Természetvédők Szövetsége;Budapest;Hungary;HU;47.49788;19.04024;crossborder_project;TUKE;DECA – 2021 - 2027 Interreg VI-B Danube;high;https://keep.eu/projects/29493/
Meter Solutions Kft.;Budapest;Hungary;HU;47.49788;19.04024;crossborder_project;TUKE;V4Grid – 2021 - 2027 Interreg VI-B Central Europe;high;https://keep.eu/projects/29381/
Mol Magyar Olaj Es Gazipari Nyilvanosan Mukodo Reszvenytarsasag;Budapest;Hungary;HU;47.47379;19.0516;research_project_eu;TUKE;1 spoločných projektov: INTEG-RISK;high;https://cordis.europa.eu/project/id/213345
Premium Napelem Kft.;Budapest;Hungary;HU;47.49788;19.04024;crossborder_project;TUKE;V4Grid – 2021 - 2027 Interreg VI-B Central Europe;high;https://keep.eu/projects/29381/
RSOE - National Association of Radio Distress-Signalling and Infocommunications;Budapest;Hungary;HU;47.49788;19.04024;crossborder_project;TUKE;NELI – 2007 - 2013 South East Europe;high;https://keep.eu/projects/602/
Semmelweis Egyetem;Budapest;Hungary;HU;47.48715;19.06738;erasmus_ka2;TUKE;Knowledge Alliances for higher education: Internship Model for developing Entrepreneurial skills to higher education students (601125-EPP-1-2018-1-SK-EPPKA2-KA);high;https://erasmus-plus.ec.europa.eu/projects/search/details/601125-EPP-1-2018-1-SK-EPPKA2-KA
Tomori Pal College (Tomori Pál Főiskola);Budapest;Hungary;HU;47.49788;19.04024;erasmus_eu;EkF, FBERG;"zamestnanci; Erasmus kód HU KALOCSA01";high;https://erasmus.tuke.sk/partnerske-institucie-v-eu-a-ehp/
University of Veterinary Medicine;Budapest;Hungary;HU;47.49835;19.04045;coauthorship;TUKE;6 spoločných publikácií od 2015 (posledná 2025);high;https://openalex.org/works?filter=authorships.institutions.lineage:I183764125,authorships.institutions.lineage:I4210136554
Óbuda University (Óbudai Egyetem);Budapest;Hungary;HU;47.49788;19.04024;erasmus_eu;FBERG, FEI, FMMR, FU, FVT, SjF, SvF, TUKE;"študenti + zamestnanci; Erasmus kód HU BUDAPES16";high;https://erasmus.tuke.sk/partnerske-institucie-v-eu-a-ehp/
Óbuda University (Óbudai Egyetem);Budapest;Hungary;HU;47.49788;19.04024;ceepus;TUKE;"CEEPUS SK-0067-22-2627: Future Skills for Digitalized Production and Education; CEEPUS PL-0701-15-2627: Engineering as Communication Language in Europe; CEEPUS PL-0901-13-2627: Teaching and research in advanced manufacturing; CEEPUS BA-1402-08-2627 (Umbrella): New teaching technologies and new applications in modernization of teaching at t; CEEPUS HU-1506-07-2627: Ergonomics and Human Factors Regional Educational CEEPUS Network; CEEPUS RS-1511-07-2627: Research and Development of New Technologies for Innovative Product Development (+2)";high;https://www.ceepus.info/nw/0067-2627
Óbuda University (Óbudai Egyetem);Budapest;Hungary;HU;47.49788;19.04024;bilateral_agreement;TUKE;Memorandum of Understanding (2025);high;https://www.crz.gov.sk/zmluva/10288618/
Óbuda University (Óbudai Egyetem);Budapest;Hungary;HU;47.49788;19.04024;erasmus_ka2;TUKE;Supplementary Bilateral Agreement for the Pannónia Programme for entities with existing Erasmus+ Bilateral Int (2024);high;https://www.crz.gov.sk/zmluva/9198962/
Óbuda University (Óbudai Egyetem);Budapest;Hungary;HU;47.49788;19.04024;erasmus_ka2;TUKE;"Cooperation partnerships in higher education: ErgoDesign – Improving digital skills for Ergonomics and Bioengineering Innovations for in (2021-1-PL01-KA220-HED-000031182); Strategic Partnerships for school education: Network for Inter-Institutional Cooperation in Entrepreneurial Education (2020-1-CZ01-KA201-078488)";high;https://erasmus-plus.ec.europa.eu/projects/search/details/2021-1-PL01-KA220-HED-000031182
Óbuda University (Óbudai Egyetem);Budapest;Hungary;HU;47.49788;19.04024;coauthorship;TUKE;58 spoločných publikácií od 2015 (posledná 2026);high;https://openalex.org/works?filter=authorships.institutions.lineage:I183764125,authorships.institutions.lineage:I103356709
Budapest Business University (Budapesti Gazdasági Egyetem);Budapesti;Hungary;HU;47.49788;19.04024;erasmus_eu;EkF;"študenti + zamestnanci; Erasmus kód HU BUDAPES20";high;https://erasmus.tuke.sk/partnerske-institucie-v-eu-a-ehp/
Nagy-Ferenczi Termelo Kereskedelmies Szolgaltato Kft;Bukkaranyos;Hungary;HU;47.98532;20.78042;research_project_eu;TUKE;1 spoločných projektov: KNOWBRIDGE;high;https://cordis.europa.eu/project/id/229747
Debreceni Egyetem;Debrecen;Hungary;HU;47.55501;21.62471;erasmus_ka2;TUKE;"Strategic Partnerships for higher education: Education of Future ICT Experts Based on Smart Society Needs (2019-1-SK01-KA203-060789); Strategic Partnerships for higher education: The ICT Engineer of the 21st Century: Mastering Technical Competencies, Management Skills, (2017-1-HR01-KA203-035408); Strategic Partnerships for higher education: Innovative ICT Solutions for the Societal Challenges (2015-1-HR01-KA203-013124)";high;https://erasmus-plus.ec.europa.eu/projects/search/details/2019-1-SK01-KA203-060789
Debreceni Egyetem;Debrecen;Hungary;HU;47.55501;21.62471;crossborder_project;TUKE;Central - BIC – 2021 - 2027 Interreg VI-B Central Europe;high;https://keep.eu/projects/29371/
Omnipack Első Magyar Csomagolástechnikai Klaszter, legally represented by DBH InnoHub Kft.;Debrecen;Hungary;HU;47.5314;21.62598;crossborder_project;TUKE;Plan-C – 2021 - 2027 Interreg VI-B Danube;high;https://keep.eu/projects/29907/
University of Debrecen;Debrecen;Hungary;HU;47.53167;21.62444;ceepus;TUKE;"CEEPUS RO-0013-22-2627: Teaching and Research of Environment-oriented Technologies in Manufacturing; CEEPUS HU-0028-20-2627: Active Methods in Teaching and Learning Mathematics, Informatics and their Appli; CEEPUS SK-0030-22-2627: Internationalisation and development of joint activities in the field of smart f; CEEPUS PL-0033-22-2627: Development of mechanical engineering (design, technology and production managem; CEEPUS RO-0202-20-2627: Enhancing the use of blended e-learning as an internationalization tool in the f; CEEPUS RS-0507-16-2627: Research, Development and Education in Precision Machining (+4)";high;https://www.ceepus.info/nw/0013-2627
University of Debrecen;Debrecen;Hungary;HU;47.53167;21.62444;coauthorship;TUKE;5 spoločných publikácií od 2015 (posledná 2024);high;https://openalex.org/works?filter=authorships.institutions.lineage:I183764125,authorships.institutions.lineage:I132735039
University of Dunaújváros;Dunaújváros;Hungary;HU;46.96479;18.93974;ceepus;TUKE;"CEEPUS BA-1402-08-2627 (Umbrella): New teaching technologies and new applications in modernization of teaching at t; CEEPUS SK-2024-02-2627: Virtual and augmented reality in the training and teaching of technical subjects";high;https://www.ceepus.info/nw/1402-2627
University of Dunaújváros;Dunaújváros;Hungary;HU;46.96479;18.93974;coauthorship;TUKE;4 spoločných publikácií od 2015 (posledná 2021);high;https://openalex.org/works?filter=authorships.institutions.lineage:I183764125,authorships.institutions.lineage:I96221595
Bükki Nemzeti Park Igazgatóság;Eger;Hungary;HU;47.89899;20.37437;crossborder_project;TUKE;Danube GeoTour Plus – 2021 - 2027 Interreg VI-B Danube;high;https://keep.eu/projects/29510/
Eszterházy Károly Catholic University (Eszterházy Károly Katolikus Egyetem);Eger;Hungary;HU;47.89899;20.37437;erasmus_eu;FU;"študenti + zamestnanci; Erasmus kód HU EGER02";high;https://erasmus.tuke.sk/partnerske-institucie-v-eu-a-ehp/
Eszterházy Károly Catholic University (Eszterházy Károly Katolikus Egyetem);Eger;Hungary;HU;47.89899;20.37437;ceepus;TUKE;CEEPUS HU-0028-20-2627: Active Methods in Teaching and Learning Mathematics, Informatics and their Appli;high;https://www.ceepus.info/nw/0028-2627
Szechenyi Istvan Egyetem;Gyor;Hungary;HU;47.69284;17.62844;research_project_eu;TUKE;1 spoločných projektov: SWIM;high;https://cordis.europa.eu/project/id/101215230
Széchenyi István University;Gyor;Hungary;HU;47.69284;17.62844;ceepus;TUKE;"CEEPUS PL-0701-15-2627: Engineering as Communication Language in Europe; CEEPUS PL-0901-13-2627: Teaching and research in advanced manufacturing; CEEPUS RS-1511-07-2627: Research and Development of New Technologies for Innovative Product Development";high;https://www.ceepus.info/nw/0701-2627
Széchenyi István University;Gyor;Hungary;HU;47.69284;17.62844;erasmus_ka2;TUKE;"Strategic Partnerships for higher education: Education of Future ICT Experts Based on Smart Society Needs (2019-1-SK01-KA203-060789); Strategic Partnerships for higher education: The ICT Engineer of the 21st Century: Mastering Technical Competencies, Management Skills, (2017-1-HR01-KA203-035408); Strategic Partnerships for higher education: Innovative ICT Solutions for the Societal Challenges (2015-1-HR01-KA203-013124)";high;https://erasmus-plus.ec.europa.eu/projects/search/details/2019-1-SK01-KA203-060789
MTA Közgazdaság- és Regionális Tudományi Kutatóközpont;Győr;Hungary;HU;47.6835;17.63428;crossborder_project;TUKE;Smart Communities – 2014 - 2020 INTERREG V-A Slovakia - Hungary;high;https://keep.eu/projects/18316/
Pannon Gazdasági Hálózat Egyesület;Győr;Hungary;HU;47.6835;17.63428;crossborder_project;TUKE;"URBAN INNO – 2014 - 2020 INTERREG VB Central Europe; DTP2-076-1.1KnowING IPR – 2014 - 2020 INTERREG VB Danube; SMART CIRCUIT – 2021 - 2027 Interreg VI-B Central Europe; SMERF – 2021 - 2027 Interreg VI-B Central Europe; IaaS 4 DR – 2021 - 2027 Interreg VI-B Danube; DTP1-006-1.1 CrowdStream – 2014 - 2020 INTERREG VB Danube";high;https://keep.eu/projects/17695/
Hungarian University of Agriculture and Life Sciences;Gödöllo;Hungary;HU;47.60153;19.3477;ceepus;TUKE;"CEEPUS SK-0044-21-2627: Applied Economics and Management; CEEPUS RO-0202-20-2627: Enhancing the use of blended e-learning as an internationalization tool in the f; CEEPUS PL-0701-15-2627: Engineering as Communication Language in Europe; CEEPUS RS-1012-12-2627: Building Knowledge and Experience Exchange in CFD; CEEPUS BA-1402-08-2627 (Umbrella): New teaching technologies and new applications in modernization of teaching at t";high;https://www.ceepus.info/nw/0044-2627
Szent István Egyetem;Gödöllő;Hungary;HU;47.60153;19.3477;crossborder_project;TUKE;Smart Communities – 2014 - 2020 INTERREG V-A Slovakia - Hungary;high;https://keep.eu/projects/18316/
Bács-Kiskun County Foundation for Enterprise Promotion;Kecskemet;Hungary;HU;46.90754;19.69223;crossborder_project;TUKE;KASSETTS – 2007 - 2013 Central Europe;high;https://keep.eu/projects/5550/
John von Neumann University (Neumann János Egyetem);Kecskemet;Hungary;HU;46.90754;19.69223;erasmus_eu;EkF, FBERG, FEI, FMMR, FVT, SjF, SvF, TUKE;"študenti + zamestnanci; Erasmus kód HU KECSKEM03";high;https://erasmus.tuke.sk/partnerske-institucie-v-eu-a-ehp/
John von Neumann University (Neumann János Egyetem);Kecskemet;Hungary;HU;46.90754;19.69223;ceepus;TUKE;"CEEPUS RO-0013-22-2627: Teaching and Research of Environment-oriented Technologies in Manufacturing; CEEPUS RS-0507-16-2627: Research, Development and Education in Precision Machining; CEEPUS PL-0701-15-2627: Engineering as Communication Language in Europe; CEEPUS RS-1511-07-2627: Research and Development of New Technologies for Innovative Product Development; CEEPUS SK-2024-02-2627: Virtual and augmented reality in the training and teaching of technical subjects; CEEPUS SK-2026-02-2627: Development of engineering knowledge for interdisciplinary applications taking i";high;https://www.ceepus.info/nw/0013-2627
John von Neumann University (Neumann János Egyetem);Kecskemet;Hungary;HU;46.90754;19.69223;crossborder_project;TUKE;DTP1-115-4.1 EDU-LAB – 2014 - 2020 INTERREG VB Danube;high;https://keep.eu/projects/18491/
John von Neumann University (Neumann János Egyetem);Kecskemet;Hungary;HU;46.90754;19.69223;coauthorship;TUKE;6 spoločných publikácií od 2015 (posledná 2026);high;https://openalex.org/works?filter=authorships.institutions.lineage:I183764125,authorships.institutions.lineage:I4210142209
Tisza European Grouping of Territorial Cooperation;Kisvárda;Hungary;HU;48.22576;22.07842;crossborder_project;TUKE;REVITAL I – 2014 - 2020 Hungary - Slovakia - Romania - Ukraine ENI CBC;high;https://keep.eu/projects/23031/
Közösség a Megújuló Vidékért Egyesület;Legénd;Hungary;HU;47.87799;19.31104;crossborder_project;TUKE;Smart Communities – 2014 - 2020 INTERREG V-A Slovakia - Hungary;high;https://keep.eu/projects/18316/
Bora 94 Borsod-Abauj-Zemplen Megyeifejlesztesi Ugynokseg Kozhasznu Nonprofit Korlatolt Felelossegu Tarsasag;Miskolc;Hungary;HU;48.10451;20.77862;erasmus_ka2;TUKE;Strategic Partnerships for vocational education and training: Education for Local Development of Rural Areas (2017-1-SK01-KA202-035388);high;https://erasmus-plus.ec.europa.eu/projects/search/details/2017-1-SK01-KA202-035388
Borsod-Abaúj-Zempén Megyei Katasztrófavédelmi Igazgatóság;Miskolc;Hungary;HU;48.10306;20.79004;crossborder_project;TUKE;FLOODRESC – 2014 - 2020 INTERREG V-A Slovakia - Hungary;high;https://keep.eu/projects/18323/
Enin Koernyezetipari Klaszter KFT.;Miskolc;Hungary;HU;48.10306;20.79004;research_project_eu;TUKE;1 spoločných projektov: KNOWBRIDGE;high;https://cordis.europa.eu/project/id/229747
Holocén Természetvédelmi Egyesület;Miskolc;Hungary;HU;48.10306;20.79004;crossborder_project;TUKE;FLOODRESC – 2014 - 2020 INTERREG V-A Slovakia - Hungary;high;https://keep.eu/projects/18323/
Innospectrum Nyilt Innovációs Szolgáltatások Kutato-Fejleszto És Tanacsado Nonprofit Korlatolt Felelossegu Tarsasag;Miskolc;Hungary;HU;48.09208;20.70496;erasmus_ka2;TUKE;Strategic Partnerships addressing more than one field: HECOS FOR ETHICS – Higher Education and CompanieS FOsteRing ETHICal Skills (2014-1-IT01-KA200-002484);high;https://erasmus-plus.ec.europa.eu/projects/search/details/2014-1-IT01-KA200-002484
Miskolc Holding Onkormanyzati Vagyonkezelo Zartkoruen Mukodo Reszvenytarsasag;Miskolc;Hungary;HU;48.10315;20.79022;research_project_eu;TUKE;1 spoločných projektov: KNOWBRIDGE;high;https://cordis.europa.eu/project/id/229747
NORDA ESZAK-MAGYARORSZAGI REGIONALIS FEJLESZTESI UGYNOKSEG KOZHASZNU nonprofit KORLATOLT FELELOSSEGU TARSASAG;Miskolc;Hungary;HU;48.10266;20.78177;research_project_eu;TUKE;1 spoločných projektov: KNOWBRIDGE;high;https://cordis.europa.eu/project/id/229747
University of Miskolc (Miskolci Egyetem);Miskolc;Hungary;HU;48.10306;20.79004;erasmus_eu;EkF, FBERG, FEI, FMMR, FVT, SjF, SvF, TUKE;"študenti + zamestnanci; Erasmus kód HU MISKOLC01";high;https://erasmus.tuke.sk/partnerske-institucie-v-eu-a-ehp/
University of Miskolc (Miskolci Egyetem);Miskolc;Hungary;HU;48.10306;20.79004;research_project_eu;TUKE;1 spoločných projektov: KNOWBRIDGE;high;https://cordis.europa.eu/project/id/229747
University of Miskolc (Miskolci Egyetem);Miskolc;Hungary;HU;48.10306;20.79004;ceepus;TUKE;"CEEPUS RO-0013-22-2627: Teaching and Research of Environment-oriented Technologies in Manufacturing; CEEPUS HU-0028-20-2627: Active Methods in Teaching and Learning Mathematics, Informatics and their Appli; CEEPUS SK-0030-22-2627: Internationalisation and development of joint activities in the field of smart f; CEEPUS PL-0033-22-2627: Development of mechanical engineering (design, technology and production managem; CEEPUS RO-0058-19-2627: DESIGN, IMPLEMENTATION AND USE OF JOINT PROGRAMS ON  ARTIFICIAL INTELIGENCE, QUA; CEEPUS SK-0067-22-2627: Future Skills for Digitalized Production and Education (+8)";high;https://www.ceepus.info/nw/0013-2627
University of Miskolc (Miskolci Egyetem);Miskolc;Hungary;HU;48.10306;20.79004;bilateral_agreement;TUKE;Agreement on Academic Exchange and Cooperation Agreement on Academic Exchange and Cooperation (2023);high;https://www.crz.gov.sk/zmluva/8202288/
University of Miskolc (Miskolci Egyetem);Miskolc;Hungary;HU;48.10306;20.79004;research_cooperation;FBERG;Consortium Agreement (2023);high;https://www.crz.gov.sk/zmluva/7917423/
University of Miskolc (Miskolci Egyetem);Miskolc;Hungary;HU;48.10306;20.79004;crossborder_project;TUKE;"FLOODRESC – 2014 - 2020 INTERREG V-A Slovakia - Hungary; #enviras – 2021 - 2027 Interreg VI-A Hungary-Slovakia";high;https://keep.eu/projects/18323/
University of Miskolc (Miskolci Egyetem);Miskolc;Hungary;HU;48.10306;20.79004;crossborder_project;TUKE;"HUSKROUA/1101/194 – 2007 - 2013 Hungary-Slovakia-Romania-Ukraine ENPI CBC; NET4SENERGY – 2014 - 2020 Hungary - Slovakia - Romania - Ukraine ENI CBC; REVITAL I – 2014 - 2020 Hungary - Slovakia - Romania - Ukraine ENI CBC; DIKEINSPECT – 2014 - 2020 Hungary - Slovakia - Romania - Ukraine ENI CBC";high;https://keep.eu/projects/23951/
University of Miskolc (Miskolci Egyetem);Miskolc;Hungary;HU;48.10306;20.79004;coauthorship;TUKE;32 spoločných publikácií od 2015 (posledná 2026);high;https://openalex.org/works?filter=authorships.institutions.lineage:I183764125,authorships.institutions.lineage:I20230540
Észak-magyarországi Vízügyi Igazgatóság;Miskolc;Hungary;HU;48.10306;20.79004;crossborder_project;TUKE;#enviras – 2021 - 2027 Interreg VI-A Hungary-Slovakia;high;https://keep.eu/projects/32093/
Trebag Szellemi Tulajdon- Es Projektmenedzser Kft;Nagykovacsi;Hungary;HU;47.5713;18.89665;erasmus_ka2;TUKE;Strategic Partnerships addressing more than one field: Strategic Partnership for Creativity and Entrepreneurship (2014-1-PL01-KA200-003341);high;https://erasmus-plus.ec.europa.eu/projects/search/details/2014-1-PL01-KA200-003341
Trebag Szellemi Tulajdon- Es Projektmenedzser Korlatolt Felelossegu Tarsasag;Nagykovacsi;Hungary;HU;47.5713;18.89665;erasmus_ka2;TUKE;"Strategic Partnerships for adult education: Inclusive workplaces for seniors workers (2020-1-SK01-KA204-078253); Strategic Partnerships for adult education: Managing Migration and Diversity through Local Government Capacity Building (2016-1-SK01-KA204-022518); Knowledge Alliances for higher education: Internship Model for developing Entrepreneurial skills to higher education students (601125-EPP-1-2018-1-SK-EPPKA2-KA)";high;https://erasmus-plus.ec.europa.eu/projects/search/details/2020-1-SK01-KA204-078253
Helyben a hely(i)ert Videkfejleszto Egyesulet;Nemesvamos;Hungary;HU;47.04979;17.87754;research_project_eu;TUKE;1 spoločných projektov: SWIM;high;https://cordis.europa.eu/project/id/101215230
University of Nyíregyháza (Nyíregyházi Egyetem);Nyiregyhaza;Hungary;HU;47.95578;21.7168;erasmus_eu;FBERG, FEI, FMMR, FVT, SjF, SvF;"študenti + zamestnanci; Erasmus kód HU NYIREGY04";high;https://erasmus.tuke.sk/partnerske-institucie-v-eu-a-ehp/
University of Nyíregyháza (Nyíregyházi Egyetem);Nyiregyhaza;Hungary;HU;47.95578;21.7168;ceepus;TUKE;"CEEPUS RO-0013-22-2627: Teaching and Research of Environment-oriented Technologies in Manufacturing; CEEPUS PL-0033-22-2627: Development of mechanical engineering (design, technology and production managem; CEEPUS RO-0058-19-2627: DESIGN, IMPLEMENTATION AND USE OF JOINT PROGRAMS ON  ARTIFICIAL INTELIGENCE, QUA; CEEPUS RO-0202-20-2627: Enhancing the use of blended e-learning as an internationalization tool in the f; CEEPUS RS-0304-19-2627: Technical Characteristics Researching of Modern Products in Machine Industry wit; CEEPUS RS-0507-16-2627: Research, Development and Education in Precision Machining (+5)";high;https://www.ceepus.info/nw/0013-2627
University of Nyíregyháza (Nyíregyházi Egyetem);Nyiregyhaza;Hungary;HU;47.95578;21.7168;crossborder_project;TUKE;NESiCA – 2014 - 2020 Hungary - Slovakia - Romania - Ukraine ENI CBC;high;https://keep.eu/projects/24116/
University of Nyíregyháza (Nyíregyházi Egyetem);Nyiregyhaza;Hungary;HU;47.95578;21.7168;bilateral_agreement;FVT;Zmluvná spolupráca na úrovni fakulty;high;https://fvt.tuke.sk/en/international-cooperation
Hálózat a Regionális Fejlesztésért Alapítvány;Nyíregyháza;Hungary;HU;47.95578;21.7168;crossborder_project;TUKE;#RomansWineDanube – 2021 - 2027 Interreg VI-B Danube;high;https://keep.eu/projects/29476/
Szabolcs-Szatmár-Bereg County;Nyíregyháza;Hungary;HU;47.95578;21.7168;crossborder_project;TUKE;NESiCA – 2014 - 2020 Hungary - Slovakia - Romania - Ukraine ENI CBC;high;https://keep.eu/projects/24116/
Upper-Tisza Regional Water Directorate;Nyíregyháza;Hungary;HU;47.95578;21.7168;crossborder_project;TUKE;DIKEINSPECT – 2014 - 2020 Hungary - Slovakia - Romania - Ukraine ENI CBC;high;https://keep.eu/projects/25883/
Pilisborosjenő Község Önkormányzata;Pilisborosjenő;Hungary;HU;47.60728;18.99203;crossborder_project;TUKE;#mountgreenfra – 2021 - 2027 Interreg VI-A Hungary-Slovakia;high;https://keep.eu/projects/32102/
DDRIÜ Dél-Dunántúli Regionális Innovációs Ügynökség Nonprofit Korlátolt Felelősségű Társaság;Pécs;Hungary;HU;46.07651;18.22803;crossborder_project;TUKE;REUSE2030 – 2021 - 2027 Interreg VI-B Central Europe;high;https://keep.eu/projects/29370/
University of Pécs;Pécs;Hungary;HU;46.07651;18.22803;ceepus;TUKE;"CEEPUS PL-0815-14-2627 (Umbrella): Europe from the Visegrad and Balkan Perspective; CEEPUS BG-1103-11-2627: Modelling, Simulation and Computer-aided Design in Engineering and Management; CEEPUS AL-2001-02-2627 (Umbrella): AI-Optimized Solutions for Remote Monitoring and Digital Health";high;https://www.ceepus.info/nw/0815-2627
Zsolnay Örökségkezelő Nonprofit Kft;Pécs;Hungary;HU;46.07651;18.22803;crossborder_project;TUKE;#RomansWineDanube – 2021 - 2027 Interreg VI-B Danube;high;https://keep.eu/projects/29476/
Interindustria Tudásközpont Alapítvány;Salgótarján;Hungary;HU;48.09607;19.80056;crossborder_project;TUKE;"Smart Communities – 2014 - 2020 INTERREG V-A Slovakia - Hungary; Smart Communities 2.0 – 2014 - 2020 INTERREG V-A Slovakia - Hungary";high;https://keep.eu/projects/18316/
Balatoni Integrációs és Fejlesztési Ügynökség Közhasznú Nonprofit Kft;Siófok;Hungary;HU;46.90717;18.05416;crossborder_project;TUKE;INACO – 2021 - 2027 Interreg VI-B Central Europe;high;https://keep.eu/projects/29353/
University of Sopron (Soproni Egyetem);Sopron;Hungary;HU;47.68031;16.59835;erasmus_eu;FBERG, FEI, FMMR, FU, FVT, SjF, SvF;"študenti + zamestnanci; Erasmus kód HU SOPRON01";high;https://erasmus.tuke.sk/partnerske-institucie-v-eu-a-ehp/
University of Sopron (Soproni Egyetem);Sopron;Hungary;HU;47.68031;16.59835;ceepus;TUKE;"CEEPUS HU-0028-20-2627: Active Methods in Teaching and Learning Mathematics, Informatics and their Appli; CEEPUS SK-0044-21-2627: Applied Economics and Management";high;https://www.ceepus.info/nw/0028-2627
Első Magyar Felelősségteljes Innováció Egyesület;Szeged;Hungary;HU;46.25463;20.1486;crossborder_project;TUKE;"DTP1-270-4.1 ATTRACTIVE DANUBE – 2014 - 2020 INTERREG VB Danube; #RomansWineDanube – 2021 - 2027 Interreg VI-B Danube";high;https://keep.eu/projects/18507/
University of Szeged;Szeged;Hungary;HU;46.253;20.14824;ceepus;TUKE;"CEEPUS HU-0019-22-2627: International Cooperation in Computer Science; CEEPUS SK-0044-21-2627: Applied Economics and Management; CEEPUS RS-0304-19-2627: Technical Characteristics Researching of Modern Products in Machine Industry wit; CEEPUS RS-1011-12-2627: Fostering sustainable partnership between academia and industry in improving app; CEEPUS RS-1012-12-2627: Building Knowledge and Experience Exchange in CFD; CEEPUS BA-1402-08-2627 (Umbrella): New teaching technologies and new applications in modernization of teaching at t (+2)";high;https://www.ceepus.info/nw/0019-2627
University of Szeged;Szeged;Hungary;HU;46.253;20.14824;bilateral_agreement;FVT;Zmluvná spolupráca na úrovni fakulty (Faculty of Engineering);high;https://fvt.tuke.sk/en/international-cooperation
University of Szeged;Szeged;Hungary;HU;46.253;20.14824;coauthorship;TUKE;13 spoločných publikácií od 2015 (posledná 2026);high;https://openalex.org/works?filter=authorships.institutions.lineage:I183764125,authorships.institutions.lineage:I227486990
Innoskart Vállalkozásfejlesztési Nomprofit Kft.;Székesfehérvár;Hungary;HU;47.19102;18.41081;crossborder_project;TUKE;Plan-C – 2021 - 2027 Interreg VI-B Danube;high;https://keep.eu/projects/29907/
KDRIÜ Közép-dunántúli Regionális Innovációs Ügynökség Nonprofit Kft.;Székesfehérvár;Hungary;HU;47.19102;18.41081;crossborder_project;TUKE;"DTP2-021-1.2 InnoSchool – 2014 - 2020 INTERREG VB Danube; Capacity2Transform – 2021 - 2027 Interreg VI-B Central Europe; IaaS 4 DR – 2021 - 2027 Interreg VI-B Danube; IDEA – 2007 - 2013 Central Europe";high;https://keep.eu/projects/19502/
University of Tokaj;Sárospatak;Hungary;HU;48.32168;21.56555;ceepus;TUKE;"CEEPUS HU-0028-20-2627: Active Methods in Teaching and Learning Mathematics, Informatics and their Appli; CEEPUS CZ-0911-12-2627: Managerial Processes in International Environment; CEEPUS CZ-1503-07-2627 (Umbrella): Development of Computational Thinking";high;https://www.ceepus.info/nw/0028-2627
University of Pannonia;Veszprem;Hungary;HU;47.09338;17.90804;erasmus_eu;TUKE;"študenti; Erasmus kód HU VESZPRE01";high;https://erasmus.tuke.sk/partnerske-institucie-v-eu-a-ehp/
University of Pannonia;Veszprem;Hungary;HU;47.09338;17.90804;ceepus;TUKE;"CEEPUS RO-0013-22-2627: Teaching and Research of Environment-oriented Technologies in Manufacturing; CEEPUS HU-0028-20-2627: Active Methods in Teaching and Learning Mathematics, Informatics and their Appli; CEEPUS BG-1103-11-2627: Modelling, Simulation and Computer-aided Design in Engineering and Management";high;https://www.ceepus.info/nw/0013-2627
University of Pannonia;Veszprem;Hungary;HU;47.09338;17.90804;erasmus_ka2;TUKE;Strategic Partnerships for higher education: Setting the trends in IoT education (2016-1-RO01-KA203-024721);high;https://erasmus-plus.ec.europa.eu/projects/search/details/2016-1-RO01-KA203-024721
Haskolinn A Akureyri;Akureyri;Iceland;IS;65.67373;-18.09334;erasmus_ka2;TUKE;"Partnerships for Digital Education Readiness: Digital Area for Networking Teachers and Educators (2020-1-CZ01-KA226-HE-094368); Cooperation partnerships in higher education: Reflecting Economics And Climate Change in Teaching (2023-1-IS01-KA220-HED-000159052)";high;https://erasmus-plus.ec.europa.eu/projects/search/details/2020-1-CZ01-KA226-HE-094368
Adarsh Foundation;Ahmedabad;India;IN;23.08438;72.49255;erasmus_ka2;TUKE;Capacity Building in higher education: Establishment of Capacity Building Centers as a sustainable solution to raise the standard (573616-EPP-1-2016-1-PL-EPPKA2-CBHE-JP);high;https://erasmus-plus.ec.europa.eu/projects/search/details/573616-EPP-1-2016-1-PL-EPPKA2-CBHE-JP
Charotar University of Science and Technology;Anand;India;IN;22.552509307861328;72.9552001953125;coauthorship;TUKE;5 spoločných publikácií od 2015 (posledná 2025);high;https://openalex.org/works?filter=authorships.institutions.lineage:I183764125,authorships.institutions.lineage:I33459947
Dr. Babasaheb Ambedkar Marathwada University;Aurangabad;India;IN;19.87757;75.34226;coauthorship;TUKE;4 spoločných publikácií od 2015 (posledná 2018);high;https://openalex.org/works?filter=authorships.institutions.lineage:I183764125,authorships.institutions.lineage:I165259314
National Institute of Science and Technology;Brahmapur;India;IN;19.31151008605957;84.79290008544922;coauthorship;TUKE;3 spoločných publikácií od 2015 (posledná 2018);high;https://openalex.org/works?filter=authorships.institutions.lineage:I183764125,authorships.institutions.lineage:I4210098947
Anna University, Chennai;Chennai;India;IN;13.08784;80.27847;coauthorship;TUKE;4 spoločných publikácií od 2015 (posledná 2022);high;https://openalex.org/works?filter=authorships.institutions.lineage:I183764125,authorships.institutions.lineage:I33585257
Chennai Mathematical Institute;Chennai;India;IN;13.08784;80.27847;coauthorship;TUKE;5 spoločných publikácií od 2015 (posledná 2024);high;https://openalex.org/works?filter=authorships.institutions.lineage:I183764125,authorships.institutions.lineage:I19149307
SRM Institute of Science and Technology;Chennai;India;IN;13.08784;80.27847;coauthorship;TUKE;5 spoločných publikácií od 2015 (posledná 2024);high;https://openalex.org/works?filter=authorships.institutions.lineage:I183764125,authorships.institutions.lineage:I145286018
Sathyabama Institute of Science and Technology;Chennai;India;IN;13.08784;80.27847;coauthorship;TUKE;16 spoločných publikácií od 2015 (posledná 2026);high;https://openalex.org/works?filter=authorships.institutions.lineage:I183764125,authorships.institutions.lineage:I43814544
Saveetha University;Chennai;India;IN;13.08784;80.27847;coauthorship;TUKE;6 spoločných publikácií od 2015 (posledná 2023);high;https://openalex.org/works?filter=authorships.institutions.lineage:I183764125,authorships.institutions.lineage:I85461943
Amrita Vishwa Vidyapeetham;Coimbatore;India;IN;11.00555;76.96612;coauthorship;TUKE;5 spoločných publikácií od 2015 (posledná 2024);high;https://openalex.org/works?filter=authorships.institutions.lineage:I183764125,authorships.institutions.lineage:I81556334
Graphic Era University;Dehradun;India;IN;30.324430465698242;78.03392028808594;coauthorship;TUKE;5 spoločných publikácií od 2015 (posledná 2025);high;https://openalex.org/works?filter=authorships.institutions.lineage:I183764125,authorships.institutions.lineage:I60054993
Indian Institute of Technology (Indian School of Mines) Dhanbad;Dhanbad;India;IN;23.79528;86.43096;bilateral_agreement;FVT;Zmluvná spolupráca na úrovni fakulty (Department of Mechanical Engineering);high;https://fvt.tuke.sk/en/international-cooperation
Indian Institute of Technology Dhanbad;Dhanbad;India;IN;23.797590255737305;86.42991638183594;coauthorship;TUKE;24 spoločných publikácií od 2015 (posledná 2023);high;https://openalex.org/works?filter=authorships.institutions.lineage:I183764125,authorships.institutions.lineage:I189109744
Jaypee University of Engineering and Technology, Guna;Guna;India;IN;24.64691;77.3113;coauthorship;TUKE;3 spoločných publikácií od 2015 (posledná 2018);high;https://openalex.org/works?filter=authorships.institutions.lineage:I183764125,authorships.institutions.lineage:I25205351
Indian Institute of Technology Guwahati;Guwahati;India;IN;26.18440055847168;91.74579620361328;coauthorship;TUKE;3 spoločných publikácií od 2015 (posledná 2023);high;https://openalex.org/works?filter=authorships.institutions.lineage:I183764125,authorships.institutions.lineage:I1317621060
North Maharashtra University;Jalgaon;India;IN;21.01007;75.5696;erasmus_ka2;TUKE;Capacity Building in higher education: Establishment of Capacity Building Centers as a sustainable solution to raise the standard (573616-EPP-1-2016-1-PL-EPPKA2-CBHE-JP);high;https://erasmus-plus.ec.europa.eu/projects/search/details/573616-EPP-1-2016-1-PL-EPPKA2-CBHE-JP
Madurai Ayira Vaisyar Manjaputhur Mahajana Sabai;Madurai;India;IN;9.92612;78.1141;research_project_eu;TUKE;1 spoločných projektov: SME 4.0;high;https://cordis.europa.eu/project/id/734713
Amity University Gurgaon;Manesar Gurgaon;India;IN;28.32471;76.92638;erasmus_ka2;TUKE;Capacity Building in higher education: Establishment of Capacity Building Centers as a sustainable solution to raise the standard (573616-EPP-1-2016-1-PL-EPPKA2-CBHE-JP);high;https://erasmus-plus.ec.europa.eu/projects/search/details/573616-EPP-1-2016-1-PL-EPPKA2-CBHE-JP
Chandigarh University;Mohali;India;IN;30.67995;76.72211;coauthorship;TUKE;3 spoločných publikácií od 2015 (posledná 2023);high;https://openalex.org/works?filter=authorships.institutions.lineage:I183764125,authorships.institutions.lineage:I101407740
Indian Institute of Technology Bombay;Mumbai;India;IN;19.07283;72.88261;coauthorship;TUKE;4 spoločných publikácií od 2015 (posledná 2026);high;https://openalex.org/works?filter=authorships.institutions.lineage:I183764125,authorships.institutions.lineage:I162827531
Indian Council for Cultural Relations;New Delhi;India;IN;28.6139;77.20901;bilateral_agreement;TUKE;Memorandum of Understanding on the Establishment of the ICCR India Chair in Artificial Intelligence (2026);high;https://www.crz.gov.sk/zmluva/12438393/
Amity University;Noida;India;IN;28.58;77.33;coauthorship;TUKE;4 spoločných publikácií od 2015 (posledná 2024);high;https://openalex.org/works?filter=authorships.institutions.lineage:I183764125,authorships.institutions.lineage:I191972202
Indian Institute of Information Technology Allahabad;Prayagraj;India;IN;25.444780349731445;81.84322357177734;bilateral_agreement;TUKE;Memorandum of Understanding (2024);high;https://www.crz.gov.sk/zmluva/10247453/
Indian Institute of Information Technology Allahabad;Prayagraj;India;IN;25.444780349731445;81.84322357177734;coauthorship;TUKE;9 spoločných publikácií od 2015 (posledná 2026);high;https://openalex.org/works?filter=authorships.institutions.lineage:I183764125,authorships.institutions.lineage:I26072440
Rk University;Rajkot Gujarat;India;IN;22.30533;70.80284;erasmus_ka2;TUKE;Capacity Building in higher education: Establishment of Capacity Building Centers as a sustainable solution to raise the standard (573616-EPP-1-2016-1-PL-EPPKA2-CBHE-JP);high;https://erasmus-plus.ec.europa.eu/projects/search/details/573616-EPP-1-2016-1-PL-EPPKA2-CBHE-JP
Indian Institute of Technology Roorkee;Roorkee;India;IN;29.86935;77.89021;bilateral_agreement;TUKE;Memorandum of Understanding for Academic Cooperation (2025);high;https://www.crz.gov.sk/zmluva/11770191/
National Institute of Technology Silchar;Silchar;India;IN;24.82733;92.79787;bilateral_agreement;TUKE;Memorandum of Understanding (2026);high;https://www.crz.gov.sk/zmluva/12683038/
National Institute of Technology Silchar;Silchar;India;IN;24.82733;92.79787;coauthorship;TUKE;12 spoločných publikácií od 2015 (posledná 2026);high;https://openalex.org/works?filter=authorships.institutions.lineage:I183764125,authorships.institutions.lineage:I151903974
Parul University Vadodara;Vadodara;India;IN;22.29731;73.19426;erasmus_ka2;TUKE;Capacity Building in higher education: Establishment of Capacity Building Centers as a sustainable solution to raise the standard (573616-EPP-1-2016-1-PL-EPPKA2-CBHE-JP);high;https://erasmus-plus.ec.europa.eu/projects/search/details/573616-EPP-1-2016-1-PL-EPPKA2-CBHE-JP
Vellore Institute of Technology;Vellore;India;IN;12.90718;79.13097;bilateral_agreement;FVT;Zmluvná spolupráca na úrovni fakulty;high;https://fvt.tuke.sk/en/international-cooperation
Vellore Institute of Technology University;Vellore;India;IN;12.9184;79.13255;coauthorship;TUKE;17 spoločných publikácií od 2015 (posledná 2024);high;https://openalex.org/works?filter=authorships.institutions.lineage:I183764125,authorships.institutions.lineage:I876193797
National Institute of Technology Warangal;Warangal;India;IN;18.0;79.58332824707031;coauthorship;TUKE;3 spoločných publikácií od 2015 (posledná 2025);high;https://openalex.org/works?filter=authorships.institutions.lineage:I183764125,authorships.institutions.lineage:I121750182
Bandung Institute of Technology;Bandung;Indonesia;ID;-6.92222;107.60694;coauthorship;TUKE;10 spoločných publikácií od 2015 (posledná 2025);high;https://openalex.org/works?filter=authorships.institutions.lineage:I183764125,authorships.institutions.lineage:I134635517
University of Indonesia;Depok;Indonesia;ID;-6.4;106.81861;coauthorship;TUKE;8 spoločných publikácií od 2015 (posledná 2026);high;https://openalex.org/works?filter=authorships.institutions.lineage:I183764125,authorships.institutions.lineage:I29617571
Hasanuddin University;Makassar;Indonesia;ID;-5.1486101150512695;119.43193817138672;coauthorship;TUKE;3 spoločných publikácií od 2015 (posledná 2021);high;https://openalex.org/works?filter=authorships.institutions.lineage:I183764125,authorships.institutions.lineage:I98301867
State University of Padang;Padang;Indonesia;ID;-0.9492400288581848;100.3542709350586;coauthorship;TUKE;3 spoločných publikácií od 2015 (posledná 2026);high;https://openalex.org/works?filter=authorships.institutions.lineage:I183764125,authorships.institutions.lineage:I245308123
University of Surabaya;Surabaya;Indonesia;ID;-7.249169826507568;112.7508316040039;coauthorship;TUKE;3 spoločných publikácií od 2015 (posledná 2023);high;https://openalex.org/works?filter=authorships.institutions.lineage:I183764125,authorships.institutions.lineage:I16413167
Universitas Sains Al-Qur'an;Wonosobo;Indonesia;ID;-7.328722953796387;109.90113830566406;coauthorship;TUKE;10 spoločných publikácií od 2015 (posledná 2026);high;https://openalex.org/works?filter=authorships.institutions.lineage:I183764125,authorships.institutions.lineage:I4210100020
Islamic University of Indonesia;Yogyakarta;Indonesia;ID;-7.80139;110.36472;coauthorship;TUKE;6 spoločných publikácií od 2015 (posledná 2026);high;https://openalex.org/works?filter=authorships.institutions.lineage:I183764125,authorships.institutions.lineage:I35427347
Kharazmi University;Tehran;Iran;IR;35.69439;51.42151;coauthorship;TUKE;6 spoločných publikácií od 2015 (posledná 2024);high;https://openalex.org/works?filter=authorships.institutions.lineage:I183764125,authorships.institutions.lineage:I181744264
Sharif University of Technology;Tehran;Iran;IR;35.69439;51.42151;coauthorship;TUKE;4 spoločných publikácií od 2015 (posledná 2026);high;https://openalex.org/works?filter=authorships.institutions.lineage:I183764125,authorships.institutions.lineage:I133529467
University of Tehran;Tehran;Iran;IR;35.69439;51.42151;coauthorship;TUKE;5 spoločných publikácií od 2015 (posledná 2026);high;https://openalex.org/works?filter=authorships.institutions.lineage:I183764125,authorships.institutions.lineage:I23946033
University of Zanjan;Zanjan;Iran;IR;36.67;48.47954;erasmus_ka171;FBERG, EkF;Erasmus+ KA107 – partnerská inštitúcia mimo EÚ;high;https://web.archive.org/web/2023/https://erasmus.tuke.sk/en/non-eu-countries/partner-institutions/
Sustanaible Innovation Technology Services Ltd;CASTLETROY Limerick;Ireland;IE;52.66543;-8.57124;erasmus_ka2;TUKE;Cooperation partnerships in higher education: Center of Excellence for Environmental Risk Management (2024-1-SK01-KA220-HED-000243758);high;https://erasmus-plus.ec.europa.eu/projects/search/details/2024-1-SK01-KA220-HED-000243758
University College Cork -  National University Of Ireland, Cork;Cork;Ireland;IE;51.90361;-8.4684;research_project_eu;TUKE;2 spoločných projektov: AI4EU, SCORE;high;https://cordis.europa.eu/project/id/825619
Boc Information Technologies Consulting Limited;Dublin;Ireland;IE;53.34938;-6.26056;research_project_eu;TUKE;1 spoločných projektov: Adapt4EE;high;https://cordis.europa.eu/project/id/288150
Ccs Digital Education Limited;Dublin;Ireland;IE;53.27339;-6.20025;erasmus_ka2;TUKE;Knowledge Alliances for higher education: Internship Model for developing Entrepreneurial skills to higher education students (601125-EPP-1-2018-1-SK-EPPKA2-KA);high;https://erasmus-plus.ec.europa.eu/projects/search/details/601125-EPP-1-2018-1-SK-EPPKA2-KA
Department of Climate, Energy and the Environment;Dublin;Ireland;IE;53.35618;-6.2759;research_project_eu;TUKE;1 spoločných projektov: MIREU;high;https://cordis.europa.eu/project/id/776811
Erinn Innovation Limited;Dublin;Ireland;IE;53.33306;-6.24889;research_project_eu;TUKE;1 spoločných projektov: SCORE;high;https://cordis.europa.eu/project/id/101003534
I And F Education And Development Limited;Dublin;Ireland;IE;53.34938;-6.26056;erasmus_ka2;TUKE;Cooperation partnerships in vocational education and training: Promoting creativity microbusiness though web tools in rural area (2021-1-SK01-KA220-VET-000032999);high;https://erasmus-plus.ec.europa.eu/projects/search/details/2021-1-SK01-KA220-VET-000032999
Trinity College Dublin;Dublin;Ireland;IE;53.33306121826172;-6.248889923095703;coauthorship;TUKE;3 spoločných publikácií od 2015 (posledná 2023);high;https://openalex.org/works?filter=authorships.institutions.lineage:I183764125,authorships.institutions.lineage:I205274468
University College Dublin;Dublin;Ireland;IE;53.33306;-6.24889;coauthorship;TUKE;8 spoločných publikácií od 2015 (posledná 2023);high;https://openalex.org/works?filter=authorships.institutions.lineage:I183764125,authorships.institutions.lineage:I100930933
University College Dublin, National University Of Ireland, Dublin;Dublin;Ireland;IE;53.33306;-6.24889;research_project_eu;TUKE;2 spoločných projektov: SCORE, eGovPoliNet;high;https://cordis.europa.eu/project/id/101003534
Dun Laoghaire Rathdown County Council;Dun Laoghaire;Ireland;IE;53.29228;-6.13602;research_project_eu;TUKE;1 spoločných projektov: SCORE;high;https://cordis.europa.eu/project/id/101003534
University Of Galway;Galway;Ireland;IE;53.27574;-9.05846;research_project_eu;TUKE;1 spoločných projektov: AI4EU;high;https://cordis.europa.eu/project/id/825619
Atlantic Technological University;Letterkenny;Ireland;IE;54.95314;-7.72094;research_project_eu;TUKE;1 spoločných projektov: SCORE;high;https://cordis.europa.eu/project/id/101003534
Irish Manufacturing Research Company Limited By Guarantee;Rathcoole;Ireland;IE;53.2811;-6.46788;research_project_eu;TUKE;1 spoločných projektov: MIDIH;high;https://cordis.europa.eu/project/id/767498
Sligo County Council;Sligo;Ireland;IE;54.20928;-8.53919;research_project_eu;TUKE;1 spoločných projektov: SCORE;high;https://cordis.europa.eu/project/id/101003534
Technion – Israel Institute of Technology;Haifa;Israel;IL;32.81912;34.99839;research_cooperation;FMMR;Partner FMMR v zahraničí;high;https://fmmr.tuke.sk/wps/portal/fmmr/spolupraca/partneri-v-zahranici
Ekon Modeling Sofware Systems Ltd*Ekon;Modi'in-Maccabim-Re'ut;Israel;IL;31.89992;35.00659;research_project_eu;TUKE;1 spoločných projektov: INTEG-RISK;high;https://cordis.europa.eu/project/id/213345
Step Of Mind Ltd;Ramat-Hasharon;Israel;IL;32.14313;34.83809;research_project_eu;TUKE;1 spoločných projektov: SMILING;high;https://cordis.europa.eu/project/id/215493
Mercaz Mishan Ltd;Tel Aviv;Israel;IL;32.0853;34.78181;research_project_eu;TUKE;1 spoločných projektov: SMILING;high;https://cordis.europa.eu/project/id/215493
Tel Aviv University;Tel Aviv;Israel;IL;32.08088;34.78057;bilateral_agreement;TUKE;Agreement of educational cooperation (2017);high;https://www.crz.gov.sk/3095179/
Tel Aviv University;Tel Aviv;Israel;IL;32.08088;34.78057;coauthorship;TUKE;6 spoločných publikácií od 2015 (posledná 2026);high;https://openalex.org/works?filter=authorships.institutions.lineage:I183764125,authorships.institutions.lineage:I16391192
Comune di Alessandria;Alessandria;Italy;IT;44.91299;8.61546;crossborder_project;TUKE;IDEA – 2007 - 2013 Central Europe;high;https://keep.eu/projects/5489/
Comune Di Ancona;Ancona;Italy;IT;43.61701;13.5171;research_project_eu;TUKE;1 spoločných projektov: Bottom-Up NEB;high;https://cordis.europa.eu/project/id/101309397
Istituto Nazionale Di Riposo E Cura  Per Anziani Inrca;Ancona;Italy;IT;43.44863;13.39776;research_project_eu;TUKE;1 spoločných projektov: SMILING;high;https://cordis.europa.eu/project/id/215493
Centro Sviluppo S.p.A.;Aosta;Italy;IT;45.73731;7.3204;crossborder_project;TUKE;ENMR – 2000 - 2006 Interreg IIIC North;high;https://keep.eu/projects/268/
University of Calabria (Università della Calabria);Arcavacata di Rende;Italy;IT;39.35811;16.21145;erasmus_eu;EkF, FEI, FVT, TUKE;"študenti + zamestnanci; Erasmus kód I COSENZA01";high;https://erasmus.tuke.sk/partnerske-institucie-v-eu-a-ehp/
University of Calabria (Università della Calabria);Arcavacata di Rende;Italy;IT;39.35811;16.21145;erasmus_ka2;TUKE;Strategic Partnerships for higher education: Politiche Abitative per l'Edilizia Sostenibile (2015-1-IT02-KA203-014974);high;https://erasmus-plus.ec.europa.eu/projects/search/details/2015-1-IT02-KA203-014974
University of Calabria (Università della Calabria);Arcavacata di Rende;Italy;IT;39.35811;16.21145;coauthorship;TUKE;10 spoločných publikácií od 2015 (posledná 2025);high;https://openalex.org/works?filter=authorships.institutions.lineage:I183764125,authorships.institutions.lineage:I45204951
Langhe Monferrato e Roero - Società Consortile a.r.l. Agenzia di sviluppo del territorio;Asti;Italy;IT;44.90054;8.20689;crossborder_project;TUKE;Central - BIC – 2021 - 2027 Interreg VI-B Central Europe;high;https://keep.eu/projects/29371/
Polytechnic University of Bari (Politecnico di Bari);Bari;Italy;IT;41.12578;16.86203;erasmus_eu;SvF;"študenti + zamestnanci; Erasmus kód I BARI05";high;https://erasmus.tuke.sk/partnerske-institucie-v-eu-a-ehp/
Polytechnic University of Bari (Politecnico di Bari);Bari;Italy;IT;41.12578;16.86203;bilateral_agreement;TUKE;Memorandum of Understanding on Educational, Scientific and Cultural Cooperation (2026);high;https://www.crz.gov.sk/zmluva/12438253/
University of Bari Aldo Moro;Bari;Italy;IT;41.12578;16.86203;bilateral_agreement;TUKE;Academic Cooperation Agreement (2026);high;https://www.crz.gov.sk/zmluva/12438331/
University of Bari Aldo Moro, Bari;Bari;Italy;IT;41.12578;16.86203;erasmus_eu;EkF;"zamestnanci; Erasmus kód I BARI01";high;https://erasmus.tuke.sk/partnerske-institucie-v-eu-a-ehp/
University of Bari Aldo Moro, Bari;Bari;Italy;IT;41.12578;16.86203;erasmus_ka2;TUKE;Cooperation partnerships in higher education: Reflecting Economics And Climate Change in Teaching (2023-1-IS01-KA220-HED-000159052);high;https://erasmus-plus.ec.europa.eu/projects/search/details/2023-1-IS01-KA220-HED-000159052
University of Sannio;Benevento;Italy;IT;41.1307;14.77816;coauthorship;TUKE;8 spoločných publikácií od 2015 (posledná 2025);high;https://openalex.org/works?filter=authorships.institutions.lineage:I183764125,authorships.institutions.lineage:I16337185
University of Sannio RCOST (Università degli Studi del Sannio);Benevento;Italy;IT;41.12956;14.78246;erasmus_eu;FEI, FVT;"študenti + zamestnanci; Erasmus kód I BENEVEN02";high;https://erasmus.tuke.sk/partnerske-institucie-v-eu-a-ehp/
University of Bergamo;Bergamo;Italy;IT;45.69601058959961;9.66720962524414;coauthorship;TUKE;5 spoločných publikácií od 2015 (posledná 2026);high;https://openalex.org/works?filter=authorships.institutions.lineage:I183764125,authorships.institutions.lineage:I11039511
Agenzia Regionale Per La Sicurezzaterritoriale E La Protezione Civile;Bologna;Italy;IT;44.50013;11.32917;research_project_eu;TUKE;1 spoločných projektov: INTEG-RISK;high;https://cordis.europa.eu/project/id/213345
Alma Mater Studiorum - Universita Di Bologna;Bologna;Italy;IT;44.49693;11.35242;research_project_eu;TUKE;3 spoločných projektov: AI4EU, INTEG-RISK, SMILING;high;https://cordis.europa.eu/project/id/825619
Alma Mater Studiorum - Universita Di Bologna;Bologna;Italy;IT;44.49693;11.35242;erasmus_ka2;TUKE;"Cooperation partnerships in vocational education and training: Upskilling paths for HR professionals to IMprove AGE management (2024-1-IT01-KA220-VET-000245039); Cooperation partnerships in higher education: Digital skills and cross-domain entrepreneurship for societal challenges (2021-1-PL01-KA220-HED-000027649)";high;https://erasmus-plus.ec.europa.eu/projects/search/details/2024-1-IT01-KA220-VET-000245039
Cup 2000;Bologna;Italy;IT;44.49382;11.34263;crossborder_project;TUKE;SPES – 2007 - 2013 Central Europe;high;https://keep.eu/projects/5553/
ENEA - Agenzia nazionale per le nuove tecnologie, l’energia e lo sviluppo economico sostenibile;Bologna;Italy;IT;44.49382;11.34263;crossborder_project;TUKE;SPES – 2007 - 2013 Central Europe;high;https://keep.eu/projects/5553/
ITL - Institute for Transport and Logistics Foundation;Bologna;Italy;IT;44.49382;11.34263;crossborder_project;TUKE;KASSETTS – 2007 - 2013 Central Europe;high;https://keep.eu/projects/5550/
Istituto di Scienze dell'Atmosfera e del Clima - Consiglio Nazionale delle Ricerche;Bologna;Italy;IT;44.49382;11.34263;crossborder_project;TUKE;INACO – 2021 - 2027 Interreg VI-B Central Europe;high;https://keep.eu/projects/29353/
Magna Charta Universitatum Observatory;Bologna;Italy;IT;44.49382;11.34263;network_membership;TUKE;TUKE je signatárom Magna Charta Universitatum;high;https://www.magna-charta.org/magna-charta-universitatum/signatory-universities
Regione Emilia-Romagna;Bologna;Italy;IT;44.49382;11.34263;crossborder_project;TUKE;CIRCOTRONIC – 2021 - 2027 Interreg VI-B Central Europe;high;https://keep.eu/projects/27722/
University of Bologna;Bologna;Italy;IT;44.49381;11.33875;coauthorship;TUKE;3 spoločných publikácií od 2015 (posledná 2025);high;https://openalex.org/works?filter=authorships.institutions.lineage:I183764125,authorships.institutions.lineage:I9360294
Formicablu Srl;Bologna Bo;Italy;IT;41.90085;12.49035;research_project_eu;TUKE;1 spoločných projektov: CHROMIC;high;https://cordis.europa.eu/project/id/730471
Endian Srl;Bolzano;Italy;IT;46.47795;11.33143;research_project_eu;TUKE;1 spoločných projektov: SME 5.0;high;https://cordis.europa.eu/project/id/101086487
Free University of Bozen-Bolzano;Bolzano;Italy;IT;46.49066925048828;11.33981990814209;coauthorship;TUKE;8 spoločných publikácií od 2015 (posledná 2023);high;https://openalex.org/works?filter=authorships.institutions.lineage:I183764125,authorships.institutions.lineage:I171543936
Libera Universita Di Bolzano;Bolzano;Italy;IT;46.49791;11.34943;research_project_eu;TUKE;2 spoločných projektov: SME 4.0, SME 5.0;high;https://cordis.europa.eu/project/id/101086487
Centro Tessile Cotoniero e Abbigliamento S.p.A.;Busto Arsizio (VA);Italy;IT;45.61193;8.85183;crossborder_project;TUKE;ORGANZA – 2007 - 2013 Interreg IVC;high;https://keep.eu/projects/505/
Regione Autonoma Della Sardegna*Ras;Cagliari;Italy;IT;39.22505;9.10262;erasmus_ka2;TUKE;Centers of Vocational Excellence: SECOVE - Sustainable Energy Centres of Vocational Excellence (101056201);high;https://erasmus-plus.ec.europa.eu/projects/search/details/101056201
Università degli Studi di Cagliari, Cagliari;Cagliari;Italy;IT;39.2172;9.11331;erasmus_eu;EkF;"študenti + zamestnanci; Erasmus kód I CAGLIAR01";high;https://erasmus.tuke.sk/partnerske-institucie-v-eu-a-ehp/
Co-Robotics Srl;Capannoli Pi;Italy;IT;45.06074;7.92355;research_project_eu;TUKE;1 spoločných projektov: LIFEBOTS Exchange;high;https://cordis.europa.eu/project/id/824047
C.I.R.A. Centro Italiano Ricerche Aerospaziali Scpa;Capua;Italy;IT;41.11575;14.19035;research_project_eu;TUKE;1 spoločných projektov: ESPOSA;high;https://cordis.europa.eu/project/id/284859
Anziani E Non Solo Societa Cooperativa Sociale;Carpi Mo;Italy;IT;44.77888;10.87353;erasmus_ka2;TUKE;Cooperation partnerships in adult education: Seniors Climate Action (2022-2-SK01-KA220-ADU-000098350);high;https://erasmus-plus.ec.europa.eu/projects/search/details/2022-2-SK01-KA220-ADU-000098350
Cineca Consorzio Interuniversitario;Casalecchio Di Reno Bo;Italy;IT;41.90085;12.49035;research_project_eu;TUKE;1 spoločných projektov: AI4EU;high;https://cordis.europa.eu/project/id/825619
LUM Giuseppe Degennaro University;Casamassima;Italy;IT;40.95713;16.92039;bilateral_agreement;TUKE;Memorandum of Understanding (2026);high;https://www.crz.gov.sk/zmluva/12438194/
University of Campania Luigi Vanvitelli (Università degli Studi della Campania „Luigi Vanvitelli“);Caserta;Italy;IT;41.07205;14.33129;erasmus_eu;EkF;"študenti + zamestnanci; Erasmus kód I NAPOLI09";high;https://erasmus.tuke.sk/partnerske-institucie-v-eu-a-ehp/
Università degli studi di Cassino e del Lazio Meridionale;Cassino;Italy;IT;41.485809326171875;13.828350067138672;coauthorship;TUKE;5 spoločných publikácií od 2015 (posledná 2026);high;https://openalex.org/works?filter=authorships.institutions.lineage:I183764125,authorships.institutions.lineage:I186995768
Life Cycle Engineering Spa;Castellamonte To;Italy;IT;45.38153;7.71385;research_project_eu;TUKE;1 spoločných projektov: MONSOON;high;https://cordis.europa.eu/project/id/723650
Academy of Fine Arts of Catania (Accademia di Belle Arti di Catania);Catania;Italy;IT;37.50236;15.08737;erasmus_eu;FU;"študenti; Erasmus kód I CATANIA03";high;https://erasmus.tuke.sk/partnerske-institucie-v-eu-a-ehp/
Ente di Gestione per i Parchi e la Biodiversità Delta del Po;Comacchio;Italy;IT;44.69587;12.18125;crossborder_project;TUKE;INACO – 2021 - 2027 Interreg VI-B Central Europe;high;https://keep.eu/projects/29353/
Azienda Unità Sanitaria Locale di Ferrara;Ferrara;Italy;IT;44.83727;11.61865;crossborder_project;TUKE;SPES – 2007 - 2013 Central Europe;high;https://keep.eu/projects/5553/
Provincia di Ferrara;Ferrara;Italy;IT;44.83727;11.61865;crossborder_project;TUKE;SPES – 2007 - 2013 Central Europe;high;https://keep.eu/projects/5553/
Pixel - Associazione Culturale;Firenze;Italy;IT;43.78852;11.25581;erasmus_ka2;TUKE;Strategic Partnerships for vocational education and training: Education for Local Development of Rural Areas (2017-1-SK01-KA202-035388);high;https://erasmus-plus.ec.europa.eu/projects/search/details/2017-1-SK01-KA202-035388
Universita Telematica Degli Studi Iul;Firenze;Italy;IT;43.77034;11.26405;erasmus_ka2;TUKE;Cooperation partnerships in higher education: Digital Community Engagement Accelerator for student learning and socio-economic impact (2022-1-SK01-KA220-HED-000087668);high;https://erasmus-plus.ec.europa.eu/projects/search/details/2022-1-SK01-KA220-HED-000087668
Valuedo srl;Firenze;Italy;IT;43.79234;11.24229;erasmus_ka2;TUKE;Cooperation partnerships in higher education: ErgoDesign – Improving digital skills for Ergonomics and Bioengineering Innovations for in (2021-1-PL01-KA220-HED-000031182);high;https://erasmus-plus.ec.europa.eu/projects/search/details/2021-1-PL01-KA220-HED-000031182
University of Salerno (Università degli Studi di Salerno);Fisciano Sa;Italy;IT;40.77281;14.79944;erasmus_eu;FVT;"študenti + zamestnanci; Erasmus kód I SALERNO01";high;https://erasmus.tuke.sk/partnerske-institucie-v-eu-a-ehp/
University of Salerno (Università degli Studi di Salerno);Fisciano Sa;Italy;IT;40.77281;14.79944;bilateral_agreement;TUKE;Ciltural and scientific international framework agreement (2016);high;https://www.crz.gov.sk/2716547/
University of Salerno (Università degli Studi di Salerno);Fisciano Sa;Italy;IT;40.77281;14.79944;coauthorship;TUKE;10 spoločných publikácií od 2015 (posledná 2026);high;https://openalex.org/works?filter=authorships.institutions.lineage:I183764125,authorships.institutions.lineage:I131729948
National Interuniversity Consortium of Materials Science and Technology;Florence;Italy;IT;43.77925;11.24626;coauthorship;TUKE;3 spoločných publikácií od 2015 (posledná 2023);high;https://openalex.org/works?filter=authorships.institutions.lineage:I183764125,authorships.institutions.lineage:I4210155898
Universita Degli Studi Di Firenze;Florence;Italy;IT;43.77781;11.25941;research_project_eu;TUKE;1 spoločných projektov: LIFEBOTS Exchange;high;https://cordis.europa.eu/project/id/824047
Universita Degli Studi Di Foggia;Foggia;Italy;IT;41.46205;15.54326;erasmus_eu;TUKE;"Erasmus+ mobilita (nominácie); Erasmus kód I FOGGIA03";medium;https://erasmus.tuke.sk/vyzvy-na-studentsku-mobilitu/
Agenzia per l’energia del Friuli Venezia Giulia;Gemona del Friuli;Italy;IT;46.27701;13.1401;crossborder_project;TUKE;"CITYCIRCLE – 2014 - 2020 INTERREG VB Central Europe; MISSION CE CLIMATE – 2021 - 2027 Interreg VI-B Central Europe";high;https://keep.eu/projects/21710/
GAL Appennino Genovese;Genova;Italy;IT;44.40726;8.93386;crossborder_project;TUKE;ENMR – 2000 - 2006 Interreg IIIC North;high;https://keep.eu/projects/268/
Regione Liguria;Genova;Italy;IT;44.40726;8.93386;crossborder_project;TUKE;"I-CARE-SMART – 2014 - 2020 INTERREG VB Central Europe; Central - BIC – 2021 - 2027 Interreg VI-B Central Europe";high;https://keep.eu/projects/21885/
Rina Consulting Spa;Genova;Italy;IT;44.39757;8.95655;research_project_eu;TUKE;1 spoločných projektov: INTEG-RISK;high;https://cordis.europa.eu/project/id/213345
SI4life -Scienza e impresa insieme per migliorare la qualità della vita di Anziani e Disabili;Genova;Italy;IT;44.40726;8.93386;crossborder_project;TUKE;I-CARE-SMART – 2014 - 2020 INTERREG VB Central Europe;high;https://keep.eu/projects/21885/
SIIT Distretto Tecnologico Ligure Sistemi Intelligenti Integrati;Genova;Italy;IT;44.40726;8.93386;crossborder_project;TUKE;SMART CIRCUIT – 2021 - 2027 Interreg VI-B Central Europe;high;https://keep.eu/projects/27759/
University of Genoa (Università di Genova);Genova;Italy;IT;44.40726;8.93386;erasmus_eu;EkF, FU, SvF, TUKE;"študenti + zamestnanci; Erasmus kód I GENOVA01";high;https://erasmus.tuke.sk/partnerske-institucie-v-eu-a-ehp/
University of Genoa (Università di Genova);Genova;Italy;IT;44.40726;8.93386;research_project_eu;TUKE;1 spoločných projektov: COMPASS;high;https://cordis.europa.eu/project/id/101035809
University of Genoa (Università di Genova);Genova;Italy;IT;44.40726;8.93386;alliance;TUKE;Ulysseus Mobility Framework Agreement (2025);high;https://www.crz.gov.skTechnical University of Košice
University of Genoa (Università di Genova);Genova;Italy;IT;44.40726;8.93386;bilateral_agreement;TUKE;"Framework Ageement (2023); Cooperation agreement (2021)";high;https://www.crz.gov.sk/zmluva/8233302/
University of Genoa (Università di Genova);Genova;Italy;IT;44.40726;8.93386;erasmus_ka2;TUKE;"European Universities: ULYSSEUS - Consolidating Ulysseus: an open to the world, persons-centred and entrepreneuri (101124733); Mobility  of young people: UlySA4Society (2025-3-FR02-KA152-YOU-000378513); Cooperation partnerships in higher education: Personalised AI Tool for etHical career guidance (2024-1-ES01-KA220-HED-000257515); Cooperation partnerships in higher education: Boosting success through internationalization (2025-1-FR01-KA220-HED-000363516); Partnerships for Digital Education Readiness: DigitalSoftSkills@UlyssEUS (2020-1-FR01-KA226-HE-095221); European Universities: Ulysseus: An open to the world, persons-centred and entrepreneurial European University fo (101004050)";high;https://erasmus-plus.ec.europa.eu/projects/search/details/101124733
University of Genoa (Università di Genova);Genova;Italy;IT;44.40726;8.93386;crossborder_project;TUKE;SMERF – 2021 - 2027 Interreg VI-B Central Europe;high;https://keep.eu/projects/27760/
Stam Srl;Genova Ge;Italy;IT;44.40183;8.94515;research_project_eu;TUKE;1 spoločných projektov: ATM-EXCITE;high;https://cordis.europa.eu/project/id/101167361
Xteam Software Solutions Societa A Responsabilita Limitata Semplificata;Giacciano Con Baruchella (Ro);Italy;IT;45.06156;11.42893;research_project_eu;TUKE;1 spoločných projektov: PLUGGY;high;https://cordis.europa.eu/project/id/726765
Vianet Srl;Grottaferrata;Italy;IT;41.78862;12.66674;research_project_eu;TUKE;1 spoločných projektov: PLUGGY;high;https://cordis.europa.eu/project/id/726765
Comau Spa;Grugliasco;Italy;IT;45.05149;7.57522;research_project_eu;TUKE;1 spoločných projektov: ebbits;high;https://cordis.europa.eu/project/id/257852
Academy of Fine Arts of L’Aquila (Accademia di Belle Arti dell’Aquila);L'Aquila;Italy;IT;42.34892;13.39797;erasmus_eu;FU;"študenti + zamestnanci; Erasmus kód I L-AQUIL03";high;https://erasmus.tuke.sk/partnerske-institucie-v-eu-a-ehp/
Città di Lignano Sabbiadoro;Lignano Sabbiadoro;Italy;IT;45.69016;13.14077;crossborder_project;TUKE;MISSION CE CLIMATE – 2021 - 2027 Interreg VI-B Central Europe;high;https://keep.eu/projects/27749/
Fondazione Icons;Lodi;Italy;IT;45.31405;9.5028;research_project_eu;TUKE;1 spoločných projektov: REBELION;high;https://cordis.europa.eu/project/id/101104241
Universita Degli Studi Di Macerata;Macerata;Italy;IT;43.30073;13.45359;erasmus_ka2;TUKE;Forward looking cooperation projects: SELF-REFLECTION TOOLS FOR SMART UNIVERSITIES ACTING REGIONALLY - RE-ACT (612903-EPP-1-2019-1-PT-EPPKA3-PI-FORWARD);high;https://erasmus-plus.ec.europa.eu/projects/search/details/612903-EPP-1-2019-1-PT-EPPKA3-PI-FORWARD
Pro Ge Com Srl;Massa;Italy;IT;44.04444;10.02795;research_project_eu;TUKE;1 spoločných projektov: SCORE;high;https://cordis.europa.eu/project/id/101003534
Erion Compliance Organization Scarl;Milan;Italy;IT;45.48619;9.17386;research_project_eu;TUKE;1 spoločných projektov: REBELION;high;https://cordis.europa.eu/project/id/101104241
Saipem Energy International Spa;Milanese San Donato Milanese;Italy;IT;45.41807;9.27165;research_project_eu;TUKE;1 spoločných projektov: INTEG-RISK;high;https://cordis.europa.eu/project/id/213345
Ab.Acus Srl;Milano;Italy;IT;45.4668;9.1905;research_project_eu;TUKE;1 spoločných projektov: SMILING;high;https://cordis.europa.eu/project/id/215493
Beko Italy Manufacturing Srl;Milano;Italy;IT;45.50531;9.13682;research_project_eu;TUKE;1 spoločných projektov: INERTIA;high;https://cordis.europa.eu/project/id/318216
Cefriel Societa Consortile A Responsabilita Limitata Societa Benefit;Milano;Italy;IT;41.90085;12.49035;research_project_eu;TUKE;1 spoločných projektov: MIDIH;high;https://cordis.europa.eu/project/id/767498
ECOLE – Enti Confindustriali Lombardi per l'Education SCARL;Milano;Italy;IT;45.46419;9.18963;crossborder_project;TUKE;REUSE2030 – 2021 - 2027 Interreg VI-B Central Europe;high;https://keep.eu/projects/29370/
Erion Energy;Milano;Italy;IT;45.48918;9.17092;research_project_eu;TUKE;1 spoločných projektov: REBELION;high;https://cordis.europa.eu/project/id/101104241
Eurocrea Merchant Srl;Milano;Italy;IT;45.48436;9.20676;erasmus_ka2;TUKE;"Knowledge Alliances for higher education: Internship Model for developing Entrepreneurial skills to higher education students (601125-EPP-1-2018-1-SK-EPPKA2-KA); Strategic Partnerships for higher education: Recovery the Crisis through Entrepreneurial Attitude (2017-1-PL01-KA203-038438)";high;https://erasmus-plus.ec.europa.eu/projects/search/details/601125-EPP-1-2018-1-SK-EPPKA2-KA
European Digital Learning Network;Milano;Italy;IT;45.48436;9.20676;erasmus_ka2;TUKE;Strategic Partnerships for vocational education and training: Return on Investment of Work Based Learning and apprenticeships (2017-1-SK01-KA202-035375);high;https://erasmus-plus.ec.europa.eu/projects/search/details/2017-1-SK01-KA202-035375
Polytechnic University of Milan (Politecnico di Milano);Milano;Italy;IT;45.46419;9.18963;erasmus_eu;FBERG, FEI, FU, FVT, LF, SjF, TUKE;"študenti + zamestnanci; Erasmus kód I MILANO02";high;https://erasmus.tuke.sk/partnerske-institucie-v-eu-a-ehp/
Polytechnic University of Milan (Politecnico di Milano);Milano;Italy;IT;45.46419;9.18963;research_project_eu;TUKE;2 spoločných projektov: INTEG-RISK, MIDIH;high;https://cordis.europa.eu/project/id/767498
University of Milano-Bicocca (Università degli Studi Milano-Bicocca);Milano;Italy;IT;45.46419;9.18963;erasmus_eu;EkF;"študenti + zamestnanci; Erasmus kód I MILANO16";high;https://erasmus.tuke.sk/partnerske-institucie-v-eu-a-ehp/
Accurat Srl;Milano Mi;Italy;IT;45.46419;9.18963;research_project_eu;TUKE;1 spoločných projektov: URBAN SENSING;high;https://cordis.europa.eu/project/id/314887
Cna Associazione Provinciale Di Modena*Confederazione Nazionale Dell Artigianato E Della Piccola E Mediaimpresa;Modena;Italy;IT;44.64589;10.92557;research_project_eu;TUKE;1 spoločných projektov: EBEST;high;https://cordis.europa.eu/project/id/243554
S.A.T.A. Applicazione Tecnologie Avanzate Srl;Modena;Italy;IT;44.64589;10.92557;research_project_eu;TUKE;1 spoločných projektov: EBEST;high;https://cordis.europa.eu/project/id/243554
TEL&CO srl;Modena;Italy;IT;44.64589;10.92557;research_project_eu;TUKE;1 spoločných projektov: EBEST;high;https://cordis.europa.eu/project/id/243554
Universita Degli Studi Di Modena E Reggio Emilia;Modena;Italy;IT;44.64514;10.92773;research_project_eu;TUKE;1 spoločných projektov: EBEST;high;https://cordis.europa.eu/project/id/243554
University of Modena and Reggio Emilia;Modena;Italy;IT;44.64589;10.92557;crossborder_project;TUKE;KASSETTS – 2007 - 2013 Central Europe;high;https://keep.eu/projects/5550/
Institute of Environmental Geology and Geoengineering;Monterotondo;Italy;IT;42.10405731201172;12.63637638092041;coauthorship;TUKE;3 spoločných publikácií od 2015 (posledná 2026);high;https://openalex.org/works?filter=authorships.institutions.lineage:I183764125,authorships.institutions.lineage:I4210096172
Interporto Servizi Cargo S.P.A.;Naples;Italy;IT;40.84;14.24925;research_project_eu;TUKE;1 spoločných projektov: LessThanWagonLoad;high;https://cordis.europa.eu/project/id/723274
University of Naples Federico II;Naples;Italy;IT;40.85216;14.26811;coauthorship;TUKE;4 spoločných publikácií od 2015 (posledná 2025);high;https://openalex.org/works?filter=authorships.institutions.lineage:I183764125,authorships.institutions.lineage:I71267560
C.R.E.A.T.E. Consorzio Di Ricerca Per L'Energia L Automazione E Le Tecnologie Dell'Elettromagnetismo;Napoli;Italy;IT;40.83084;14.19111;research_project_eu;TUKE;1 spoločných projektov: RIMA;high;https://cordis.europa.eu/project/id/824990
Parthenope University of Naples (L’Università degli Studi di Napoli Parthenope);Napoli;Italy;IT;40.83588;14.24877;erasmus_eu;EkF;"študenti + zamestnanci; Erasmus kód I NAPOLI03";high;https://erasmus.tuke.sk/partnerske-institucie-v-eu-a-ehp/
Parthenope University of Naples (L’Università degli Studi di Napoli Parthenope);Napoli;Italy;IT;40.83588;14.24877;coauthorship;TUKE;3 spoločných publikácií od 2015 (posledná 2023);high;https://openalex.org/works?filter=authorships.institutions.lineage:I183764125,authorships.institutions.lineage:I183638586
Regione Campania;Napoli;Italy;IT;40.83593;14.24878;research_project_eu;TUKE;1 spoločných projektov: OCOPOMO;high;https://cordis.europa.eu/project/id/248128
Universita Degli Studi Di Napoli Federico Ii;Napoli;Italy;IT;40.91482;14.35112;research_project_eu;TUKE;1 spoločných projektov: ACCENT;high;https://cordis.europa.eu/project/id/213855
Universita Degli Studi Di Napoli Federico Ii;Napoli;Italy;IT;40.91482;14.35112;erasmus_ka2;TUKE;Strategic Partnerships for higher education: Social Network based doctoral Education on Industry 4.0 (2017-1-SE01-KA203-034524);high;https://erasmus-plus.ec.europa.eu/projects/search/details/2017-1-SE01-KA203-034524
Universita Degli Studi Suor Orsola Benincasa;Napoli;Italy;IT;40.8398;14.24251;research_project_eu;TUKE;1 spoločných projektov: OCOPOMO;high;https://cordis.europa.eu/project/id/248128
Universita Telematica Pegaso;Napoli;Italy;IT;40.8372;14.24847;erasmus_ka2;TUKE;Knowledge Alliances for higher education: Internship Model for developing Entrepreneurial skills to higher education students (601125-EPP-1-2018-1-SK-EPPKA2-KA);high;https://erasmus-plus.ec.europa.eu/projects/search/details/601125-EPP-1-2018-1-SK-EPPKA2-KA
Centro Ricerche Fiat Scpa;Orbassano;Italy;IT;45.00547;7.53813;research_project_eu;TUKE;1 spoločných projektov: MIDIH;high;https://cordis.europa.eu/project/id/767498
Universita Degli Studi Di Padova;Padova;Italy;IT;45.40772;11.87345;research_project_eu;TUKE;2 spoločných projektov: ESPOSA, INTEG-RISK;high;https://cordis.europa.eu/project/id/213345
Red Spa;Pavia;Italy;IT;45.18552;9.1508;research_project_eu;TUKE;1 spoločných projektov: SCORE;high;https://cordis.europa.eu/project/id/101003534
University of Pavia;Pavia;Italy;IT;45.19205;9.15917;coauthorship;TUKE;4 spoločných publikácií od 2015 (posledná 2024);high;https://openalex.org/works?filter=authorships.institutions.lineage:I183764125,authorships.institutions.lineage:I25217355
Apr Srl;Pinerolo (Torino);Italy;IT;44.88731;7.33195;research_project_eu;TUKE;1 spoločných projektov: ACCENT;high;https://cordis.europa.eu/project/id/213855
Scuola Superiore Sant'Anna;Pisa;Italy;IT;43.70853;10.4036;coauthorship;TUKE;8 spoločných publikácií od 2015 (posledná 2024);high;https://openalex.org/works?filter=authorships.institutions.lineage:I183764125,authorships.institutions.lineage:I162290304
Universita Di Pisa;Pisa;Italy;IT;43.70853;10.4036;research_project_eu;TUKE;2 spoločných projektov: INTEG-RISK, SCORE;high;https://cordis.europa.eu/project/id/101003534
DITECFER Distretto per le Tecnologie Ferroviarie, l’Alta Velocità e la Sicurezza delle Reti S.c.ar.l.;Pistoia;Italy;IT;43.93362;10.91742;crossborder_project;TUKE;RECORD – 2014 - 2020 Interreg Europe;high;https://keep.eu/projects/18953/
Prospecto SRL;Pistoia;Italy;IT;43.93123;10.91028;erasmus_ka2;TUKE;Cooperation partnerships in higher education: ErgoDesign – Improving digital skills for Ergonomics and Bioengineering Innovations for in (2021-1-PL01-KA220-HED-000031182);high;https://erasmus-plus.ec.europa.eu/projects/search/details/2021-1-PL01-KA220-HED-000031182
COMET Scrl – Cluster Metalmeccanica Friuli Venezia Giulia;Pordenone;Italy;IT;45.95625;12.65972;crossborder_project;TUKE;SMART CIRCUIT – 2021 - 2027 Interreg VI-B Central Europe;high;https://keep.eu/projects/27759/
Gal Venezia Orientale;Portogruaro;Italy;IT;45.75774;12.76912;crossborder_project;TUKE;Central - BIC – 2021 - 2027 Interreg VI-B Central Europe;high;https://keep.eu/projects/29371/
Ri.El.Co Impianti Srl;Rieti;Italy;IT;42.40255;12.86053;erasmus_ka2;TUKE;Centers of Vocational Excellence: SECOVE - Sustainable Energy Centres of Vocational Excellence (101056201);high;https://erasmus-plus.ec.europa.eu/projects/search/details/101056201
Ge Avio Srl;Rivalta Di Torino;Italy;IT;44.99863;7.51298;research_project_eu;TUKE;1 spoločných projektov: ESPOSA;high;https://cordis.europa.eu/project/id/284859
Avio Spa;Roma;Italy;IT;41.89332;12.48293;research_project_eu;TUKE;2 spoločných projektov: ACCENT, ESPOSA;high;https://cordis.europa.eu/project/id/213855
C.I.O.F.S. Formazione Professionale;Roma;Italy;IT;41.87997;12.4847;erasmus_ka2;TUKE;Partnerships for Digital Education Readiness: Benchmarking for Quality Assurance in e-learning provision of VET education (2020-1-SK01-KA226-VET-094266);high;https://erasmus-plus.ec.europa.eu/projects/search/details/2020-1-SK01-KA226-VET-094266
Ciape - Centro Italiano Per L'Apprendimento Permanente;Roma;Italy;IT;41.82955;12.49849;erasmus_ka2;TUKE;Strategic Partnerships for vocational education and training: Occupational Safety and Risk Control in Construction and Metal Industry Sectors (2016-1-TR01-KA202-034976);high;https://erasmus-plus.ec.europa.eu/projects/search/details/2016-1-TR01-KA202-034976
Consiglio Nazionale Delle Ricerche;Roma;Italy;IT;41.90076;12.51251;research_project_eu;TUKE;3 spoločných projektov: AI4EU, INTEG-RISK, SCORE;high;https://cordis.europa.eu/project/id/825619
Enel.Si Srl;Roma;Italy;IT;41.99091;12.55147;research_project_eu;TUKE;1 spoločných projektov: INERTIA;high;https://cordis.europa.eu/project/id/318216
Engineering - Ingegneria Informatica Spa;Roma;Italy;IT;41.83714;12.47102;research_project_eu;TUKE;2 spoločných projektov: INERTIA, MIDIH;high;https://cordis.europa.eu/project/id/767498
Fondazione C.I.O.F.S. - F.P. Ets;Roma;Italy;IT;41.88055;12.4897;erasmus_ka2;TUKE;Centers of Vocational Excellence: SECOVE - Sustainable Energy Centres of Vocational Excellence (101056201);high;https://erasmus-plus.ec.europa.eu/projects/search/details/101056201
Innova Srl;Roma;Italy;IT;41.90015;12.47488;research_project_eu;TUKE;1 spoločných projektov: eGovPoliNet;high;https://cordis.europa.eu/project/id/288136
Italian Rotors Industries Societa A Responsabilita Limitata;Roma;Italy;IT;41.89332;12.48293;research_project_eu;TUKE;1 spoločných projektov: ESPOSA;high;https://cordis.europa.eu/project/id/284859
Link Campus University (Università degli studi Link Campus University);Roma;Italy;IT;41.89332;12.48293;erasmus_eu;EkF, FBERG, FEI;"študenti + zamestnanci; Erasmus kód I ROMA26";high;https://erasmus.tuke.sk/partnerske-institucie-v-eu-a-ehp/
Luiss Libera Universita Internazionale Degli Studi Sociali Guido Carli;Roma;Italy;IT;41.91827;12.51192;erasmus_ka2;TUKE;Strategic Partnerships for vocational education and training: AuToMa - Automation, Technology transfer and Managerial practices for the growth of SMEs,  (2016-1-IT01-KA202-005599);high;https://erasmus-plus.ec.europa.eu/projects/search/details/2016-1-IT01-KA202-005599
Piaggio Aero Industries Spa;Roma;Italy;IT;41.90643;12.50544;research_project_eu;TUKE;1 spoločných projektov: ESPOSA;high;https://cordis.europa.eu/project/id/284859
Studio Saperessere Srl;Roma;Italy;IT;41.867;12.4848;erasmus_ka2;TUKE;Cooperation partnerships in vocational education and training: Upskilling paths for HR professionals to IMprove AGE management (2024-1-IT01-KA220-VET-000245039);high;https://erasmus-plus.ec.europa.eu/projects/search/details/2024-1-IT01-KA220-VET-000245039
Universita Degli Studi Di Roma La Sapienza;Roma;Italy;IT;41.90099;12.5129;research_project_eu;TUKE;2 spoločných projektov: AI4EU, INTEG-RISK;high;https://cordis.europa.eu/project/id/825619
Universita Degli Studi Di Roma La Sapienza;Roma;Italy;IT;41.90099;12.5129;erasmus_ka2;TUKE;Centers of Vocational Excellence: SECOVE - Sustainable Energy Centres of Vocational Excellence (101056201);high;https://erasmus-plus.ec.europa.eu/projects/search/details/101056201
Universita Degli Studi Di Roma Tor Vergata;Roma;Italy;IT;41.85149;12.6295;research_project_eu;TUKE;1 spoločných projektov: PICASO;high;https://cordis.europa.eu/project/id/689209
Universita Degli Studi Guglielmo Marconi - Telematica;Roma;Italy;IT;41.90728;12.46471;erasmus_ka2;TUKE;Strategic Partnerships for vocational education and training: Developing Innovative Science Outreach for Vocational Education to Encourage STEM Careers  (2017-1-BG01-KA202-036327);high;https://erasmus-plus.ec.europa.eu/projects/search/details/2017-1-BG01-KA202-036327
CNR – Institute of Environmental Geology and Geoengineering (IGAG);Rome;Italy;IT;41.89332;12.48293;research_cooperation;FMMR;Partner FMMR v zahraničí;high;https://fmmr.tuke.sk/wps/portal/fmmr/spolupraca/partneri-v-zahranici
Fondazione Universitaria INUIT Tor Vergata;Rome;Italy;IT;41.84852;12.59771;research_project_eu;TUKE;1 spoločných projektov: PICASO;high;https://cordis.europa.eu/project/id/689209
LUISS Guido Carli;Rome;Italy;IT;41.89332;12.48293;bilateral_agreement;TUKE;Patrners agreement Partners agreement (2016);high;https://www.crz.gov.sk/2691400/
Sapienza University of Rome;Rome;Italy;IT;41.89193;12.51133;coauthorship;TUKE;6 spoločných publikácií od 2015 (posledná 2026);high;https://openalex.org/works?filter=authorships.institutions.lineage:I183764125,authorships.institutions.lineage:I861853513
Thales Alenia Space Italia;Rome;Italy;IT;41.89332;12.48293;research_infrastructure;TUKE;Cooperation Agreement for the Implementation of the ESA Project No. 4000149770/25/NL/MH/yd (2026);high;https://www.crz.gov.sk/zmluva/12211742/
Essenia UETP - University and Enterprise Training Partnership s.r.l.;Salerno;Italy;IT;40.6536;14.82;erasmus_ka2;TUKE;Strategic Partnerships for vocational education and training: A digital tool development to train women from rural areas on literacies (2020-1-SI01-KA202-075891);high;https://erasmus-plus.ec.europa.eu/projects/search/details/2020-1-SI01-KA202-075891
M.B.I. Srl;Sant'Agata Li Battiati Ct;Italy;IT;37.55827;15.08081;research_project_eu;TUKE;1 spoločných projektov: SCORE;high;https://cordis.europa.eu/project/id/101003534
Universita Degli Studi Di Sassari;Sassari;Italy;IT;40.72347;8.56127;erasmus_eu;TUKE;"Erasmus+ mobilita (nominácie); Erasmus kód I SASSARI01";medium;https://erasmus.tuke.sk/vyzvy-na-studentsku-mobilitu/
Laboratorio Di Monitoraggio E Modellistica Ambientale Per Lo Sviluppo Sostenibile - Lamma;Sesto Fiorentino (Fi);Italy;IT;43.83172;11.19922;research_project_eu;TUKE;1 spoločných projektov: SCORE;high;https://cordis.europa.eu/project/id/101003534
Universita Degli Studi Di Siena;Siena;Italy;IT;43.31822;11.33064;research_project_eu;TUKE;1 spoločných projektov: AI4EU;high;https://cordis.europa.eu/project/id/825619
Fondazione Links - Leading Innovation & Knowledge For Society;Torino;Italy;IT;45.06515;7.65675;research_project_eu;TUKE;1 spoločných projektov: MONSOON;high;https://cordis.europa.eu/project/id/723650
Istituto Superiore Mario Boella Sulle Tecnologie Dell'Informazione E Delle  Telecomunicazioni Associazione;Torino;Italy;IT;45.0657;7.65957;research_project_eu;TUKE;1 spoločných projektov: ebbits;high;https://cordis.europa.eu/project/id/257852
Politecnico Di Torino;Torino;Italy;IT;45.06244;7.66234;erasmus_ka2;TUKE;Strategic Partnerships for higher education: Social Network based doctoral Education on Industry 4.0 (2017-1-SE01-KA203-034524);high;https://erasmus-plus.ec.europa.eu/projects/search/details/2017-1-SE01-KA203-034524
Politecnico Di Torino;Torino;Italy;IT;45.06244;7.66234;coauthorship;TUKE;27 spoločných publikácií od 2015 (posledná 2026);high;https://openalex.org/works?filter=authorships.institutions.lineage:I183764125,authorships.institutions.lineage:I177477856
Regione Piemonte;Torino;Italy;IT;45.06776;7.68249;crossborder_project;TUKE;CentraLab – 2007 - 2013 Central Europe;high;https://keep.eu/projects/5543/
Sea Marconi Technologies Di Vandertumiatti Sas;Torino;Italy;IT;45.07668;7.66466;research_project_eu;TUKE;1 spoločných projektov: RETROTRAFO;high;https://cordis.europa.eu/project/id/101182948
Fondazione Bruno Kessler;Trento;Italy;IT;46.0629;11.12399;research_project_eu;TUKE;1 spoločných projektov: AI4EU;high;https://cordis.europa.eu/project/id/825619
Informatica Trentina Spa;Trento;Italy;IT;46.06642;11.12576;crossborder_project;TUKE;"URBAN INNO – 2014 - 2020 INTERREG VB Central Europe; CentraLab – 2007 - 2013 Central Europe";high;https://keep.eu/projects/17695/
University of Trento (Università degli Studi di Trento);Trento;Italy;IT;46.06642;11.12576;erasmus_eu;FBERG, FEI, FMMR, FU, FVT, SjF, SvF;"študenti + zamestnanci; Erasmus kód I TRENTO01";high;https://erasmus.tuke.sk/partnerske-institucie-v-eu-a-ehp/
Istituto Per Servizi Di Ricovero E Assistenza Agli Anziani;Treviso;Italy;IT;45.66585;12.24554;crossborder_project;TUKE;DigiCare4CE – 2021 - 2027 Interreg VI-B Central Europe;high;https://keep.eu/projects/27727/
T2i- trasferimento tecnologico e innovazione;Treviso;Italy;IT;45.66585;12.24554;crossborder_project;TUKE;CIRCOTRONIC – 2021 - 2027 Interreg VI-B Central Europe;high;https://keep.eu/projects/27722/
Treviso Tecnologia;Treviso;Italy;IT;45.66585;12.24554;crossborder_project;TUKE;ORGANZA – 2007 - 2013 Interreg IVC;high;https://keep.eu/projects/505/
T-Connect S.R.L.;Trieste;Italy;IT;45.64965;13.77728;research_project_eu;TUKE;1 spoločných projektov: URBAN SENSING;high;https://cordis.europa.eu/project/id/314887
University of Turin;Turin;Italy;IT;45.07049;7.68682;coauthorship;TUKE;3 spoločných publikácií od 2015 (posledná 2024);high;https://openalex.org/works?filter=authorships.institutions.lineage:I183764125,authorships.institutions.lineage:I55143463
Comune di Udine;Udine;Italy;IT;46.06346;13.23584;crossborder_project;TUKE;CITYCIRCLE – 2014 - 2020 INTERREG VB Central Europe;high;https://keep.eu/projects/21710/
Friuli Innovazione Società consortile a responsabilità limitata;Udine;Italy;IT;46.06346;13.23584;crossborder_project;TUKE;Capacity2Transform – 2021 - 2027 Interreg VI-B Central Europe;high;https://keep.eu/projects/27717/
Organization for International KOoperation and Solidarity Onlus;Udine;Italy;IT;46.06366;13.23948;erasmus_ka2;TUKE;Strategic Partnerships addressing more than one field: HECOS FOR ETHICS – Higher Education and CompanieS FOsteRing ETHICal Skills (2014-1-IT01-KA200-002484);high;https://erasmus-plus.ec.europa.eu/projects/search/details/2014-1-IT01-KA200-002484
Universita Degli Studi Di Udine;Udine;Italy;IT;46.06625;13.23276;research_project_eu;TUKE;1 spoločných projektov: SME 5.0;high;https://cordis.europa.eu/project/id/101086487
Camera di Commercio Industria Artigianato Agricoltura di Varese;Varese;Italy;IT;45.81755;8.82635;crossborder_project;TUKE;ORGANZA – 2007 - 2013 Interreg IVC;high;https://keep.eu/projects/505/
Universita Ca' Foscari  Venezia;Venezia;Italy;IT;45.43466;12.32592;research_project_eu;TUKE;1 spoločných projektov: AI4EU;high;https://cordis.europa.eu/project/id/825619
Associazione Italiana Del Consiglio Dei Comuni E Delle Regioni D'Europa - Federazione Veneta;Venezia Ve;Italy;IT;39.45167;-74.96358;erasmus_ka2;TUKE;Strategic Partnerships addressing more than one field: HECOS FOR ETHICS – Higher Education and CompanieS FOsteRing ETHICal Skills (2014-1-IT01-KA200-002484);high;https://erasmus-plus.ec.europa.eu/projects/search/details/2014-1-IT01-KA200-002484
Università Iuav di Venezia;Venice;Italy;IT;45.43719;12.33459;crossborder_project;TUKE;Capacity2Transform – 2021 - 2027 Interreg VI-B Central Europe;high;https://keep.eu/projects/27717/
Volkswagen Group Italia Societa Per Azioni;Verona;Italy;IT;45.42195;10.93181;research_project_eu;TUKE;1 spoločných projektov: REBELION;high;https://cordis.europa.eu/project/id/101104241
Centro di Ricerca e Innovazione Tecnologica s.r.l.;Vignola;Italy;IT;44.47841;11.00909;crossborder_project;TUKE;SMERF – 2021 - 2027 Interreg VI-B Central Europe;high;https://keep.eu/projects/27760/
Chiba University;Chiba;Japan;JP;35.6;140.11667;coauthorship;TUKE;4 spoločných publikácií od 2015 (posledná 2026);high;https://openalex.org/works?filter=authorships.institutions.lineage:I183764125,authorships.institutions.lineage:I159385669
Hiroshima University;Hiroshima;Japan;JP;34.400001525878906;132.4499969482422;coauthorship;TUKE;5 spoločných publikácií od 2015 (posledná 2026);high;https://openalex.org/works?filter=authorships.institutions.lineage:I183764125,authorships.institutions.lineage:I113306721
Kokuritsu Daigaku Hojin Kyushu Kogyo Daigaku;Kitakyushu;Japan;JP;33.88977;130.8405;research_project_eu;TUKE;1 spoločných projektov: RETROTRAFO;high;https://cordis.europa.eu/project/id/101182948
Kyushu Institute of Technology;Kitakyushu;Japan;JP;33.851810455322266;130.850341796875;coauthorship;TUKE;6 spoločných publikácií od 2015 (posledná 2019);high;https://openalex.org/works?filter=authorships.institutions.lineage:I183764125,authorships.institutions.lineage:I207014233
Kitami Institute of Technology;Kitami;Japan;JP;43.80294;143.89464;bilateral_agreement;FBERG;Všeobecná zmluva o spolupráci;high;https://fberg.tuke.sk/en/academic-institutions
Kyoto University;Kyoto;Japan;JP;35.02107;135.75385;coauthorship;TUKE;3 spoločných publikácií od 2015 (posledná 2025);high;https://openalex.org/works?filter=authorships.institutions.lineage:I183764125,authorships.institutions.lineage:I22299242
Chukyo University;Nagoya;Japan;JP;35.18146896362305;136.90640258789062;coauthorship;TUKE;5 spoločných publikácií od 2015 (posledná 2020);high;https://openalex.org/works?filter=authorships.institutions.lineage:I183764125,authorships.institutions.lineage:I98940699
Nagoya University;Nagoya;Japan;JP;35.18147;136.90641;coauthorship;TUKE;4 spoločných publikácií od 2015 (posledná 2026);high;https://openalex.org/works?filter=authorships.institutions.lineage:I183764125,authorships.institutions.lineage:I60134161
Tohoku University;Sendai;Japan;JP;38.26667;140.86667;coauthorship;TUKE;3 spoločných publikácií od 2015 (posledná 2018);high;https://openalex.org/works?filter=authorships.institutions.lineage:I183764125,authorships.institutions.lineage:I201537933
Keio University;Tokyo;Japan;JP;35.6895;139.69171;coauthorship;TUKE;7 spoločných publikácií od 2015 (posledná 2022);high;https://openalex.org/works?filter=authorships.institutions.lineage:I183764125,authorships.institutions.lineage:I203951103
Korea University;Tokyo;Japan;JP;35.6895;139.69171;coauthorship;TUKE;3 spoločných publikácií od 2015 (posledná 2025);high;https://openalex.org/works?filter=authorships.institutions.lineage:I183764125,authorships.institutions.lineage:I4210161052
The University of Tokyo;Tokyo;Japan;JP;35.6895;139.69171;coauthorship;TUKE;3 spoločných publikácií od 2015 (posledná 2026);high;https://openalex.org/works?filter=authorships.institutions.lineage:I183764125,authorships.institutions.lineage:I74801974
Tokyo University of Science;Tokyo;Japan;JP;35.6895;139.69171;coauthorship;TUKE;3 spoločných publikácií od 2015 (posledná 2026);high;https://openalex.org/works?filter=authorships.institutions.lineage:I183764125,authorships.institutions.lineage:I161296585
University of Toyama;Toyama;Japan;JP;36.69576;137.21362;bilateral_agreement;TUKE;Agreement for academic exchange between (2015);high;https://www.crz.gov.sk/2176556/
University of Toyama;Toyama;Japan;JP;36.69576;137.21362;research_cooperation;FMMR;Partner FMMR v zahraničí (Faculty of Sustainable Design);high;https://fmmr.tuke.sk/wps/portal/fmmr/spolupraca/partneri-v-zahranici
Jordan University of Science and Technology;Irbid;Jordan;JO;32.55561;35.8493;bilateral_agreement;FVT;Zmluvná spolupráca na úrovni fakulty;high;https://fvt.tuke.sk/en/international-cooperation
Al-Farabi Kazakh National University;Almaty;Kazakhstan;KZ;43.25249;76.9115;coauthorship;TUKE;11 spoločných publikácií od 2015 (posledná 2026);high;https://openalex.org/works?filter=authorships.institutions.lineage:I183764125,authorships.institutions.lineage:I185571130
Ionosphere Institute;Almaty;Kazakhstan;KZ;43.25;76.91667;coauthorship;TUKE;3 spoločných publikácií od 2015 (posledná 2026);high;https://openalex.org/works?filter=authorships.institutions.lineage:I183764125,authorships.institutions.lineage:I4210162028
Eurasian National University Namedafter L.N. Gumilyov;Astana;Kazakhstan;KZ;51.12828;71.43047;erasmus_ka2;TUKE;Capacity Building in higher education: Triggering innovative approaches, entrepreneurial skills and attitudes in HEI learners thr (617309-EPP-1-2020-1-SK-EPPKA2-CBHE-JP);high;https://erasmus-plus.ec.europa.eu/projects/search/details/617309-EPP-1-2020-1-SK-EPPKA2-CBHE-JP
Khalel Dosmukhamedov Atyrau State University;Atyrau;Kazakhstan;KZ;47.10672;51.9139;erasmus_ka2;TUKE;Capacity Building in higher education: Triggering innovative approaches, entrepreneurial skills and attitudes in HEI learners thr (617309-EPP-1-2020-1-SK-EPPKA2-CBHE-JP);high;https://erasmus-plus.ec.europa.eu/projects/search/details/617309-EPP-1-2020-1-SK-EPPKA2-CBHE-JP
Toraighyrov University;Pavlodar;Kazakhstan;KZ;52.28576;76.9455;erasmus_ka2;TUKE;Capacity Building in higher education: Triggering innovative approaches, entrepreneurial skills and attitudes in HEI learners thr (617309-EPP-1-2020-1-SK-EPPKA2-CBHE-JP);high;https://erasmus-plus.ec.europa.eu/projects/search/details/617309-EPP-1-2020-1-SK-EPPKA2-CBHE-JP
United Nations Human Settlements Programme;Nairobi;Kenya;KE;-1.28579;36.82003;research_project_eu;TUKE;1 spoločných projektov: Bottom-Up NEB;high;https://cordis.europa.eu/project/id/101309397
UBT - Business and Technology College;Prishtina;Kosovo;XK;42.66388;21.16408;ceepus;TUKE;CEEPUS BG-1103-11-2627: Modelling, Simulation and Computer-aided Design in Engineering and Management;high;https://www.ceepus.info/nw/1103-2627
University of Prishtina;Prishtina;Kosovo;XK;42.67272186279297;21.166879653930664;ceepus;TUKE;"CEEPUS PL-0033-22-2627: Development of mechanical engineering (design, technology and production managem; CEEPUS PL-0701-15-2627: Engineering as Communication Language in Europe; CEEPUS PL-0901-13-2627: Teaching and research in advanced manufacturing; CEEPUS BG-1103-11-2627: Modelling, Simulation and Computer-aided Design in Engineering and Management; CEEPUS PL-1705-05-2627: INTEGRATION Development, education and practical improvement in the field of mul; CEEPUS PL-1909-01-2425: ""Green"" buildings as solutions to achieve sustainable environmental goals (+2)";high;https://www.ceepus.info/nw/0033-2627
University of Prishtina;Prishtina;Kosovo;XK;42.67272186279297;21.166879653930664;erasmus_ka171;SjF, EkF, LF;Erasmus+ KA107 – partnerská inštitúcia mimo EÚ;high;https://web.archive.org/web/2023/https://erasmus.tuke.sk/en/non-eu-countries/partner-institutions/
University of Prishtina;Prishtina;Kosovo;XK;42.67272186279297;21.166879653930664;coauthorship;TUKE;6 spoločných publikácií od 2015 (posledná 2024);high;https://openalex.org/works?filter=authorships.institutions.lineage:I183764125,authorships.institutions.lineage:I78768387
Gaia;Pristina;Kosovo;XK;42.66246;21.16013;erasmus_ka2;TUKE;Strategic Partnerships for school education: Head in the Clouds: Digital Learning to Overcome School Failure (2015-1-AT01-KA201-005024);high;https://erasmus-plus.ec.europa.eu/projects/search/details/2015-1-AT01-KA201-005024
American University of the Middle East;Al ‘Uqaylah;Kuwait;KW;29.177780151367188;48.09471893310547;coauthorship;TUKE;5 spoločných publikácií od 2015 (posledná 2023);high;https://openalex.org/works?filter=authorships.institutions.lineage:I183764125,authorships.institutions.lineage:I2803079837
Biedriba Eurofortis;Riga;Latvia;LV;56.96107;24.01816;erasmus_ka2;TUKE;Strategic Partnerships for vocational education and training: Tracking Learning and Career Paths of VET graduates, to improve quality of VET provision (2018-1-SK01-KA202-046331);high;https://erasmus-plus.ec.europa.eu/projects/search/details/2018-1-SK01-KA202-046331
EKA University of Applied Sciences;Riga;Latvia;LV;56.9494;24.10518;research_cooperation;FMMR;Partner FMMR v zahraničí;high;https://fmmr.tuke.sk/wps/portal/fmmr/spolupraca/partneri-v-zahranici
Latvijas Makslas Akademija;Riga;Latvia;LV;56.95594;24.10873;erasmus_ka2;TUKE;Cooperation partnerships in higher education: Digital Art Courses in Higher Education Institutions (2021-1-PL01-KA220-HED-000029379);high;https://erasmus-plus.ec.europa.eu/projects/search/details/2021-1-PL01-KA220-HED-000029379
Tilde Sia;Riga;Latvia;LV;56.90682;24.08366;research_project_eu;TUKE;1 spoločných projektov: AI4EU;high;https://cordis.europa.eu/project/id/825619
Ekonomikas un kultūras augstskola (University College of Economics and Culture);Rīga;Latvia;LV;56.9494;24.10518;erasmus_eu;EkF, FBERG, FEI, FMMR, FVT, SjF, SvF, TUKE;"študenti + zamestnanci; Erasmus kód LV RIGA33";high;https://erasmus.tuke.sk/partnerske-institucie-v-eu-a-ehp/
Riga Technical University (Rīgas Tehniskā universitāte);Rīga;Latvia;LV;56.9494;24.10518;erasmus_eu;EkF, FEI, FMMR, SjF;"študenti; Erasmus kód LV RIGA02";high;https://erasmus.tuke.sk/partnerske-institucie-v-eu-a-ehp/
Riga Technical University (Rīgas Tehniskā universitāte);Rīga;Latvia;LV;56.9494;24.10518;erasmus_ka2;TUKE;Capacity Building in higher education: Establishing Smart Energy System Curriculum at Russian and Vietnamese Universities (586087-EPP-1-2017-1-LV-EPPKA2-CBHE-JP);high;https://erasmus-plus.ec.europa.eu/projects/search/details/586087-EPP-1-2017-1-LV-EPPKA2-CBHE-JP
Riga Technical University (Rīgas Tehniskā universitāte);Rīga;Latvia;LV;56.9494;24.10518;bilateral_agreement;FVT;Zmluvná spolupráca na úrovni fakulty;high;https://fvt.tuke.sk/en/international-cooperation
Riga Technical University (Rīgas Tehniskā universitāte);Rīga;Latvia;LV;56.9494;24.10518;coauthorship;TUKE;7 spoločných publikácií od 2015 (posledná 2026);high;https://openalex.org/works?filter=authorships.institutions.lineage:I183764125,authorships.institutions.lineage:I201787326
Kaunas University of Technology (Kauno technologijos universitetas);Kaunas;Lithuania;LT;54.89821;23.90448;erasmus_eu;FBERG, FEI, FMMR, FVT, SjF, SvF;"študenti + zamestnanci; Erasmus kód LT KAUNAS02";high;https://erasmus.tuke.sk/partnerske-institucie-v-eu-a-ehp/
Kaunas University of Technology (Kauno technologijos universitetas);Kaunas;Lithuania;LT;54.89821;23.90448;bilateral_agreement;FMMR;"Cooperation Agreement COOPAG-2/2025-FMMR (2025); Cooperation agreement Cooperation Agreement (2016)";high;https://www.crz.gov.sk/zmluva/10263267/
Kaunas University of Technology (Kauno technologijos universitetas);Kaunas;Lithuania;LT;54.89821;23.90448;coauthorship;TUKE;7 spoločných publikácií od 2015 (posledná 2022);high;https://openalex.org/works?filter=authorships.institutions.lineage:I183764125,authorships.institutions.lineage:I172574986
Socialiniu Inovaciju Fondas;Kaunas;Lithuania;LT;54.89812;23.90043;erasmus_ka2;TUKE;Strategic Partnerships for vocational education and training: Stimulating And Validating digital Entrepreneurship as the best way to increasing the qual (2019-1-PL01-KA202-065209);high;https://erasmus-plus.ec.europa.eu/projects/search/details/2019-1-PL01-KA202-065209
Uzdaroji Akcine Bendrove Dirmeta;Kaunas;Lithuania;LT;54.90764;24.00364;research_project_eu;TUKE;2 spoločných projektov: NEWEX, PROMATAI;high;https://cordis.europa.eu/project/id/101129698
Klaipedos Prekybos Pramones Ir Amatu Rumai;Klaipeda;Lithuania;LT;55.71257;21.12412;erasmus_ka2;TUKE;Centers of Vocational Excellence: INVESTech - Innovation Vocational Excellence in Tech (101143958);high;https://erasmus-plus.ec.europa.eu/projects/search/details/101143958
Klaipedos Valstybine Kolegija;Klaipeda;Lithuania;LT;55.72662;21.17306;erasmus_ka2;TUKE;"Centers of Vocational Excellence: INVESTech - Innovation Vocational Excellence in Tech (101143958); Cooperation partnerships in vocational education and training: Protection against flash floods (2022-1-SK01-KA220-VET-000086741)";high;https://erasmus-plus.ec.europa.eu/projects/search/details/101143958
Viesoji Istaiga Klaipedos Mokslo Irtechnologiju Parkas;Klaipeda;Lithuania;LT;55.72408;21.12411;erasmus_ka2;TUKE;Centers of Vocational Excellence: INVESTech - Innovation Vocational Excellence in Tech (101143958);high;https://erasmus-plus.ec.europa.eu/projects/search/details/101143958
General Jonas Žemaitis Military Academy of Lithuania;Vilnius;Lithuania;LT;54.68915939331055;25.279800415039062;coauthorship;TUKE;3 spoločných publikácií od 2015 (posledná 2017);high;https://openalex.org/works?filter=authorships.institutions.lineage:I183764125,authorships.institutions.lineage:I4210138806
University of Applied Sciences (Vilniaus kolegija);Vilnius;Lithuania;LT;54.68705;25.28291;erasmus_eu;SvF;"študenti + zamestnanci; Erasmus kód LT VILNIUS10";high;https://erasmus.tuke.sk/partnerske-institucie-v-eu-a-ehp/
University of Applied Sciences (Vilniaus kolegija);Vilnius;Lithuania;LT;54.68705;25.28291;erasmus_ka2;TUKE;Cooperation partnerships in higher education: Design2Freedom: promoviendo el Diseño Centrado en la Persona aplicado a la discapacidad en (2023-1-ES01-KA220-HED-000154427);high;https://erasmus-plus.ec.europa.eu/projects/search/details/2023-1-ES01-KA220-HED-000154427
Vilnius College of Technologies and Design (Vilniaus technologijų ir dizaino kolegija);Vilnius;Lithuania;LT;54.68705;25.28291;erasmus_eu;SjF;"študenti + zamestnanci; Erasmus kód LT VILNIUS14";high;https://erasmus.tuke.sk/partnerske-institucie-v-eu-a-ehp/
Vilnius Gediminas Technical University (Vilniaus Gedimino Technikos Universitetas);Vilnius;Lithuania;LT;54.68705;25.28291;erasmus_eu;EkF;"študenti + zamestnanci; Erasmus kód LT VILNIUS02";high;https://erasmus.tuke.sk/partnerske-institucie-v-eu-a-ehp/
Vilnius Gediminas Technical University (Vilniaus Gedimino Technikos Universitetas);Vilnius;Lithuania;LT;54.68705;25.28291;research_project_eu;TUKE;1 spoločných projektov: RIMA;high;https://cordis.europa.eu/project/id/824990
Vilnius Gediminas Technical University (Vilniaus Gedimino Technikos Universitetas);Vilnius;Lithuania;LT;54.68705;25.28291;coauthorship;TUKE;11 spoločných publikácií od 2015 (posledná 2022);high;https://openalex.org/works?filter=authorships.institutions.lineage:I183764125,authorships.institutions.lineage:I167420956
Vilnius University (Vilniaus universitetas);Vilnius;Lithuania;LT;54.68705;25.28291;erasmus_eu;FEI;"študenti + zamestnanci; Erasmus kód LT VILNIUS01";high;https://erasmus.tuke.sk/partnerske-institucie-v-eu-a-ehp/
Vilnius University (Vilniaus universitetas);Vilnius;Lithuania;LT;54.68705;25.28291;coauthorship;TUKE;3 spoločných publikácií od 2015 (posledná 2021);high;https://openalex.org/works?filter=authorships.institutions.lineage:I183764125,authorships.institutions.lineage:I173212132
Wavestone Luxembourg Sa;Leudelange;Luxembourg;LU;49.56476;6.0793;research_project_eu;TUKE;1 spoločných projektov: AI4EU;high;https://cordis.europa.eu/project/id/825619
Camera Di Commercio Italo-Lussemburghese;Luxembourg;Luxembourg;LU;49.61079;6.11858;erasmus_ka2;TUKE;Strategic Partnerships for adult education: Inclusive workplaces for seniors workers (2020-1-SK01-KA204-078253);high;https://erasmus-plus.ec.europa.eu/projects/search/details/2020-1-SK01-KA204-078253
Greece Luxembourg;Luxembourg;Luxembourg;LU;49.61088;6.12915;erasmus_ka2;TUKE;Cooperation partnerships in vocational education and training: Twin Transition: Empowering European SMEs for the Digital and Green Future (2025-1-SK01-KA220-VET-000352277);high;https://erasmus-plus.ec.europa.eu/projects/search/details/2025-1-SK01-KA220-VET-000352277
Luxembourg School of Business;Luxembourg;Luxembourg;LU;49.61128;6.1298;erasmus_eu;EkF;"študenti + zamestnanci; Erasmus kód LUX LUX-VIL08";high;https://erasmus.tuke.sk/partnerske-institucie-v-eu-a-ehp/
University of Luxembourg;Luxembourg;Luxembourg;LU;49.60982;6.13268;coauthorship;TUKE;3 spoločných publikácií od 2015 (posledná 2025);high;https://openalex.org/works?filter=authorships.institutions.lineage:I183764125,authorships.institutions.lineage:I186903577
Unu International Institute Software Technology Unuiist;Macau;Macao;MO;22.17576;113.55141;research_project_eu;TUKE;1 spoločných projektov: eGovPoliNet;high;https://cordis.europa.eu/project/id/288136
University of Technology Malaysia;Johor Bahru;Malaysia;MY;1.4655;103.7578;coauthorship;TUKE;5 spoločných publikácií od 2015 (posledná 2021);high;https://openalex.org/works?filter=authorships.institutions.lineage:I183764125,authorships.institutions.lineage:I4576418
INTI International University;Kampung Baharu Nilai;Malaysia;MY;2.8033;101.7972;coauthorship;TUKE;3 spoločných publikácií od 2015 (posledná 2025);high;https://openalex.org/works?filter=authorships.institutions.lineage:I183764125,authorships.institutions.lineage:I12649496
Universiti Sains Islam Malaysia;Kampung Baharu Nilai;Malaysia;MY;2.803299903869629;101.79720306396484;coauthorship;TUKE;4 spoločných publikácií od 2015 (posledná 2026);high;https://openalex.org/works?filter=authorships.institutions.lineage:I183764125,authorships.institutions.lineage:I112982808
University of Malaya;Kuala Lumpur;Malaysia;MY;3.1412;101.68653;coauthorship;TUKE;7 spoločných publikácií od 2015 (posledná 2026);high;https://openalex.org/works?filter=authorships.institutions.lineage:I183764125,authorships.institutions.lineage:I33849332
Universiti Tenaga Nasional;Kuala Selangor;Malaysia;MY;3.35;101.25;coauthorship;TUKE;12 spoločných publikácií od 2015 (posledná 2018);high;https://openalex.org/works?filter=authorships.institutions.lineage:I183764125,authorships.institutions.lineage:I79156528
Multimedia University;Malacca;Malaysia;MY;2.196;102.2405;coauthorship;TUKE;3 spoločných publikácií od 2015 (posledná 2026);high;https://openalex.org/works?filter=authorships.institutions.lineage:I183764125,authorships.institutions.lineage:I173029219
Universiti Teknikal Malaysia Melaka;Melaka;Malaysia;MY;2.19426;102.24867;bilateral_agreement;TUKE;Memorandum of Understanding (2025);high;https://www.crz.gov.sk/zmluva/11660711/
Universiti Malaysia Pahang Al-Sultan Abdullah;Pekan;Malaysia;MY;3.48955;103.3904;bilateral_agreement;TUKE;Memorandum of Understanding (2024);high;https://www.crz.gov.sk/zmluva/9583690/
Sunway University;Petaling Jaya;Malaysia;MY;3.10725998878479;101.6067123413086;coauthorship;TUKE;3 spoločných publikácií od 2015 (posledná 2026);high;https://openalex.org/works?filter=authorships.institutions.lineage:I183764125,authorships.institutions.lineage:I84339108
Universiti Putra Malaysia;Selangor Darul Ehsan;Malaysia;MY;3.00081;101.7186;research_project_eu;TUKE;1 spoločných projektov: RETROTRAFO;high;https://cordis.europa.eu/project/id/101182948
Monash University Malaysia;Subang Jaya;Malaysia;MY;3.04384;101.58062;coauthorship;TUKE;8 spoločných publikácií od 2015 (posledná 2024);high;https://openalex.org/works?filter=authorships.institutions.lineage:I183764125,authorships.institutions.lineage:I11662577
International Integrity Foundation;Kirkop;Malta;MT;35.84198;14.48445;erasmus_ka2;TUKE;Cooperation partnerships in vocational education and training: Promoting creativity microbusiness though web tools in rural area (2021-1-SK01-KA220-VET-000032999);high;https://erasmus-plus.ec.europa.eu/projects/search/details/2021-1-SK01-KA220-VET-000032999
Eurodimensions;Msida;Malta;MT;35.90086;14.48779;erasmus_ka2;TUKE;Cooperation partnerships in vocational education and training: Twin Transition: Empowering European SMEs for the Digital and Green Future (2025-1-SK01-KA220-VET-000352277);high;https://erasmus-plus.ec.europa.eu/projects/search/details/2025-1-SK01-KA220-VET-000352277
University of Malta;Msida;Malta;MT;35.89569;14.48918;erasmus_eu;EkF;"študenti + zamestnanci; Erasmus kód MT MALTA01";high;https://erasmus.tuke.sk/partnerske-institucie-v-eu-a-ehp/
University of Malta;Msida;Malta;MT;35.89569;14.48918;research_project_eu;TUKE;1 spoločných projektov: SME 5.0;high;https://cordis.europa.eu/project/id/101086487
University of Malta;Msida;Malta;MT;35.89569;14.48918;coauthorship;TUKE;4 spoločných publikácií od 2015 (posledná 2026);high;https://openalex.org/works?filter=authorships.institutions.lineage:I183764125,authorships.institutions.lineage:I197854408
Anamaria Magri Pantea;Naxxar;Malta;MT;35.91334;14.44329;erasmus_ka2;TUKE;Cooperation partnerships in higher education: GREEN Dimension: Adapting Learning in Higher Education (2024-1-SK01-KA220-HED-000243273);high;https://erasmus-plus.ec.europa.eu/projects/search/details/2024-1-SK01-KA220-HED-000243273
MCAST - Institute of Business Management and Commerce;Paola;Malta;MT;35.8718;14.50737;erasmus_eu;EkF;"študenti + zamestnanci; Erasmus kód MT MALTA02";high;https://erasmus.tuke.sk/partnerske-institucie-v-eu-a-ehp/
MCAST - Institute of Business Management and Commerce;Paola;Malta;MT;35.8718;14.50737;erasmus_ka2;TUKE;Cooperation partnerships in higher education: GREEN Dimension: Adapting Learning in Higher Education (2024-1-SK01-KA220-HED-000243273);high;https://erasmus-plus.ec.europa.eu/projects/search/details/2024-1-SK01-KA220-HED-000243273
University of Mauritius;Réduit;Mauritius;MU;-20.23451;57.49766;research_cooperation;FMMR;Partner FMMR v zahraničí;high;https://fmmr.tuke.sk/wps/portal/fmmr/spolupraca/partneri-v-zahranici
UPAEP – Universidad Popular Autónoma del Estado de Puebla;Puebla;Mexico;MX;19.0438;-98.19815;bilateral_agreement;FBERG;Všeobecná zmluva o spolupráci;high;https://fberg.tuke.sk/en/academic-institutions
Universitatea De Sta Alecu Russo Din Balti;Balti;Moldova;MD;47.7624;27.9286;erasmus_ka2;TUKE;Capacity Building in higher education: Reinforce entrepreneurial and digital skills of students and teachers to enhance the moder (585353-EPP-1-2017-1-RO-EPPKA2-CBHE-JP);high;https://erasmus-plus.ec.europa.eu/projects/search/details/585353-EPP-1-2017-1-RO-EPPKA2-CBHE-JP
Universitatea De Stat B.P.Hasdeu Din Cahul;Cahul;Moldova;MD;45.58315;28.17982;erasmus_ka2;TUKE;Capacity Building in higher education: Reinforce entrepreneurial and digital skills of students and teachers to enhance the moder (585353-EPP-1-2017-1-RO-EPPKA2-CBHE-JP);high;https://erasmus-plus.ec.europa.eu/projects/search/details/585353-EPP-1-2017-1-RO-EPPKA2-CBHE-JP
Academy Of Economic Studies Of Moldova;Chisinau;Moldova;MD;47.12759;28.88825;erasmus_ka2;TUKE;"Capacity Building in higher education: Reinforce entrepreneurial and digital skills of students and teachers to enhance the moder (585353-EPP-1-2017-1-RO-EPPKA2-CBHE-JP); Capacity Building in higher education: Reforming Master Programmes in Finance in Armenia and Moldova (585784-EPP-1-2017-1-AT-EPPKA2-CBHE-JP)";high;https://erasmus-plus.ec.europa.eu/projects/search/details/585353-EPP-1-2017-1-RO-EPPKA2-CBHE-JP
Academy of Sciences of Moldova;Chisinau;Moldova;MD;47.00556;28.8575;coauthorship;TUKE;7 spoločných publikácií od 2015 (posledná 2019);high;https://openalex.org/works?filter=authorships.institutions.lineage:I183764125,authorships.institutions.lineage:I112090838
Technical University of Moldova;Chisinau;Moldova;MD;47.02451;28.83229;ceepus;TUKE;"CEEPUS RO-0013-22-2627: Teaching and Research of Environment-oriented Technologies in Manufacturing; CEEPUS SK-0030-22-2627: Internationalisation and development of joint activities in the field of smart f; CEEPUS PL-0033-22-2627: Development of mechanical engineering (design, technology and production managem; CEEPUS RO-0058-19-2627: DESIGN, IMPLEMENTATION AND USE OF JOINT PROGRAMS ON  ARTIFICIAL INTELIGENCE, QUA; CEEPUS RO-0202-20-2627: Enhancing the use of blended e-learning as an internationalization tool in the f; CEEPUS RS-0304-19-2627: Technical Characteristics Researching of Modern Products in Machine Industry wit (+7)";high;https://www.ceepus.info/nw/0013-2627
Universitatea Agrara De Stat Din Moldova;Chisinau;Moldova;MD;47.05093;28.82115;erasmus_ka2;TUKE;Capacity Building in higher education: Reinforce entrepreneurial and digital skills of students and teachers to enhance the moder (585353-EPP-1-2017-1-RO-EPPKA2-CBHE-JP);high;https://erasmus-plus.ec.europa.eu/projects/search/details/585353-EPP-1-2017-1-RO-EPPKA2-CBHE-JP
Universitatea De Stat Din Moldova;Chisinau;Moldova;MD;47.01853;28.82385;erasmus_ka2;TUKE;"Capacity Building in higher education: Reinforce entrepreneurial and digital skills of students and teachers to enhance the moder (585353-EPP-1-2017-1-RO-EPPKA2-CBHE-JP); Capacity Building in higher education: Reforming Master Programmes in Finance in Armenia and Moldova (585784-EPP-1-2017-1-AT-EPPKA2-CBHE-JP)";high;https://erasmus-plus.ec.europa.eu/projects/search/details/585353-EPP-1-2017-1-RO-EPPKA2-CBHE-JP
Universitatea Pedagogica de Stat “Ion Creanga” din Chisinau;Chisinau;Moldova;MD;47.02451;28.83229;crossborder_project;TUKE;Culinary Trail – 2021 - 2027 Interreg VI-B Danube;high;https://keep.eu/projects/29507/
Universitatea Pedagogica de Stat “Ion Creanga” din Chisinau;Chisinau;Moldova;MD;47.02451;28.83229;crossborder_project;TUKE;MEET – 2021 - 2027 Interreg VI-B Danube;high;https://keep.eu/projects/29904/
Agenția de Stat pentru Proprietatea Intelectuală;Chişinău;Moldova;MD;47.02451;28.83229;crossborder_project;TUKE;DTP2-076-1.1KnowING IPR – 2014 - 2020 INTERREG VB Danube;high;https://keep.eu/projects/19519/
Moldova State University;Chișinău;Moldova;MD;47.02451;28.83229;bilateral_agreement;TUKE;Memorandum of Understanding Memorandum zo dňa 14.9.2021 (2021);high;https://www.crz.gov.sk/zmluva/6010486/
Organizatia pentru Dezvoltarea Antreprenoriatului;Chișinău;Moldova;MD;47.02451;28.83229;crossborder_project;TUKE;CI-Hub – 2021 - 2027 Interreg VI-B Danube;high;https://keep.eu/projects/29489/
Institutia Invatamint Universitateade Stat Din Comrat;Comrat Uta Gagauzia;Moldova;MD;46.29955;28.65397;erasmus_ka2;TUKE;Capacity Building in higher education: Reforming Master Programmes in Finance in Armenia and Moldova (585784-EPP-1-2017-1-AT-EPPKA2-CBHE-JP);high;https://erasmus-plus.ec.europa.eu/projects/search/details/585784-EPP-1-2017-1-AT-EPPKA2-CBHE-JP
Agentia pentru Inovare si Transfer Tehnologic;MD 2028 Chişinău;Moldova;MD;47.02451;28.83229;crossborder_project;TUKE;DTP2-076-1.1KnowING IPR – 2014 - 2020 INTERREG VB Danube;high;https://keep.eu/projects/19519/
Asociatia Intreprinderilor din Industria Usoara - Sorintex;Soroca;Moldova;MD;48.15427;28.28835;crossborder_project;TUKE;Plan-C – 2021 - 2027 Interreg VI-B Danube;high;https://keep.eu/projects/29907/
Asociația Obșteasca pentru Copii și Tineret ”FĂCLIA”;Ungheni;Moldova;MD;47.206;27.79892;crossborder_project;TUKE;DTP2-021-1.2 InnoSchool – 2014 - 2020 INTERREG VB Danube;high;https://keep.eu/projects/19502/
Citi University;Bayangol;Mongolia;MN;47.90927;106.84812;erasmus_ka2;TUKE;Capacity Building in higher education: DIGITAL MOVE - Bridging Digital Divide in Mongolia and Vietnam through HEI’s Digital Trans (101082527);high;https://erasmus-plus.ec.europa.eu/projects/search/details/101082527
School Of Agroecology And Business Institute Of Plant And Agricultural Sciences Mongolian University Of Life Sciences;Darkhan;Mongolia;MN;49.49224;105.93616;erasmus_ka2;TUKE;Capacity Building in higher education: DIGITAL MOVE - Bridging Digital Divide in Mongolia and Vietnam through HEI’s Digital Trans (101082527);high;https://erasmus-plus.ec.europa.eu/projects/search/details/101082527
Erdenet Mining Corporation Soe;Erdenet;Mongolia;MN;49.0276;104.04439;erasmus_ka2;TUKE;Capacity Building in higher education: DIGITAL MOVE - Bridging Digital Divide in Mongolia and Vietnam through HEI’s Digital Trans (101082527);high;https://erasmus-plus.ec.europa.eu/projects/search/details/101082527
Otoch Manramba Ikh Surguuli/Otoch Manramba University;Ulaanbaatar;Mongolia;MN;47.91847;106.9177;erasmus_ka2;TUKE;Capacity Building in higher education: DIGITAL MOVE - Bridging Digital Divide in Mongolia and Vietnam through HEI’s Digital Trans (101082527);high;https://erasmus-plus.ec.europa.eu/projects/search/details/101082527
Reghionalna razvojna agencija za Bjelasicu, Komove i Prokletije;Berane;Montenegro;ME;42.84358;19.87287;crossborder_project;TUKE;"DTP1-260-1.1; InnoHPC – 2014 - 2020 INTERREG VB Danube; Culinary Trail – 2021 - 2027 Interreg VI-B Danube";high;https://keep.eu/projects/18508/
Agencija za razvoj i podršku poslovanju;Cetinje;Montenegro;ME;42.38963;18.92461;crossborder_project;TUKE;DECA – 2021 - 2027 Interreg VI-B Danube;high;https://keep.eu/projects/29493/
Inovaciono preduzetnički centar Tehnopolis;Nikšić;Montenegro;ME;42.77394;18.94881;crossborder_project;TUKE;DTP1-006-1.1 CrowdStream – 2014 - 2020 INTERREG VB Danube;high;https://keep.eu/projects/18464/
Akcelerator Društvenih Promjena-Zid;Podgorica;Montenegro;ME;42.44152;19.26211;crossborder_project;TUKE;IaaS 4 DR – 2021 - 2027 Interreg VI-B Danube;high;https://keep.eu/projects/29484/
Institute Of Modern Technology Montenegro;Podgorica;Montenegro;ME;42.44152;19.26211;erasmus_ka2;TUKE;Cooperation partnerships in higher education: M100Academy: Interdisciplinary Training for Climate-Neutral Cities (2025-1-RO01-KA220-HED-000360687);high;https://erasmus-plus.ec.europa.eu/projects/search/details/2025-1-RO01-KA220-HED-000360687
Institutu za strateške studije i projekcije;Podgorica;Montenegro;ME;42.44152;19.26211;crossborder_project;TUKE;DTP1-270-4.1 ATTRACTIVE DANUBE – 2014 - 2020 INTERREG VB Danube;high;https://keep.eu/projects/18507/
Javna Ustanova Univerzitet Crne Gore Podgorica;Podgorica;Montenegro;ME;42.43904;19.26323;erasmus_ka2;TUKE;"European Universities: ULYSSEUS - Consolidating Ulysseus: an open to the world, persons-centred and entrepreneuri (101124733); Mobility  of young people: UlySA4Society (2025-3-FR02-KA152-YOU-000378513); Mobility  of young people: UlySA BOOTCAMP (2025-1-FR02-KA152-YOU-000304542); Cooperation partnerships in higher education: ALFA Labs - trAnsformation pLan For Ai Living Labs (2024-1-FI01-KA220-HED-000248157); Cooperation partnerships in higher education: Boosting success through internationalization (2025-1-FR01-KA220-HED-000363516); Cooperation partnerships in higher education: AI literacy programme for managing disinformation in European societies (2024-1-FI01-KA220-HED-000247530)";high;https://erasmus-plus.ec.europa.eu/projects/search/details/101124733
Javno Preduzece Za Nacionalne Parkove - Podgorica;Podgorica;Montenegro;ME;42.42258;19.27029;research_project_eu;TUKE;1 spoločných projektov: SWIM;high;https://cordis.europa.eu/project/id/101215230
Nacionalna turistička organizacija Crne Gore;Podgorica;Montenegro;ME;42.44152;19.26211;crossborder_project;TUKE;#RomansWineDanube – 2021 - 2027 Interreg VI-B Danube;high;https://keep.eu/projects/29476/
Naučno – Tehnološki Park Cren Gore;Podgorica;Montenegro;ME;42.44152;19.26211;crossborder_project;TUKE;CI-Hub – 2021 - 2027 Interreg VI-B Danube;high;https://keep.eu/projects/29489/
University of Montenegro;Podgorica;Montenegro;ME;42.44110870361328;19.26361083984375;ceepus;TUKE;"CEEPUS PL-0007-22-2627: Metronet - network for modern measuring and manufacturing technologies; CEEPUS RO-0013-22-2627: Teaching and Research of Environment-oriented Technologies in Manufacturing; CEEPUS SK-0030-22-2627: Internationalisation and development of joint activities in the field of smart f; CEEPUS RO-0058-19-2627: DESIGN, IMPLEMENTATION AND USE OF JOINT PROGRAMS ON  ARTIFICIAL INTELIGENCE, QUA; CEEPUS RS-0304-19-2627: Technical Characteristics Researching of Modern Products in Machine Industry wit; CEEPUS RS-0507-16-2627: Research, Development and Education in Precision Machining (+16)";high;https://www.ceepus.info/nw/0007-2627
University of Montenegro;Podgorica;Montenegro;ME;42.44110870361328;19.26361083984375;bilateral_agreement;SjF;Memorandum of Understanding (2026);high;https://www.crz.gov.sk/zmluva/12183191/
University of Montenegro;Podgorica;Montenegro;ME;42.44110870361328;19.26361083984375;alliance;TUKE;Ulysseus Mobility Framework Agreement (2025);high;https://www.crz.gov.skTechnical University of Košice
University of Montenegro;Podgorica;Montenegro;ME;42.44110870361328;19.26361083984375;coauthorship;TUKE;5 spoločných publikácií od 2015 (posledná 2026);high;https://openalex.org/works?filter=authorships.institutions.lineage:I183764125,authorships.institutions.lineage:I5936373
Univerzitet Donja Gorica Podgorica;Podgorica;Montenegro;ME;42.44152;19.26211;erasmus_ka2;TUKE;Cooperation partnerships in higher education: M100Academy: Interdisciplinary Training for Climate-Neutral Cities (2025-1-RO01-KA220-HED-000360687);high;https://erasmus-plus.ec.europa.eu/projects/search/details/2025-1-RO01-KA220-HED-000360687
University of Hassan II Casablanca;Casablanca;Morocco;MA;33.58831;-7.61138;coauthorship;TUKE;8 spoločných publikácií od 2015 (posledná 2025);high;https://openalex.org/works?filter=authorships.institutions.lineage:I183764125,authorships.institutions.lineage:I99297268
International University Of Management;Windhoek;Namibia;NA;-22.55163;17.07382;erasmus_ka2;TUKE;Capacity Building in higher education: TeProD - Improving Teachers and Students Professional Development with Twin Transition in  (101177880);high;https://erasmus-plus.ec.europa.eu/projects/search/details/101177880
ArtEZ hogeschool voor de kunsten;AA Arnhem;Netherlands;NL;51.98426;5.91086;crossborder_project;TUKE;ORGANZA – 2007 - 2013 Interreg IVC;high;https://keep.eu/projects/505/
Amsterdam University of Applied Sciences;Amsterdam;Netherlands;NL;52.37403106689453;4.889689922332764;coauthorship;TUKE;5 spoločných publikácií od 2015 (posledná 2024);high;https://openalex.org/works?filter=authorships.institutions.lineage:I183764125,authorships.institutions.lineage:I55106644
Stichting Hogeschool Van Amsterdam;Amsterdam;Netherlands;NL;52.35916;4.90964;erasmus_ka2;TUKE;Capacity Building in higher education: Reforming Master Programmes in Finance in Armenia and Moldova (585784-EPP-1-2017-1-AT-EPPKA2-CBHE-JP);high;https://erasmus-plus.ec.europa.eu/projects/search/details/585784-EPP-1-2017-1-AT-EPPKA2-CBHE-JP
Stichting Koninklijk Nederlands Lucht - En Ruimtevaartcentrum;Amsterdam;Netherlands;NL;52.3451;4.84383;research_project_eu;TUKE;1 spoločných projektov: ESPOSA;high;https://cordis.europa.eu/project/id/284859
Stichting Townmaking;Amsterdam;Netherlands;NL;52.37777;4.88832;research_project_eu;TUKE;1 spoločných projektov: Bottom-Up NEB;high;https://cordis.europa.eu/project/id/101309397
Universiteit Van Amsterdam;Amsterdam;Netherlands;NL;52.36862;4.89019;erasmus_ka2;TUKE;"Strategic Partnerships for higher education: Focusing Education on Composability, Comprehensibility and Correctness of Working Software (2017-1-SK01-KA203-035402); Strategic Partnerships for higher education: Promoting Sustainability as a Fundamental Driver in Software Development Training and Educ (2020-1-PT01-KA203-078646)";high;https://erasmus-plus.ec.europa.eu/projects/search/details/2017-1-SK01-KA203-035402
Rijksinstituut Voor Volksgezondheid En Milieu;Bilthoven;Netherlands;NL;52.11859;5.18908;research_project_eu;TUKE;1 spoločných projektov: INTEG-RISK;high;https://cordis.europa.eu/project/id/213345
Ancra Systems Bv;Boxtel;Netherlands;NL;51.5784;5.30673;research_project_eu;TUKE;1 spoločných projektov: LessThanWagonLoad;high;https://cordis.europa.eu/project/id/723274
Delft University of Technology;Delft;Netherlands;NL;52.00667;4.35556;coauthorship;TUKE;5 spoločných publikácií od 2015 (posledná 2025);high;https://openalex.org/works?filter=authorships.institutions.lineage:I183764125,authorships.institutions.lineage:I98358874
Technische Universiteit Delft;Delft;Netherlands;NL;51.99881;4.37557;research_project_eu;TUKE;4 spoločných projektov: ESPOSA, LessThanWagonLoad, SUPREEMO, eGovPoliNet;high;https://cordis.europa.eu/project/id/101138353
DEEL cooperatie U.A.;Den Haag;Netherlands;NL;52.07998;4.31135;research_project_eu;TUKE;1 spoločných projektov: Bottom-Up NEB;high;https://cordis.europa.eu/project/id/101309397
Gemeente Den Haag;Den Haag;Netherlands;NL;52.07759;4.31664;research_project_eu;TUKE;1 spoločných projektov: Bottom-Up NEB;high;https://cordis.europa.eu/project/id/101309397
Lust Bv;Den Haag;Netherlands;NL;52.07998;4.31135;research_project_eu;TUKE;1 spoločných projektov: URBAN SENSING;high;https://cordis.europa.eu/project/id/314887
Nederlandse Organisatie Voor Toegepast Natuurwetenschappelijk Onderzoek Tno;Den Haag;Netherlands;NL;52.08222;4.32571;research_project_eu;TUKE;1 spoločných projektov: RIMA;high;https://cordis.europa.eu/project/id/824990
Stichting Hoger Beroepsonderwijs Haaglanden;Den Haag;Netherlands;NL;52.06662;4.32366;erasmus_ka2;TUKE;Cooperation partnerships in higher education: AI literacy programme for managing disinformation in European societies (2024-1-FI01-KA220-HED-000247530);high;https://erasmus-plus.ec.europa.eu/projects/search/details/2024-1-FI01-KA220-HED-000247530
Stichting Imec Nederland;Eindhoven;Netherlands;NL;51.41346;5.45633;research_project_eu;TUKE;1 spoločných projektov: SMILING;high;https://cordis.europa.eu/project/id/215493
Universiteit Twente;Enschede;Netherlands;NL;52.22099;6.89405;erasmus_eu;FVT;"študenti + zamestnanci; Erasmus kód NL ENSCHED01";high;https://erasmus.tuke.sk/partnerske-institucie-v-eu-a-ehp/
Universiteit Twente;Enschede;Netherlands;NL;52.22099;6.89405;research_project_eu;TUKE;1 spoločných projektov: RIMA;high;https://cordis.europa.eu/project/id/824990
University of Twente;Enschede;Netherlands;NL;52.21833;6.89583;coauthorship;TUKE;7 spoločných publikácií od 2015 (posledná 2026);high;https://openalex.org/works?filter=authorships.institutions.lineage:I183764125,authorships.institutions.lineage:I94624287
Hydrogen Architects Bv;Groningen;Netherlands;NL;53.19012;6.55959;research_project_eu;TUKE;1 spoločných projektov: EASTGATEH2V;high;https://cordis.europa.eu/project/id/101192335
Rijksuniversiteit Groningen;Groningen;Netherlands;NL;53.21925;6.5631;research_project_eu;TUKE;1 spoločných projektov: eGovPoliNet;high;https://cordis.europa.eu/project/id/288136
University of Groningen;Groningen;Netherlands;NL;53.21917;6.56667;coauthorship;TUKE;8 spoločných publikácií od 2015 (posledná 2019);high;https://openalex.org/works?filter=authorships.institutions.lineage:I183764125,authorships.institutions.lineage:I169381384
Gemeente Arnhem;HZ Arnhem;Netherlands;NL;51.98426;5.91086;crossborder_project;TUKE;ORGANZA – 2007 - 2013 Interreg IVC;high;https://keep.eu/projects/505/
Stichting Sprint Robotics Collaborative;Hilversum;Netherlands;NL;52.23374;5.19412;research_project_eu;TUKE;1 spoločných projektov: RIMA;high;https://cordis.europa.eu/project/id/824990
8D | Research + Design = Impact B.V.;Leeuwarden;Netherlands;NL;53.20151;5.75958;erasmus_ka2;TUKE;Cooperation partnerships in adult education: Green Transitions: Building the capacity of adult educators to apply Intergenerational Lea (2023-1-SK01-KA220-ADU-000160921);high;https://erasmus-plus.ec.europa.eu/projects/search/details/2023-1-SK01-KA220-ADU-000160921
Stichting Business Development Friesland;Leeuwarden;Netherlands;NL;53.20284;5.80144;erasmus_ka2;TUKE;Strategic Partnerships for higher education: Recovery the Crisis through Entrepreneurial Attitude (2017-1-PL01-KA203-038438);high;https://erasmus-plus.ec.europa.eu/projects/search/details/2017-1-PL01-KA203-038438
Stichting Incubator;Leeuwarden;Netherlands;NL;53.20284;5.80144;erasmus_ka2;TUKE;Knowledge Alliances for higher education: Internship Model for developing Entrepreneurial skills to higher education students (601125-EPP-1-2018-1-SK-EPPKA2-KA);high;https://erasmus-plus.ec.europa.eu/projects/search/details/601125-EPP-1-2018-1-SK-EPPKA2-KA
Stichting Katholieke Universiteit;Nijmegen;Netherlands;NL;51.82421;5.85909;erasmus_ka2;TUKE;Strategic Partnerships for higher education: Focusing Education on Composability, Comprehensibility and Correctness of Working Software (2017-1-SK01-KA203-035402);high;https://erasmus-plus.ec.europa.eu/projects/search/details/2017-1-SK01-KA203-035402
Stichting Radboud Universiteit;Nijmegen;Netherlands;NL;51.81689;5.86549;research_project_eu;TUKE;1 spoločných projektov: MOTIVATION;high;https://cordis.europa.eu/project/id/217843
Stichting Radboud Universiteit;Nijmegen;Netherlands;NL;51.81689;5.86549;erasmus_ka2;TUKE;Strategic Partnerships for higher education: Promoting Sustainability as a Fundamental Driver in Software Development Training and Educ (2020-1-PT01-KA203-078646);high;https://erasmus-plus.ec.europa.eu/projects/search/details/2020-1-PT01-KA203-078646
European Space Agency (ESTEC);Noordwijk;Netherlands;NL;52.24109;4.4462;research_infrastructure;TUKE;"ESA Contract No. 4000150391/25/NL/MH/yd (2025); ESA Contract No. 4000149770/25/NL/MH/yd 4000149770/25/NL/MH/yd (2025)";high;https://www.crz.gov.sk/zmluva/11770653/
Almende Bv;Rotterdam;Netherlands;NL;51.9229;4.46317;research_project_eu;TUKE;2 spoločných projektov: Adapt4EE, INERTIA;high;https://cordis.europa.eu/project/id/288150
Institute For Housing And Urban Development Studies Bv;Rotterdam;Netherlands;NL;51.91906;4.52516;research_project_eu;TUKE;2 spoločných projektov: Bottom-Up NEB, SCORE;high;https://cordis.europa.eu/project/id/101309397
Stichting Institute For Urban Excellence;The Hague;Netherlands;NL;52.06922;4.32341;research_project_eu;TUKE;1 spoločných projektov: Bottom-Up NEB;high;https://cordis.europa.eu/project/id/101309397
The University Of Auckland;Auckland;New Zealand;NZ;-36.92533;174.78142;research_project_eu;TUKE;1 spoločných projektov: eGovPoliNet;high;https://cordis.europa.eu/project/id/288136
Victoria University of Wellington;Wellington;New Zealand;NZ;-41.28664;174.77557;coauthorship;TUKE;7 spoločných publikácií od 2015 (posledná 2020);high;https://openalex.org/works?filter=authorships.institutions.lineage:I183764125,authorships.institutions.lineage:I41156924
European Cultural Epicenter Bitola;Bitola;North Macedonia;MK;41.02787;21.33644;erasmus_ka2;TUKE;Strategic Partnerships for vocational education and training: A digital tool development to train women from rural areas on literacies (2020-1-SI01-KA202-075891);high;https://erasmus-plus.ec.europa.eu/projects/search/details/2020-1-SI01-KA202-075891
University St. Clement Ohridski Bitola;Bitola;North Macedonia;MK;41.0316;21.33025;erasmus_eu;EkF;"študenti; Erasmus kód MK BITOLA01";high;https://erasmus.tuke.sk/partnerske-institucie-v-eu-a-ehp/
Ss. Cyril and Methodius University in Skopje;Skopje;North Macedonia;MK;41.99646;21.43141;research_cooperation;FMMR;Partner FMMR v zahraničí;high;https://fmmr.tuke.sk/wps/portal/fmmr/spolupraca/partneri-v-zahranici
Ss. Cyril and Methodius University in Skopje;Skopje;North Macedonia;MK;41.99646;21.43141;coauthorship;TUKE;4 spoločných publikácií od 2015 (posledná 2022);high;https://openalex.org/works?filter=authorships.institutions.lineage:I183764125,authorships.institutions.lineage:I76245029
Goce Delčev University of Štip (Univerzitet Goce Delchev Shtip);Stip;North Macedonia;MK;41.73747;22.19359;erasmus_eu;FBERG, SvF;"študenti + zamestnanci; Erasmus kód MK STIP01";high;https://erasmus.tuke.sk/partnerske-institucie-v-eu-a-ehp/
Western Norway University of Applied Sciences (Høgskulen på Vestlandet);Bergen;Norway;NO;60.39431;5.32592;erasmus_eu;SvF, TUKE;"zamestnanci; Erasmus kód N BERGEN14";high;https://erasmus.tuke.sk/partnerske-institucie-v-eu-a-ehp/
Abb As;Billingstad;Norway;NO;60.50002;9.09997;research_project_eu;TUKE;1 spoločných projektov: AI4EU;high;https://cordis.europa.eu/project/id/825619
Telenor Asa;Fornebu;Norway;NO;59.89928;10.62738;research_project_eu;TUKE;1 spoločných projektov: AI4EU;high;https://cordis.europa.eu/project/id/825619
Smart Innovation Norway As;Halden;Norway;NO;59.12868;11.35134;research_project_eu;TUKE;1 spoločných projektov: Bottom-Up NEB;high;https://cordis.europa.eu/project/id/101309397
Østfold University of Applied Sciences;Halden;Norway;NO;59.12478;11.38754;coauthorship;TUKE;7 spoločných publikácií od 2015 (posledná 2022);high;https://openalex.org/works?filter=authorships.institutions.lineage:I183764125,authorships.institutions.lineage:I19923696
Dnv As;Hovik;Norway;NO;59.89064;10.56154;research_project_eu;TUKE;1 spoločných projektov: INTEG-RISK;high;https://cordis.europa.eu/project/id/213345
UNIVERSITETET I AGDER, Faculty of Engineering and Science;Kristiansand;Norway;NO;58.08563;7.93186;erasmus_eu;SvF;"študenti + zamestnanci; Erasmus kód N KRISTIA01";high;https://erasmus.tuke.sk/partnerske-institucie-v-eu-a-ehp/
Simula Research Laboratory As;Oslo;Norway;NO;59.91273;10.74609;research_project_eu;TUKE;1 spoločných projektov: AI4EU;high;https://cordis.europa.eu/project/id/825619
Sintef Manufacturing As;Raufoss;Norway;NO;60.50002;9.09997;research_project_eu;TUKE;1 spoločných projektov: RIMA;high;https://cordis.europa.eu/project/id/824990
Eni Norge As;Stavanger;Norway;NO;58.96997;5.73181;research_project_eu;TUKE;1 spoločných projektov: INTEG-RISK;high;https://cordis.europa.eu/project/id/213345
University of Stavanger;Stavanger;Norway;NO;58.97005081176758;5.733320236206055;coauthorship;TUKE;3 spoločných publikácií od 2015 (posledná 2025);high;https://openalex.org/works?filter=authorships.institutions.lineage:I183764125,authorships.institutions.lineage:I92008406
UiT The Arctic University of Norway (Universitetet i Tromsø);Tromso;Norway;NO;69.65163;18.95586;erasmus_eu;SvF;"študenti + zamestnanci; Erasmus kód N TROMSO01";high;https://erasmus.tuke.sk/partnerske-institucie-v-eu-a-ehp/
Universitetssykehuset Nord-Norge Hf;Tromso;Norway;NO;69.68389;18.98473;research_project_eu;TUKE;1 spoločných projektov: LIFEBOTS Exchange;high;https://cordis.europa.eu/project/id/824047
Norwegian University of Science and Technology (Norges teknisk-naturvitenskapelige universitet);Trondheim;Norway;NO;63.43045;10.39521;erasmus_eu;FEI, SjF;"študenti + zamestnanci; Erasmus kód N TRONDHE01";high;https://erasmus.tuke.sk/partnerske-institucie-v-eu-a-ehp/
Norwegian University of Science and Technology (Norges teknisk-naturvitenskapelige universitet);Trondheim;Norway;NO;63.43045;10.39521;research_project_eu;TUKE;2 spoločných projektov: AI4EU, LIFEBOTS Exchange;high;https://cordis.europa.eu/project/id/825619
Norwegian University of Science and Technology (Norges teknisk-naturvitenskapelige universitet);Trondheim;Norway;NO;63.43045;10.39521;coauthorship;TUKE;9 spoločných publikácií od 2015 (posledná 2025);high;https://openalex.org/works?filter=authorships.institutions.lineage:I183764125,authorships.institutions.lineage:I204778367
Sintef As;Trondheim;Norway;NO;63.41345;10.40894;research_project_eu;TUKE;2 spoločných projektov: RIMA, SUPREEMO;high;https://cordis.europa.eu/project/id/101138353
Sintef Ocean As;Trondheim;Norway;NO;63.42484;10.43262;research_project_eu;TUKE;1 spoločných projektov: RIMA;high;https://cordis.europa.eu/project/id/824990
Sintef Tto As;Trondheim;Norway;NO;63.41345;10.40894;research_project_eu;TUKE;1 spoločných projektov: RIMA;high;https://cordis.europa.eu/project/id/824990
Stiftelsen Sintef;Trondheim;Norway;NO;63.43288;10.39422;research_project_eu;TUKE;1 spoločných projektov: INTEG-RISK;high;https://cordis.europa.eu/project/id/213345
Ree Minerals Holding As;Ulefoss;Norway;NO;59.28703;9.25902;research_project_eu;TUKE;1 spoločných projektov: SUPREEMO;high;https://cordis.europa.eu/project/id/101138353
COMSATS University Islamabad;Islamabad;Pakistan;PK;33.72148;73.04329;coauthorship;TUKE;14 spoločných publikácií od 2015 (posledná 2025);high;https://openalex.org/works?filter=authorships.institutions.lineage:I183764125,authorships.institutions.lineage:I16076960
National University of Sciences and Technology;Islamabad;Pakistan;PK;33.72148;73.04329;coauthorship;TUKE;5 spoločných publikácií od 2015 (posledná 2026);high;https://openalex.org/works?filter=authorships.institutions.lineage:I183764125,authorships.institutions.lineage:I929597975
Government College University, Lahore;Lahore;Pakistan;PK;31.558;74.35071;coauthorship;TUKE;20 spoločných publikácií od 2015 (posledná 2025);high;https://openalex.org/works?filter=authorships.institutions.lineage:I183764125,authorships.institutions.lineage:I43879129
Information Technology University;Lahore;Pakistan;PK;31.558;74.35071;coauthorship;TUKE;4 spoločných publikácií od 2015 (posledná 2026);high;https://openalex.org/works?filter=authorships.institutions.lineage:I183764125,authorships.institutions.lineage:I1323252656
University of Lahore;Lahore;Pakistan;PK;31.46074867248535;74.2436294555664;coauthorship;TUKE;3 spoločných publikácií od 2015 (posledná 2025);high;https://openalex.org/works?filter=authorships.institutions.lineage:I183764125,authorships.institutions.lineage:I142204992
Islamia College University;Peshawar;Pakistan;PK;34.00028610229492;71.47667694091797;coauthorship;TUKE;4 spoločných publikácií od 2015 (posledná 2023);high;https://openalex.org/works?filter=authorships.institutions.lineage:I183764125,authorships.institutions.lineage:I206573129
Miasto Łódź - Urząd Miasta Łodzi;- 926 Łódź;Poland;PL;51.76873;19.45699;crossborder_project;TUKE;IDEA – 2007 - 2013 Central Europe;high;https://keep.eu/projects/5489/
Bialystok University of Technology (Politechnika Białostocka);Białystok;Poland;PL;53.1324;23.15917;erasmus_eu;FVT, SvF;"študenti; Erasmus kód PL BIALYST01";high;https://erasmus.tuke.sk/partnerske-institucie-v-eu-a-ehp/
Bialystok University of Technology (Politechnika Białostocka);Białystok;Poland;PL;53.1324;23.15917;ceepus;TUKE;"CEEPUS PL-1909-01-2425: ""Green"" buildings as solutions to achieve sustainable environmental goals";high;https://www.ceepus.info/nw/1909-2425
Bialystok University of Technology (Politechnika Białostocka);Białystok;Poland;PL;53.1324;23.15917;erasmus_ka2;TUKE;Strategic Partnerships for vocational education and training: Multifunctional Innovative Learning Assisting Network for VET in Advanced Manufacturing (2018-1-PL01-KA202-050812);high;https://erasmus-plus.ec.europa.eu/projects/search/details/2018-1-PL01-KA202-050812
Bialystok University of Technology (Politechnika Białostocka);Białystok;Poland;PL;53.1324;23.15917;coauthorship;TUKE;13 spoločných publikácií od 2015 (posledná 2025);high;https://openalex.org/works?filter=authorships.institutions.lineage:I183764125,authorships.institutions.lineage:I1323121030
Uniwersytet W Bialymstoku;Białystok;Poland;PL;53.1324;23.15917;erasmus_eu;TUKE;"Erasmus+ mobilita (nominácie); Erasmus kód PL BIALYST04";medium;https://erasmus.tuke.sk/vyzvy-na-studentsku-mobilitu/
University of Applied Sciences in Bielsko-Biala;Bielsko Biala;Poland;PL;49.82212;19.04489;ceepus;TUKE;CEEPUS RS-1011-12-2627: Fostering sustainable partnership between academia and industry in improving app;high;https://www.ceepus.info/nw/1011-2627
Zaklady Lotnicze Marganski & Myslowski Sa;Bielsko Biala;Poland;PL;49.78389;19.05785;research_project_eu;TUKE;1 spoločných projektov: ESPOSA;high;https://cordis.europa.eu/project/id/284859
Zaklady Lotnicze Marganski & Myslowski Sp Zoo;Bielsko Biala;Poland;PL;49.82212;19.04489;research_project_eu;TUKE;1 spoločných projektov: ESPOSA;high;https://cordis.europa.eu/project/id/284859
University of Bielsko-Biala;Bielsko-Biala;Poland;PL;49.82212;19.04489;ceepus;TUKE;"CEEPUS SK-0030-22-2627: Internationalisation and development of joint activities in the field of smart f; CEEPUS RO-0202-20-2627: Enhancing the use of blended e-learning as an internationalization tool in the f; CEEPUS BA-2103-01-2627: Advanced Power Transmission Systems for Robotics and E-Mobility (APT-RE)";high;https://www.ceepus.info/nw/0030-2627
University of Bielsko-Biała;Bielsko-Biała;Poland;PL;49.82244873046875;19.046859741210938;bilateral_agreement;FVT;Zmluvná spolupráca na úrovni fakulty;high;https://fvt.tuke.sk/en/international-cooperation
University of Bielsko-Biała;Bielsko-Biała;Poland;PL;49.82244873046875;19.046859741210938;coauthorship;TUKE;3 spoločných publikácií od 2015 (posledná 2025);high;https://openalex.org/works?filter=authorships.institutions.lineage:I183764125,authorships.institutions.lineage:I62088572
Uniwersytet Bielsko-Bialski;Bielsko-Biała;Poland;PL;49.82212;19.04489;erasmus_ka2;TUKE;Strategic Partnerships for school education: Network for Inter-Institutional Cooperation in Entrepreneurial Education (2020-1-CZ01-KA201-078488);high;https://erasmus-plus.ec.europa.eu/projects/search/details/2020-1-CZ01-KA201-078488
"'Kazimierz Wielki"" University in Bydgoszcz";Bydgoszcz;Poland;PL;53.12350082397461;18.007619857788086;ceepus;TUKE;CEEPUS PL-0701-15-2627: Engineering as Communication Language in Europe;high;https://www.ceepus.info/nw/0701-2627
"'Kazimierz Wielki"" University in Bydgoszcz";Bydgoszcz;Poland;PL;53.12350082397461;18.007619857788086;coauthorship;TUKE;4 spoločných publikácií od 2015 (posledná 2024);high;https://openalex.org/works?filter=authorships.institutions.lineage:I183764125,authorships.institutions.lineage:I149592570
Bydgoszcz University of Science and Technology;Bydgoszcz;Poland;PL;53.12350082397461;18.007619857788086;ceepus;TUKE;CEEPUS SK-2026-02-2627: Development of engineering knowledge for interdisciplinary applications taking i;high;https://www.ceepus.info/nw/2026-2627
Bydgoszcz University of Science and Technology;Bydgoszcz;Poland;PL;53.12350082397461;18.007619857788086;coauthorship;TUKE;4 spoločných publikácií od 2015 (posledná 2024);high;https://openalex.org/works?filter=authorships.institutions.lineage:I183764125,authorships.institutions.lineage:I1300393620
The University College of Applied Science in Chelm;Chelm;Poland;PL;51.13392;23.47115;ceepus;TUKE;CEEPUS SK-0030-22-2627: Internationalisation and development of joint activities in the field of smart f;high;https://www.ceepus.info/nw/0030-2627
Ignatianum University in Cracow;Cracow;Poland;PL;50.06195;19.93686;ceepus;TUKE;CEEPUS HU-0028-20-2627: Active Methods in Teaching and Learning Mathematics, Informatics and their Appli;high;https://www.ceepus.info/nw/0028-2627
The Pontifical University of John Paul II in Cracow;Cracow;Poland;PL;50.06195;19.93686;ceepus;TUKE;"CEEPUS SK-0030-22-2627: Internationalisation and development of joint activities in the field of smart f; CEEPUS PL-0033-22-2627: Development of mechanical engineering (design, technology and production managem";high;https://www.ceepus.info/nw/0030-2627
Jan Dlugosz University in Czestochowa;Czestochowa;Poland;PL;50.81205;19.11321;ceepus;TUKE;"CEEPUS RO-0202-20-2627: Enhancing the use of blended e-learning as an internationalization tool in the f; CEEPUS RS-0507-16-2627: Research, Development and Education in Precision Machining; CEEPUS CZ-1901-03-2627 (Umbrella): Teaching and Research in Sustainable Materials, Technologies and Circular Econom";high;https://www.ceepus.info/nw/0202-2627
Częstochowa University of Technology (Politechnika Częstochowska);Częstochowa;Poland;PL;50.81205;19.11321;erasmus_eu;EkF, FBERG, FEI, FMMR, FVT, SjF, SvF;"študenti + zamestnanci; Erasmus kód PL CZESTOC01";high;https://erasmus.tuke.sk/partnerske-institucie-v-eu-a-ehp/
Częstochowa University of Technology (Politechnika Częstochowska);Częstochowa;Poland;PL;50.81205;19.11321;ceepus;TUKE;"CEEPUS RO-0013-22-2627: Teaching and Research of Environment-oriented Technologies in Manufacturing; CEEPUS RO-0058-19-2627: DESIGN, IMPLEMENTATION AND USE OF JOINT PROGRAMS ON  ARTIFICIAL INTELIGENCE, QUA; CEEPUS RS-0065-19-2425: Intelligent Automation for Competitive Advantage; CEEPUS SK-0067-22-2627: Future Skills for Digitalized Production and Education; CEEPUS RS-0507-16-2627: Research, Development and Education in Precision Machining; CEEPUS PL-0901-13-2627: Teaching and research in advanced manufacturing (+3)";high;https://www.ceepus.info/nw/0013-2627
Częstochowa University of Technology (Politechnika Częstochowska);Częstochowa;Poland;PL;50.81205;19.11321;research_cooperation;FMMR;Partner FMMR v zahraničí;high;https://fmmr.tuke.sk/wps/portal/fmmr/spolupraca/partneri-v-zahranici
Częstochowa University of Technology (Politechnika Częstochowska);Częstochowa;Poland;PL;50.81205;19.11321;coauthorship;TUKE;43 spoločných publikácií od 2015 (posledná 2026);high;https://openalex.org/works?filter=authorships.institutions.lineage:I183764125,authorships.institutions.lineage:I130294970
Jan Długosz University;Częstochowa;Poland;PL;50.79646;19.12409;coauthorship;TUKE;5 spoločných publikácií od 2015 (posledná 2024);high;https://openalex.org/works?filter=authorships.institutions.lineage:I183764125,authorships.institutions.lineage:I126406834
Jan Długosz University in Częstochowa;Częstochowa;Poland;PL;50.81205;19.11321;research_cooperation;FMMR;Partner FMMR v zahraničí;high;https://fmmr.tuke.sk/wps/portal/fmmr/spolupraca/partneri-v-zahranici
WSB University (Akademia WSB);Dąbrowa Górnicza;Poland;PL;50.33087;19.20789;erasmus_eu;EkF, FBERG, FEI, LF;"študenti + zamestnanci; Erasmus kód PL DABROWA01";high;https://erasmus.tuke.sk/partnerske-institucie-v-eu-a-ehp/
WSB University (Akademia WSB);Dąbrowa Górnicza;Poland;PL;50.33087;19.20789;erasmus_eu;EkF, FBERG;"študenti + zamestnanci; Erasmus kód PL POZNAN13";high;https://erasmus.tuke.sk/partnerske-institucie-v-eu-a-ehp/
WSB University (Akademia WSB);Dąbrowa Górnicza;Poland;PL;50.33087;19.20789;coauthorship;TUKE;10 spoločných publikácií od 2015 (posledná 2026);high;https://openalex.org/works?filter=authorships.institutions.lineage:I183764125,authorships.institutions.lineage:I4210145463
Polish Air Force Academy;Dęblin;Poland;PL;51.559120178222656;21.848289489746094;coauthorship;TUKE;6 spoločných publikácií od 2015 (posledná 2019);high;https://openalex.org/works?filter=authorships.institutions.lineage:I183764125,authorships.institutions.lineage:I2800125567
Polish Air Force University (Lotnicza Akademia Wojskowa);Dęblin;Poland;PL;51.56249;21.86544;erasmus_eu;FBERG, FEI, FMMR, FVT, LF, SjF, SvF;"študenti + zamestnanci; Erasmus kód PL DEBLIN01";high;https://erasmus.tuke.sk/partnerske-institucie-v-eu-a-ehp/
Instytut Maszyn Przepływowych im. R. Szewalskiego Polskiej Akademii Nauk;Gdansk;Poland;PL;54.37069;18.61298;crossborder_project;TUKE;V4Grid – 2021 - 2027 Interreg VI-B Central Europe;high;https://keep.eu/projects/29381/
The University of Gdansk;Gdansk;Poland;PL;54.35227;18.64912;ceepus;TUKE;CEEPUS RS-1011-12-2627: Fostering sustainable partnership between academia and industry in improving app;high;https://www.ceepus.info/nw/1011-2627
The University of Gdansk;Gdansk;Poland;PL;54.35227;18.64912;coauthorship;TUKE;12 spoločných publikácií od 2015 (posledná 2026);high;https://openalex.org/works?filter=authorships.institutions.lineage:I183764125,authorships.institutions.lineage:I40413290
Uniwersytet Gdanski;Gdansk;Poland;PL;54.39983;18.56802;research_project_eu;TUKE;1 spoločných projektov: SCORE;high;https://cordis.europa.eu/project/id/101003534
Gdańsk University of Technology (Politechnika Gdańska);Gdańsk;Poland;PL;54.34829;18.65402;erasmus_eu;EkF, FBERG, FEI, FMMR, FVT, SjF, SvF;"študenti + zamestnanci; Erasmus kód PL GDANSK02";high;https://erasmus.tuke.sk/partnerske-institucie-v-eu-a-ehp/
Gdańsk University of Technology (Politechnika Gdańska);Gdańsk;Poland;PL;54.34829;18.65402;research_project_eu;TUKE;1 spoločných projektov: INDECT;high;https://cordis.europa.eu/project/id/218086
Gdańsk University of Technology (Politechnika Gdańska);Gdańsk;Poland;PL;54.34829;18.65402;ceepus;TUKE;"CEEPUS PL-0701-15-2627: Engineering as Communication Language in Europe; CEEPUS MK-1301-09-2627: CESEENet - Central, East and South-East European PhD Network in Management and E; CEEPUS RS-1511-07-2627: Research and Development of New Technologies for Innovative Product Development";high;https://www.ceepus.info/nw/0701-2627
Gdańsk University of Technology (Politechnika Gdańska);Gdańsk;Poland;PL;54.34829;18.65402;coauthorship;TUKE;9 spoločných publikácií od 2015 (posledná 2026);high;https://openalex.org/works?filter=authorships.institutions.lineage:I183764125,authorships.institutions.lineage:I169333911
PRO-MED spolka z ograniczona odpowiedzialnoscia;Gdańsk;Poland;PL;54.40779;18.58696;erasmus_ka2;TUKE;Strategic Partnerships addressing more than one field: Strategic Partnership for Creativity and Entrepreneurship (2014-1-PL01-KA200-003341);high;https://erasmus-plus.ec.europa.eu/projects/search/details/2014-1-PL01-KA200-003341
Gdynia Maritime University;Gdynia;Poland;PL;54.5165;18.54027;ceepus;TUKE;"CEEPUS SK-0067-22-2627: Future Skills for Digitalized Production and Education; CEEPUS RS-1412-08-2627 (Umbrella): Interdisciplinary approach for enhancing knowledge in supply chain analytics (SC";high;https://www.ceepus.info/nw/0067-2627
Silesian University of Technology (Politechnika Śląska);Gliwice;Poland;PL;50.29411;18.66573;erasmus_eu;FMMR, FVT, LF;"študenti + zamestnanci; Erasmus kód PL GLIWICE01";high;https://erasmus.tuke.sk/partnerske-institucie-v-eu-a-ehp/
Silesian University of Technology (Politechnika Śląska);Gliwice;Poland;PL;50.29411;18.66573;research_project_eu;TUKE;1 spoločných projektov: RETROTRAFO;high;https://cordis.europa.eu/project/id/101182948
Silesian University of Technology (Politechnika Śląska);Gliwice;Poland;PL;50.29411;18.66573;ceepus;TUKE;"CEEPUS RS-0304-19-2627: Technical Characteristics Researching of Modern Products in Machine Industry wit; CEEPUS PL-0701-15-2627: Engineering as Communication Language in Europe; CEEPUS RS-1011-12-2627: Fostering sustainable partnership between academia and industry in improving app; CEEPUS BG-1103-11-2627: Modelling, Simulation and Computer-aided Design in Engineering and Management; CEEPUS BA-2103-01-2627: Advanced Power Transmission Systems for Robotics and E-Mobility (APT-RE)";high;https://www.ceepus.info/nw/0304-2627
Silesian University of Technology (Politechnika Śląska);Gliwice;Poland;PL;50.29411;18.66573;eit_kic;TUKE;"Joint student project agreement (2022); Joint student project agreement DoP-17/2021-FMMR (2021)";high;https://www.crz.gov.sk/zmluva/6535250/
Silesian University of Technology (Politechnika Śląska);Gliwice;Poland;PL;50.29411;18.66573;research_cooperation;FMMR;Partner FMMR v zahraničí;high;https://fmmr.tuke.sk/wps/portal/fmmr/spolupraca/partneri-v-zahranici
Silesian University of Technology (Politechnika Śląska);Gliwice;Poland;PL;50.29411;18.66573;coauthorship;TUKE;99 spoločných publikácií od 2015 (posledná 2026);high;https://openalex.org/works?filter=authorships.institutions.lineage:I183764125,authorships.institutions.lineage:I119004910
Łukasiewicz Research Network - Institute of Non-Ferrous Metals;Gliwice;Poland;PL;50.297611236572266;18.67658042907715;coauthorship;TUKE;4 spoločných publikácií od 2015 (posledná 2025);high;https://openalex.org/works?filter=authorships.institutions.lineage:I183764125,authorships.institutions.lineage:I4210113496
Łukasiewicz – Institute of Non-Ferrous Metals;Gliwice;Poland;PL;50.29411;18.66573;research_cooperation;FMMR;Consortium Agreement METIUM ZoS-1/2026-FMMR (2026);high;https://www.crz.gov.sk/zmluva/11851802/
Łukasiewicz – Institute of Non-Ferrous Metals;Gliwice;Poland;PL;50.29411;18.66573;research_cooperation;FMMR;Partner FMMR v zahraničí;high;https://fmmr.tuke.sk/wps/portal/fmmr/spolupraca/partneri-v-zahranici
Zachodnia Izba Przemyslowo - Handlowa w Gorzowie Wielkopolskim;Gorzow Wielkopolski;Poland;PL;52.74503;15.2292;erasmus_ka2;TUKE;Cooperation partnerships in higher education: Kształcenie w kierunku ekologicznego Przemysłu 4.0 - wzmocnienie potencjału kadr (2021-1-PL01-KA220-HED-000032229);high;https://erasmus-plus.ec.europa.eu/projects/search/details/2021-1-PL01-KA220-HED-000032229
Jacob of Paradies University (Akademia im. Jakuba z Paradyza);Gorzów Wielkopolski;Poland;PL;52.73099;15.24005;erasmus_eu;FBERG;"študenti + zamestnanci; Erasmus kód PL GORZOW01";high;https://erasmus.tuke.sk/partnerske-institucie-v-eu-a-ehp/
Jacob of Paradies University (Akademia im. Jakuba z Paradyza);Gorzów Wielkopolski;Poland;PL;52.73099;15.24005;erasmus_ka2;TUKE;Educational and research cooperation agreement 2021-1-PL01-KA220-HED-000032229 (2022);high;https://www.crz.gov.sk/zmluva/6281320/
Jacob of Paradies University (Akademia im. Jakuba z Paradyza);Gorzów Wielkopolski;Poland;PL;52.73099;15.24005;erasmus_ka2;TUKE;Cooperation partnerships in higher education: Kształcenie w kierunku ekologicznego Przemysłu 4.0 - wzmocnienie potencjału kadr (2021-1-PL01-KA220-HED-000032229);high;https://erasmus-plus.ec.europa.eu/projects/search/details/2021-1-PL01-KA220-HED-000032229
Fundacja Ochrony Krajobrazu;Jelenia Gora;Poland;PL;50.9031;15.73443;crossborder_project;TUKE;INACO – 2021 - 2027 Interreg VI-B Central Europe;high;https://keep.eu/projects/29353/
Academy of Fine Arts in Katowice (Akademia Sztuk Pięknych w Katowicach);Katowice;Poland;PL;50.2599;19.02159;erasmus_eu;FU;"študenti + zamestnanci; Erasmus kód PL KATOWIC08";high;https://erasmus.tuke.sk/partnerske-institucie-v-eu-a-ehp/
Glowny Instytut Gornictwa - Panstwowy Instytut Badawczy;Katowice;Poland;PL;50.27092;19.02576;research_project_eu;TUKE;1 spoločných projektov: I²MINE;high;https://cordis.europa.eu/project/id/280855
Kompania Weglowa Sa;Katowice;Poland;PL;50.2599;19.02159;research_project_eu;TUKE;1 spoločných projektov: I²MINE;high;https://cordis.europa.eu/project/id/280855
Medical University of Silesia;Katowice;Poland;PL;50.2597;19.02173;coauthorship;TUKE;3 spoločných publikácií od 2015 (posledná 2023);high;https://openalex.org/works?filter=authorships.institutions.lineage:I183764125,authorships.institutions.lineage:I166182418
University of Economics in Katowice (Uniwersytet Ekonomiczny w Katowicach);Katowice;Poland;PL;50.2599;19.02159;erasmus_eu;EkF;"študenti + zamestnanci; Erasmus kód PL KATOWIC02";high;https://erasmus.tuke.sk/partnerske-institucie-v-eu-a-ehp/
University of Economics in Katowice (Uniwersytet Ekonomiczny w Katowicach);Katowice;Poland;PL;50.2599;19.02159;ceepus;TUKE;"CEEPUS BG-1103-11-2627: Modelling, Simulation and Computer-aided Design in Engineering and Management; CEEPUS MK-1301-09-2627: CESEENet - Central, East and South-East European PhD Network in Management and E";high;https://www.ceepus.info/nw/1103-2627
University of Economics in Katowice (Uniwersytet Ekonomiczny w Katowicach);Katowice;Poland;PL;50.2599;19.02159;bilateral_agreement;EkF;Partnership Agreement (2023);high;https://www.crz.gov.sk/zmluva/7448136/
University of Economics in Katowice (Uniwersytet Ekonomiczny w Katowicach);Katowice;Poland;PL;50.2599;19.02159;erasmus_ka2;TUKE;"Partnerships for Digital Education Readiness: Digital Area for Networking Teachers and Educators (2020-1-CZ01-KA226-HE-094368); Cooperation partnerships in higher education: Reflecting Economics And Climate Change in Teaching (2023-1-IS01-KA220-HED-000159052); Cooperation partnerships in higher education: Digital skills and cross-domain entrepreneurship for societal challenges (2021-1-PL01-KA220-HED-000027649)";high;https://erasmus-plus.ec.europa.eu/projects/search/details/2020-1-CZ01-KA226-HE-094368
University of Economics in Katowice (Uniwersytet Ekonomiczny w Katowicach);Katowice;Poland;PL;50.2599;19.02159;coauthorship;TUKE;5 spoločných publikácií od 2015 (posledná 2026);high;https://openalex.org/works?filter=authorships.institutions.lineage:I183764125,authorships.institutions.lineage:I188922065
University of Silesia in Katowice;Katowice;Poland;PL;50.2584114074707;19.02754020690918;ceepus;TUKE;"CEEPUS HU-0028-20-2627: Active Methods in Teaching and Learning Mathematics, Informatics and their Appli; CEEPUS RS-0038-22-2627: Fundamental and Applied Geological Science and Education to Drive Progress in Ce";high;https://www.ceepus.info/nw/0028-2627
University of Silesia in Katowice;Katowice;Poland;PL;50.2584114074707;19.02754020690918;coauthorship;TUKE;5 spoločných publikácií od 2015 (posledná 2026);high;https://openalex.org/works?filter=authorships.institutions.lineage:I183764125,authorships.institutions.lineage:I864159182
Gmina Kielce/Kielecki Park Technologiczny;Kielce;Poland;PL;50.87199;20.63105;crossborder_project;TUKE;URBAN INNO – 2014 - 2020 INTERREG VB Central Europe;high;https://keep.eu/projects/17695/
Kielce University of Technology (Politechnika Świętokrzyska);Kielce;Poland;PL;50.87199;20.63105;erasmus_eu;FBERG, FEI, FMMR, FVT, SjF, SvF;"študenti + zamestnanci; Erasmus kód PL KIELCE01";high;https://erasmus.tuke.sk/partnerske-institucie-v-eu-a-ehp/
Kielce University of Technology (Politechnika Świętokrzyska);Kielce;Poland;PL;50.87199;20.63105;ceepus;TUKE;"CEEPUS PL-0007-22-2627: Metronet - network for modern measuring and manufacturing technologies; CEEPUS RS-1813-04-2627 (Umbrella): Metrology, quality and environmental aspects in Industry 4.0; CEEPUS SK-2024-02-2627: Virtual and augmented reality in the training and teaching of technical subjects";high;https://www.ceepus.info/nw/0007-2627
Kielce University of Technology (Politechnika Świętokrzyska);Kielce;Poland;PL;50.87199;20.63105;bilateral_agreement;FVT;Zmluvná spolupráca na úrovni fakulty;high;https://fvt.tuke.sk/en/international-cooperation
Kielce University of Technology (Politechnika Świętokrzyska);Kielce;Poland;PL;50.87199;20.63105;coauthorship;TUKE;22 spoločných publikácií od 2015 (posledná 2026);high;https://openalex.org/works?filter=authorships.institutions.lineage:I183764125,authorships.institutions.lineage:I169109204
Konińska Izba Gospodarcza;Konin;Poland;PL;52.23019;18.25211;crossborder_project;TUKE;CentraLab – 2007 - 2013 Central Europe;high;https://keep.eu/projects/5543/
Centrum Badań i Innowacji Pro-Akademia;Konstantynów Łódzki;Poland;PL;51.74755;19.32551;crossborder_project;TUKE;REUSE2030 – 2021 - 2027 Interreg VI-B Central Europe;high;https://keep.eu/projects/29370/
Koszalin University of Technology;Koszalin;Poland;PL;54.19092;16.17707;ceepus;TUKE;"CEEPUS RO-0013-22-2627: Teaching and Research of Environment-oriented Technologies in Manufacturing; CEEPUS HU-0028-20-2627: Active Methods in Teaching and Learning Mathematics, Informatics and their Appli; CEEPUS SK-0067-22-2627: Future Skills for Digitalized Production and Education; CEEPUS RO-0202-20-2627: Enhancing the use of blended e-learning as an internationalization tool in the f; CEEPUS RS-0507-16-2627: Research, Development and Education in Precision Machining; CEEPUS PL-0701-15-2627: Engineering as Communication Language in Europe (+2)";high;https://www.ceepus.info/nw/0013-2627
Eit Rawmaterials Clc East Spolka Z Ograniczona Odpowiedzialnoscia;Krakow;Poland;PL;50.06244;19.92323;research_project_eu;TUKE;1 spoločných projektov: WIDEX;high;https://cordis.europa.eu/project/id/101159826
Institute of Metallurgy and Materials Science;Krakow;Poland;PL;50.06757736206055;19.909427642822266;coauthorship;TUKE;7 spoločných publikácií od 2015 (posledná 2025);high;https://openalex.org/works?filter=authorships.institutions.lineage:I183764125,authorships.institutions.lineage:I4210126458
Krakowski Park Technologiczny Sp. z o.o.;Krakow;Poland;PL;50.06195;19.93686;crossborder_project;TUKE;SMART CIRCUIT – 2021 - 2027 Interreg VI-B Central Europe;high;https://keep.eu/projects/27759/
Lukasiewicz Research Network - Krakow Institute of Technology;Krakow;Poland;PL;50.02022171020508;19.928844451904297;coauthorship;TUKE;5 spoločných publikácií od 2015 (posledná 2021);high;https://openalex.org/works?filter=authorships.institutions.lineage:I183764125,authorships.institutions.lineage:I4210131934
Mineral and Energy Economy Research Institute of the Polish Academy of Sciences;Krakow;Poland;PL;50.08384323120117;19.926652908325195;coauthorship;TUKE;3 spoločných publikácií od 2015 (posledná 2025);high;https://openalex.org/works?filter=authorships.institutions.lineage:I183764125,authorships.institutions.lineage:I4210123552
AGH University of Krakow (Akademia Górniczo-Hutnicza im. Stanisława Staszica w Krakowie);Kraków;Poland;PL;50.06195;19.93686;erasmus_eu;EkF, FBERG, FEI, FMMR, FU, FVT, LF, SjF, SvF;"študenti + zamestnanci; Erasmus kód PL KRAKOW02";high;https://erasmus.tuke.sk/partnerske-institucie-v-eu-a-ehp/
AGH University of Krakow (Akademia Górniczo-Hutnicza im. Stanisława Staszica w Krakowie);Kraków;Poland;PL;50.06195;19.93686;research_project_eu;TUKE;2 spoločných projektov: INDECT, MIREU;high;https://cordis.europa.eu/project/id/776811
AGH University of Krakow (Akademia Górniczo-Hutnicza im. Stanisława Staszica w Krakowie);Kraków;Poland;PL;50.06195;19.93686;ceepus;TUKE;"CEEPUS PL-0701-15-2627: Engineering as Communication Language in Europe; CEEPUS CZ-1503-07-2627 (Umbrella): Development of Computational Thinking; CEEPUS PL-1705-05-2627: INTEGRATION Development, education and practical improvement in the field of mul; CEEPUS SK-2026-02-2627: Development of engineering knowledge for interdisciplinary applications taking i";high;https://www.ceepus.info/nw/0701-2627
AGH University of Krakow (Akademia Górniczo-Hutnicza im. Stanisława Staszica w Krakowie);Kraków;Poland;PL;50.06195;19.93686;double_degree;FBERG;"Agreement on Academic Cooperation in the frame of the joint study programme (Double degree Agreement) ""Raw mat (2023)";high;https://www.crz.gov.sk/zmluva/8113010/
AGH University of Krakow (Akademia Górniczo-Hutnicza im. Stanisława Staszica w Krakowie);Kraków;Poland;PL;50.06195;19.93686;crossborder_project;TUKE;ENMR – 2000 - 2006 Interreg IIIC North;high;https://keep.eu/projects/268/
AGH University of Krakow (Akademia Górniczo-Hutnicza im. Stanisława Staszica w Krakowie);Kraków;Poland;PL;50.06195;19.93686;research_cooperation;FMMR;Partner FMMR v zahraničí (vr. Faculty of Non-Ferrous Metals);high;https://fmmr.tuke.sk/wps/portal/fmmr/spolupraca/partneri-v-zahranici
AGH University of Krakow (Akademia Górniczo-Hutnicza im. Stanisława Staszica w Krakowie);Kraków;Poland;PL;50.06195;19.93686;coauthorship;TUKE;103 spoločných publikácií od 2015 (posledná 2026);high;https://openalex.org/works?filter=authorships.institutions.lineage:I183764125,authorships.institutions.lineage:I686019
Akademia Sztuk Pieknych Im Jana Matejki W Krakowie;Kraków;Poland;PL;50.06195;19.93686;erasmus_eu;TUKE;"Erasmus+ mobilita (nominácie); Erasmus kód PL KRAKOW10";medium;https://erasmus.tuke.sk/vyzvy-na-studentsku-mobilitu/
Cracow University of Technology (Politechnika Krakowska);Kraków;Poland;PL;50.06195;19.93686;erasmus_eu;FBERG, FU, SjF, SvF, TUKE;"študenti + zamestnanci; Erasmus kód PL KRAKOW03";high;https://erasmus.tuke.sk/partnerske-institucie-v-eu-a-ehp/
Cracow University of Technology (Politechnika Krakowska);Kraków;Poland;PL;50.06195;19.93686;ceepus;TUKE;"CEEPUS SK-0030-22-2627: Internationalisation and development of joint activities in the field of smart f; CEEPUS RS-0065-19-2425: Intelligent Automation for Competitive Advantage; CEEPUS SK-0067-22-2627: Future Skills for Digitalized Production and Education; CEEPUS PL-0701-15-2627: Engineering as Communication Language in Europe; CEEPUS RS-1912-03-2627 (Umbrella): Advancements in Operations and pRoDuction management in the ERa of Industry 5.0 ";high;https://www.ceepus.info/nw/0030-2627
Cracow University of Technology (Politechnika Krakowska);Kraków;Poland;PL;50.06195;19.93686;coauthorship;TUKE;12 spoločných publikácií od 2015 (posledná 2026);high;https://openalex.org/works?filter=authorships.institutions.lineage:I183764125,authorships.institutions.lineage:I24881138
Jagiellonian University;Kraków;Poland;PL;50.06143;19.93658;crossborder_project;EkF;International Visegrad Fund – project „Bridging Green and Just“, Visegrad Grant No. 22530002 (2026);high;https://www.crz.gov.sk/zmluva/12595370/
Jagiellonian University;Kraków;Poland;PL;50.06143;19.93658;research_cooperation;FMMR;Partner FMMR v zahraničí (Faculty of Chemistry);high;https://fmmr.tuke.sk/wps/portal/fmmr/spolupraca/partneri-v-zahranici
Jagiellonian University;Kraków;Poland;PL;50.06143;19.93658;coauthorship;TUKE;27 spoločných publikácií od 2015 (posledná 2026);high;https://openalex.org/works?filter=authorships.institutions.lineage:I183764125,authorships.institutions.lineage:I126596746
Jagiellonian University in Kraków;Kraków;Poland;PL;50.06195;19.93686;ceepus;TUKE;"CEEPUS HU-0028-20-2627: Active Methods in Teaching and Learning Mathematics, Informatics and their Appli; CEEPUS RS-0038-22-2627: Fundamental and Applied Geological Science and Education to Drive Progress in Ce; CEEPUS PL-0701-15-2627: Engineering as Communication Language in Europe; CEEPUS PL-0815-14-2627 (Umbrella): Europe from the Visegrad and Balkan Perspective; CEEPUS RS-1011-12-2627: Fostering sustainable partnership between academia and industry in improving app; CEEPUS MK-1301-09-2627: CESEENet - Central, East and South-East European PhD Network in Management and E (+1)";high;https://www.ceepus.info/nw/0028-2627
Krakow University of Economics (Uniwersytet Ekonomiczny w Krakowie);Kraków;Poland;PL;50.06195;19.93686;erasmus_eu;FBERG, FEI, FMMR, FVT, SjF, SvF;"zamestnanci; Erasmus kód PL KRAKOW04";high;https://erasmus.tuke.sk/partnerske-institucie-v-eu-a-ehp/
Krakow University of Economics (Uniwersytet Ekonomiczny w Krakowie);Kraków;Poland;PL;50.06195;19.93686;ceepus;TUKE;"CEEPUS SK-0044-21-2627: Applied Economics and Management; CEEPUS MK-1301-09-2627: CESEENet - Central, East and South-East European PhD Network in Management and E; CEEPUS SI-2022-02-2627: PLANNED - Spatial PLANNing EDucation Network; CEEPUS PL-2113-01-2627: Excellence in Logistics and Production Management";high;https://www.ceepus.info/nw/0044-2627
Krakow University of Economics (Uniwersytet Ekonomiczny w Krakowie);Kraków;Poland;PL;50.06195;19.93686;coauthorship;TUKE;5 spoločných publikácií od 2015 (posledná 2025);high;https://openalex.org/works?filter=authorships.institutions.lineage:I183764125,authorships.institutions.lineage:I23574469
Stowarzyszenie Gmin i Powiatów Małopolski;Kraków;Poland;PL;50.06195;19.93686;crossborder_project;TUKE;Central - BIC – 2021 - 2027 Interreg VI-B Central Europe;high;https://keep.eu/projects/29371/
University of Agriculture (Uniwersytet Rolniczy im. Hugona Kołłątaja w Krakowie);Kraków;Poland;PL;50.06195;19.93686;erasmus_eu;FBERG, FEI, FMMR, FVT, SjF, SvF;"študenti + zamestnanci; Erasmus kód PL KRAKOW06";high;https://erasmus.tuke.sk/partnerske-institucie-v-eu-a-ehp/
University of Agriculture in Krakow;Kraków;Poland;PL;50.06143;19.93658;ceepus;TUKE;"CEEPUS SK-0044-21-2627: Applied Economics and Management; CEEPUS PL-0701-15-2627: Engineering as Communication Language in Europe; CEEPUS CZ-2006-02-2627: REsource for Water, Energy and Nutrients (REWEN)";high;https://www.ceepus.info/nw/0044-2627
University of Agriculture in Krakow;Kraków;Poland;PL;50.06143;19.93658;coauthorship;TUKE;7 spoločných publikácií od 2015 (posledná 2025);high;https://openalex.org/works?filter=authorships.institutions.lineage:I183764125,authorships.institutions.lineage:I3019092743
University of the National Education Commision, Krakow;Kraków;Poland;PL;50.06195;19.93686;ceepus;TUKE;CEEPUS CZ-1503-07-2627 (Umbrella): Development of Computational Thinking;high;https://www.ceepus.info/nw/1503-2627
State Higher Vocational School in Krosno;Krosno;Poland;PL;49.692413330078125;21.765127182006836;coauthorship;TUKE;10 spoločných publikácií od 2015 (posledná 2025);high;https://openalex.org/works?filter=authorships.institutions.lineage:I183764125,authorships.institutions.lineage:I4210103902
Asm Research Solutions Strategy Spolka Z Ograniczona Odpowiedzialnoscia;Kutno;Poland;PL;52.22914;19.37298;erasmus_ka2;TUKE;Centers of Vocational Excellence: VET5.0 - Transforming Vocational Education Through Advancing Learner-Centricity, Education (101260541);high;https://erasmus-plus.ec.europa.eu/projects/search/details/101260541
Collegium Witelona (Collegium Witelona Uczelnia Państwowa);Legnica;Poland;PL;51.20816;16.16032;erasmus_eu;FBERG, FEI, FMMR, FVT, SjF, SvF;"študenti + zamestnanci; Erasmus kód PL LEGNICA01";high;https://erasmus.tuke.sk/partnerske-institucie-v-eu-a-ehp/
Witelon State University of Applied Sciences in Legnica;Legnica;Poland;PL;51.20447540283203;16.15009880065918;coauthorship;TUKE;4 spoločných publikácií od 2015 (posledná 2026);high;https://openalex.org/works?filter=authorships.institutions.lineage:I183764125,authorships.institutions.lineage:I4210101612
Politechnika Łódzka, Polska;Lodz;Poland;PL;51.76873;19.45699;crossborder_project;TUKE;IDEA – 2007 - 2013 Central Europe;high;https://keep.eu/projects/5489/
University of Łódź;Lodz;Poland;PL;51.77058;19.47395;coauthorship;TUKE;5 spoločných publikácií od 2015 (posledná 2025);high;https://openalex.org/works?filter=authorships.institutions.lineage:I183764125,authorships.institutions.lineage:I34250744
Województwo Łódzkie;Lodz;Poland;PL;51.76873;19.45699;crossborder_project;TUKE;I-CARE-SMART – 2014 - 2020 INTERREG VB Central Europe;high;https://keep.eu/projects/21885/
Łódź Film School;Lodz;Poland;PL;51.77058;19.47395;coauthorship;TUKE;3 spoločných publikácií od 2015 (posledná 2024);high;https://openalex.org/works?filter=authorships.institutions.lineage:I183764125,authorships.institutions.lineage:I4210087157
Lublin University of Technology (Politechnika Lubelska);Lublin;Poland;PL;51.25056;22.5701;erasmus_eu;EkF, FBERG, FEI, FVT, SjF;"študenti + zamestnanci; Erasmus kód PL LUBLIN03";high;https://erasmus.tuke.sk/partnerske-institucie-v-eu-a-ehp/
Lublin University of Technology (Politechnika Lubelska);Lublin;Poland;PL;51.25056;22.5701;research_project_eu;TUKE;3 spoločných projektov: CO-EXIN, NEWEX, PROMATAI;high;https://cordis.europa.eu/project/id/101129698
Lublin University of Technology (Politechnika Lubelska);Lublin;Poland;PL;51.25056;22.5701;ceepus;TUKE;"CEEPUS HU-0028-20-2627: Active Methods in Teaching and Learning Mathematics, Informatics and their Appli; CEEPUS SK-0030-22-2627: Internationalisation and development of joint activities in the field of smart f; CEEPUS PL-0033-22-2627: Development of mechanical engineering (design, technology and production managem; CEEPUS RS-0507-16-2627: Research, Development and Education in Precision Machining; CEEPUS PL-0701-15-2627: Engineering as Communication Language in Europe; CEEPUS RS-1012-12-2627: Building Knowledge and Experience Exchange in CFD (+8)";high;https://www.ceepus.info/nw/0028-2627
Lublin University of Technology (Politechnika Lubelska);Lublin;Poland;PL;51.25056;22.5701;erasmus_ka2;TUKE;"Strategic Partnerships for vocational education and training: Technology for Industry 4 for teachers and trainers of vocational education (2019-1-SK01-KA202-060772); Strategic Partnerships for vocational education and training: Robotika pre učiteľov stredných odborných škôl (2015-1-SK01-KA202-008970)";high;https://erasmus-plus.ec.europa.eu/projects/search/details/2019-1-SK01-KA202-060772
Lublin University of Technology (Politechnika Lubelska);Lublin;Poland;PL;51.25056;22.5701;coauthorship;TUKE;93 spoločných publikácií od 2015 (posledná 2026);high;https://openalex.org/works?filter=authorships.institutions.lineage:I183764125,authorships.institutions.lineage:I8264552
Maria Curie-Skłodowska University (Uniwersytet Marii Curie-Skłodowskiej w Lublinie);Lublin;Poland;PL;51.25056;22.5701;erasmus_eu;FBERG;"študenti; Erasmus kód PL LUBLIN01";high;https://erasmus.tuke.sk/partnerske-institucie-v-eu-a-ehp/
Maria Curie-Skłodowska University (Uniwersytet Marii Curie-Skłodowskiej w Lublinie);Lublin;Poland;PL;51.25056;22.5701;erasmus_ka2;TUKE;Strategic Partnerships for higher education: Innovative Student-Centred Learning Practices fuelled with ITC-tools and university – indu (2017-1-RO01-KA203-037145);high;https://erasmus-plus.ec.europa.eu/projects/search/details/2017-1-RO01-KA203-037145
Maria Curie-Skłodowska University (Uniwersytet Marii Curie-Skłodowskiej w Lublinie);Lublin;Poland;PL;51.25056;22.5701;coauthorship;TUKE;3 spoločných publikácií od 2015 (posledná 2023);high;https://openalex.org/works?filter=authorships.institutions.lineage:I183764125,authorships.institutions.lineage:I174183983
Medical University of Lublin;Lublin;Poland;PL;51.25;22.566669464111328;coauthorship;TUKE;3 spoločných publikácií od 2015 (posledná 2020);high;https://openalex.org/works?filter=authorships.institutions.lineage:I183764125,authorships.institutions.lineage:I121032520
University of Life Sciences in Lublin;Lublin;Poland;PL;51.25;22.566669464111328;coauthorship;TUKE;3 spoločných publikácií od 2015 (posledná 2022);high;https://openalex.org/works?filter=authorships.institutions.lineage:I183764125,authorships.institutions.lineage:I158552681
Lodz University of Technology;Lódz;Poland;PL;51.77058;19.47395;ceepus;TUKE;"CEEPUS RS-1511-07-2627: Research and Development of New Technologies for Innovative Product Development; CEEPUS PL-1705-05-2627: INTEGRATION Development, education and practical improvement in the field of mul";high;https://www.ceepus.info/nw/1511-2627
Lodz University of Technology;Lódz;Poland;PL;51.77058;19.47395;coauthorship;TUKE;18 spoločných publikácií od 2015 (posledná 2023);high;https://openalex.org/works?filter=authorships.institutions.lineage:I183764125,authorships.institutions.lineage:I188884621
University of Warmia and Mazury in Olsztyn (UNIWERSYTET WARMINSKO MAZURSKI W OLSZTYNIE);Olsztyn;Poland;PL;53.77668;20.47651;erasmus_eu;SvF;"študenti + zamestnanci; Erasmus kód PL OLSZTYN01";high;https://erasmus.tuke.sk/partnerske-institucie-v-eu-a-ehp/
University of Warmia and Mazury in Olsztyn (UNIWERSYTET WARMINSKO MAZURSKI W OLSZTYNIE);Olsztyn;Poland;PL;53.77668;20.47651;ceepus;TUKE;"CEEPUS HR-1302-09-2627: Research and Education of Environmental Risks; CEEPUS PL-1705-05-2627: INTEGRATION Development, education and practical improvement in the field of mul";high;https://www.ceepus.info/nw/1302-2627
University of Warmia and Mazury in Olsztyn (UNIWERSYTET WARMINSKO MAZURSKI W OLSZTYNIE);Olsztyn;Poland;PL;53.77668;20.47651;coauthorship;TUKE;7 spoločných publikácií od 2015 (posledná 2025);high;https://openalex.org/works?filter=authorships.institutions.lineage:I183764125,authorships.institutions.lineage:I47996466
Opole University of Technology (Politechnika Opolska);Opole;Poland;PL;50.66682;17.92364;erasmus_eu;EkF, FEI, TUKE;"zamestnanci; Erasmus kód PL OPOLE02";high;https://erasmus.tuke.sk/partnerske-institucie-v-eu-a-ehp/
Opole University of Technology (Politechnika Opolska);Opole;Poland;PL;50.66682;17.92364;ceepus;TUKE;CEEPUS PL-0033-22-2627: Development of mechanical engineering (design, technology and production managem;high;https://www.ceepus.info/nw/0033-2627
Opole University of Technology (Politechnika Opolska);Opole;Poland;PL;50.66682;17.92364;coauthorship;TUKE;19 spoločných publikácií od 2015 (posledná 2026);high;https://openalex.org/works?filter=authorships.institutions.lineage:I183764125,authorships.institutions.lineage:I119217307
Adam Mickiewicz University in Poznań;Poznan;Poland;PL;52.40692;16.92993;coauthorship;TUKE;12 spoločných publikácií od 2015 (posledná 2026);high;https://openalex.org/works?filter=authorships.institutions.lineage:I183764125,authorships.institutions.lineage:I59411706
Institute of Molecular Physics of the Polish Academy of Sciences;Poznan;Poland;PL;52.40692;16.92993;coauthorship;TUKE;5 spoločných publikácií od 2015 (posledná 2022);high;https://openalex.org/works?filter=authorships.institutions.lineage:I183764125,authorships.institutions.lineage:I4210115749
Instytut Chemii Bioorganicznej Polskiej Akademii Nauk;Poznan;Poland;PL;52.41198;16.91623;research_project_eu;TUKE;1 spoločných projektov: MIDIH;high;https://cordis.europa.eu/project/id/767498
Instytut Logistyki i Magazynowania Poznan;Poznan;Poland;PL;52.40827;16.93352;crossborder_project;TUKE;ECO4LOG – 2000 - 2006 Interreg IIIC East;high;https://keep.eu/projects/780/
Poznan School of Logistics;Poznan;Poland;PL;52.40827;16.93352;ceepus;TUKE;CEEPUS RS-1412-08-2627 (Umbrella): Interdisciplinary approach for enhancing knowledge in supply chain analytics (SC;high;https://www.ceepus.info/nw/1412-2627
Poznan University of Economics and Business;Poznan;Poland;PL;52.40827;16.93352;ceepus;TUKE;CEEPUS SK-0044-21-2627: Applied Economics and Management;high;https://www.ceepus.info/nw/0044-2627
Poznan University of Life Sciences;Poznan;Poland;PL;52.40692;16.92993;ceepus;TUKE;CEEPUS CZ-0911-12-2627: Managerial Processes in International Environment;high;https://www.ceepus.info/nw/0911-2627
Poznan University of Life Sciences;Poznan;Poland;PL;52.40692;16.92993;coauthorship;TUKE;7 spoločných publikácií od 2015 (posledná 2026);high;https://openalex.org/works?filter=authorships.institutions.lineage:I183764125,authorships.institutions.lineage:I55783418
Institute of Logistics and Warehousing;Poznań;Poland;PL;52.40827;16.93352;crossborder_project;TUKE;KASSETTS – 2007 - 2013 Central Europe;high;https://keep.eu/projects/5550/
Instytut Logistyki i Magazynowania;Poznań;Poland;PL;52.40827;16.93352;crossborder_project;TUKE;FLAVIA – 2007 - 2013 Central Europe;high;https://keep.eu/projects/5488/
Poznań University of Technology (Politechnika Poznańska);Poznań;Poland;PL;52.40827;16.93352;erasmus_eu;FBERG, FEI, FMMR, FVT, LF, SjF, SvF;"študenti + zamestnanci; Erasmus kód PL POZNAN02";high;https://erasmus.tuke.sk/partnerske-institucie-v-eu-a-ehp/
Poznań University of Technology (Politechnika Poznańska);Poznań;Poland;PL;52.40827;16.93352;research_project_eu;TUKE;1 spoločných projektov: INDECT;high;https://cordis.europa.eu/project/id/218086
Poznań University of Technology (Politechnika Poznańska);Poznań;Poland;PL;52.40827;16.93352;ceepus;TUKE;"CEEPUS RO-0013-22-2627: Teaching and Research of Environment-oriented Technologies in Manufacturing; CEEPUS HU-0028-20-2627: Active Methods in Teaching and Learning Mathematics, Informatics and their Appli; CEEPUS SK-0030-22-2627: Internationalisation and development of joint activities in the field of smart f; CEEPUS PL-0033-22-2627: Development of mechanical engineering (design, technology and production managem; CEEPUS RO-0058-19-2627: DESIGN, IMPLEMENTATION AND USE OF JOINT PROGRAMS ON  ARTIFICIAL INTELIGENCE, QUA; CEEPUS RO-0202-20-2627: Enhancing the use of blended e-learning as an internationalization tool in the f (+14)";high;https://www.ceepus.info/nw/0013-2627
Poznań University of Technology (Politechnika Poznańska);Poznań;Poland;PL;52.40827;16.93352;erasmus_ka2;TUKE;Cooperation partnerships in higher education: ErgoDesign – Improving digital skills for Ergonomics and Bioengineering Innovations for in (2021-1-PL01-KA220-HED-000031182);high;https://erasmus-plus.ec.europa.eu/projects/search/details/2021-1-PL01-KA220-HED-000031182
Poznań University of Technology (Politechnika Poznańska);Poznań;Poland;PL;52.40827;16.93352;bilateral_agreement;FVT;Zmluvná spolupráca na úrovni fakulty;high;https://fvt.tuke.sk/en/international-cooperation
Poznań University of Technology (Politechnika Poznańska);Poznań;Poland;PL;52.40827;16.93352;coauthorship;TUKE;79 spoločných publikácií od 2015 (posledná 2026);high;https://openalex.org/works?filter=authorships.institutions.lineage:I183764125,authorships.institutions.lineage:I46597724
R3 spółka z ograniczoną odpowiedzialnością;Poznań;Poland;PL;52.40827;16.93352;crossborder_project;TUKE;V4Grid – 2021 - 2027 Interreg VI-B Central Europe;high;https://keep.eu/projects/29381/
East European State University in Przemyśl;Przemyśl;Poland;PL;49.78227;22.77497;erasmus_eu;TUKE;"študenti; Erasmus kód PL PRZEMYS02";high;https://erasmus.tuke.sk/partnerske-institucie-v-eu-a-ehp/
Gmina Przywidz;Przywidz;Poland;PL;54.19682;18.32364;crossborder_project;TUKE;V4Grid – 2021 - 2027 Interreg VI-B Central Europe;high;https://keep.eu/projects/29381/
Casimir Pulaski Radom University;Radom;Poland;PL;51.40226;21.15415;ceepus;TUKE;"CEEPUS RS-1812-04-2627 (Umbrella): Application of CAx technologies in smart production as a significant basis for t; CEEPUS AL-2001-02-2627 (Umbrella): AI-Optimized Solutions for Remote Monitoring and Digital Health; CEEPUS BA-2103-01-2627: Advanced Power Transmission Systems for Robotics and E-Mobility (APT-RE)";high;https://www.ceepus.info/nw/1812-2627
Casimir Pulaski University of Radom (Uniwersytet Technologiczno-Humanistyczny w Radomiu);Radom;Poland;PL;51.40226;21.15415;erasmus_eu;EkF, FBERG, FEI, FMMR, FVT, SjF, SvF;"študenti + zamestnanci; Erasmus kód PL RADOM01";high;https://erasmus.tuke.sk/partnerske-institucie-v-eu-a-ehp/
Casimir Pulaski University of Radom (Uniwersytet Technologiczno-Humanistyczny w Radomiu);Radom;Poland;PL;51.40226;21.15415;bilateral_agreement;FVT;Zmluvná spolupráca na úrovni fakulty;high;https://fvt.tuke.sk/en/international-cooperation
Kazimierz Pułaski University of Technology and Humanities in Radom;Radom;Poland;PL;51.402530670166016;21.147140502929688;coauthorship;TUKE;3 spoločných publikácií od 2015 (posledná 2023);high;https://openalex.org/works?filter=authorships.institutions.lineage:I183764125,authorships.institutions.lineage:I283429734
Danmar Computers Sp Zoo;Rzeszow;Poland;PL;50.03552;21.99161;erasmus_ka2;TUKE;Strategic Partnerships for vocational education and training: Stimulating And Validating digital Entrepreneurship as the best way to increasing the qual (2019-1-PL01-KA202-065209);high;https://erasmus-plus.ec.europa.eu/projects/search/details/2019-1-PL01-KA202-065209
Pratt & Whitney Rzeszow Spolka Akcyjna;Rzeszow;Poland;PL;50.01822;21.99395;research_project_eu;TUKE;1 spoločných projektov: ESPOSA;high;https://cordis.europa.eu/project/id/284859
Rzeszowska Agencja Rozwoju Regionalnego;Rzeszow;Poland;PL;50.03745;22.00472;crossborder_project;TUKE;DigiCare4CE – 2021 - 2027 Interreg VI-B Central Europe;high;https://keep.eu/projects/27727/
Rzeszowska Agencja Rozwoju Regionalnego Spolka Akcyjna;Rzeszow;Poland;PL;50.03189;22.00243;erasmus_ka2;TUKE;"Strategic Partnerships for vocational education and training: Stimulating And Validating digital Entrepreneurship as the best way to increasing the qual (2019-1-PL01-KA202-065209); Strategic Partnerships for vocational education and training: Education for Local Development of Rural Areas (2017-1-SK01-KA202-035388)";high;https://erasmus-plus.ec.europa.eu/projects/search/details/2019-1-PL01-KA202-065209
"Stowarzyszenie ""Centrum Wspierania Edukacji I Przedsiębiorczości""";Rzeszow;Poland;PL;50.03745;22.00472;erasmus_ka2;TUKE;Cooperation partnerships in vocational education and training: Promoting creativity microbusiness though web tools in rural area (2021-1-SK01-KA220-VET-000032999);high;https://erasmus-plus.ec.europa.eu/projects/search/details/2021-1-SK01-KA220-VET-000032999
Rzeszów School of Engineering and Economics;Rzeszów;Poland;PL;50.03745;22.00472;bilateral_agreement;FBERG;Všeobecná zmluva o spolupráci;high;https://fberg.tuke.sk/en/academic-institutions
Rzeszów School of Engineering and Economics;Rzeszów;Poland;PL;50.03745;22.00472;bilateral_agreement;FVT;Zmluvná spolupráca na úrovni fakulty;high;https://fvt.tuke.sk/en/international-cooperation
Rzeszów University of Technology (Politechnika Rzeszowska im. Ignacego Łukasiewicza);Rzeszów;Poland;PL;50.03745;22.00472;erasmus_eu;EkF, FBERG, FEI, FVT, LF, SjF, SvF;"študenti; Erasmus kód PL RZESZOW01";high;https://erasmus.tuke.sk/partnerske-institucie-v-eu-a-ehp/
Rzeszów University of Technology (Politechnika Rzeszowska im. Ignacego Łukasiewicza);Rzeszów;Poland;PL;50.03745;22.00472;research_project_eu;TUKE;1 spoločných projektov: ESPOSA;high;https://cordis.europa.eu/project/id/284859
Rzeszów University of Technology (Politechnika Rzeszowska im. Ignacego Łukasiewicza);Rzeszów;Poland;PL;50.03745;22.00472;ceepus;TUKE;"CEEPUS SK-0030-22-2627: Internationalisation and development of joint activities in the field of smart f; CEEPUS RO-0202-20-2627: Enhancing the use of blended e-learning as an internationalization tool in the f; CEEPUS PL-0701-15-2627: Engineering as Communication Language in Europe; CEEPUS PL-0901-13-2627: Teaching and research in advanced manufacturing; CEEPUS PL-1909-01-2425: ""Green"" buildings as solutions to achieve sustainable environmental goals; CEEPUS RS-1912-03-2627 (Umbrella): Advancements in Operations and pRoDuction management in the ERa of Industry 5.0  (+1)";high;https://www.ceepus.info/nw/0030-2627
Rzeszów University of Technology (Politechnika Rzeszowska im. Ignacego Łukasiewicza);Rzeszów;Poland;PL;50.03745;22.00472;research_cooperation;FEI;"Consortium Agreement (2026); Dohoda o určení spolumajiteľských podielov k vynálezom a spolumajiteľstve patentu (2024); Consortium Agreement (2023)";high;https://www.crz.gov.sk/zmluva/12341530/
Rzeszów University of Technology (Politechnika Rzeszowska im. Ignacego Łukasiewicza);Rzeszów;Poland;PL;50.03745;22.00472;bilateral_agreement;TUKE;"THE LETTER OF MUTUAL INTENT TO COOPERATE (2023); Agreement of cooperation in the field of science, technology and scientific research (2018)";high;https://www.crz.gov.sk/zmluva/8179143/
Rzeszów University of Technology (Politechnika Rzeszowska im. Ignacego Łukasiewicza);Rzeszów;Poland;PL;50.03745;22.00472;erasmus_ka2;TUKE;Strategic Partnerships for higher education: Social Network based doctoral Education on Industry 4.0 (2017-1-SE01-KA203-034524);high;https://erasmus-plus.ec.europa.eu/projects/search/details/2017-1-SE01-KA203-034524
Rzeszów University of Technology (Politechnika Rzeszowska im. Ignacego Łukasiewicza);Rzeszów;Poland;PL;50.03745;22.00472;coauthorship;TUKE;201 spoločných publikácií od 2015 (posledná 2026);high;https://openalex.org/works?filter=authorships.institutions.lineage:I183764125,authorships.institutions.lineage:I111664937
University of Information Technology and Management in Rzeszow;Rzeszów;Poland;PL;50.04132080078125;21.99901008605957;coauthorship;TUKE;6 spoločných publikácií od 2015 (posledná 2024);high;https://openalex.org/works?filter=authorships.institutions.lineage:I183764125,authorships.institutions.lineage:I4210109085
University of Rzeszów (Uniwersytet Rzeszowski);Rzeszów;Poland;PL;50.03745;22.00472;erasmus_eu;EkF;"študenti + zamestnanci; Erasmus kód PL RZESZOW02";high;https://erasmus.tuke.sk/partnerske-institucie-v-eu-a-ehp/
University of Rzeszów (Uniwersytet Rzeszowski);Rzeszów;Poland;PL;50.03745;22.00472;ceepus;TUKE;"CEEPUS HU-0028-20-2627: Active Methods in Teaching and Learning Mathematics, Informatics and their Appli; CEEPUS SK-0044-21-2627: Applied Economics and Management";high;https://www.ceepus.info/nw/0028-2627
University of Rzeszów (Uniwersytet Rzeszowski);Rzeszów;Poland;PL;50.03745;22.00472;research_cooperation;FMMR;Partner FMMR v zahraničí;high;https://fmmr.tuke.sk/wps/portal/fmmr/spolupraca/partneri-v-zahranici
University of Rzeszów (Uniwersytet Rzeszowski);Rzeszów;Poland;PL;50.03745;22.00472;bilateral_agreement;FVT;Zmluvná spolupráca na úrovni fakulty (Faculty of Mechanics and Technology);high;https://fvt.tuke.sk/en/international-cooperation
University of Rzeszów (Uniwersytet Rzeszowski);Rzeszów;Poland;PL;50.03745;22.00472;coauthorship;TUKE;23 spoločných publikácií od 2015 (posledná 2026);high;https://openalex.org/works?filter=authorships.institutions.lineage:I183764125,authorships.institutions.lineage:I98559091
Jan Grodek State University in Sanok (Uczelnia Państwowa im. Jana Grodka w Sanoku);Sanok;Poland;PL;49.56091;22.20703;erasmus_eu;EkF, FBERG, FMMR, FVT, SjF;"študenti + zamestnanci; Erasmus kód PL SANOK01";high;https://erasmus.tuke.sk/partnerske-institucie-v-eu-a-ehp/
Zamak Mercator Spolka Z Ograniczonaodpowiedzialnoscia;Skawina;Poland;PL;49.96562;19.79609;research_project_eu;TUKE;1 spoločných projektov: NEWEX;high;https://cordis.europa.eu/project/id/734205
State Higher Vocational School in Suwalki;Suwałki;Poland;PL;54.09906;22.92794;erasmus_eu;TUKE;"študenti; Erasmus kód PL SUWALKI03";high;https://erasmus.tuke.sk/partnerske-institucie-v-eu-a-ehp/
Elektryka Morska Sp. z o.o.;Szczecin;Poland;PL;53.43018;14.55096;crossborder_project;TUKE;CIRCOTRONIC – 2021 - 2027 Interreg VI-B Central Europe;high;https://keep.eu/projects/27722/
Stowarzyszenie Media Dizajn;Szczecin;Poland;PL;53.43018;14.55096;crossborder_project;TUKE;CIRCOTRONIC – 2021 - 2027 Interreg VI-B Central Europe;high;https://keep.eu/projects/27722/
University of Szczecin;Szczecin;Poland;PL;53.42893981933594;14.553019523620605;coauthorship;TUKE;4 spoločných publikácií od 2015 (posledná 2020);high;https://openalex.org/works?filter=authorships.institutions.lineage:I183764125,authorships.institutions.lineage:I104588304
West Pomeranian University of Technology in Szczecin (Zachodniopomorski Uniwersytet Technologiczny w Szczecinie);Szczecin;Poland;PL;53.43018;14.55096;erasmus_eu;FBERG, FEI, FMMR, FVT, SjF, SvF;"študenti + zamestnanci; Erasmus kód PL SZCZECI02";high;https://erasmus.tuke.sk/partnerske-institucie-v-eu-a-ehp/
West Pomeranian University of Technology in Szczecin (Zachodniopomorski Uniwersytet Technologiczny w Szczecinie);Szczecin;Poland;PL;53.43018;14.55096;ceepus;TUKE;"CEEPUS RS-1012-12-2627: Building Knowledge and Experience Exchange in CFD; CEEPUS BA-2003-02-2627: Circular Economy and Energy Efficiency";high;https://www.ceepus.info/nw/1012-2627
West Pomeranian University of Technology in Szczecin (Zachodniopomorski Uniwersytet Technologiczny w Szczecinie);Szczecin;Poland;PL;53.43018;14.55096;coauthorship;TUKE;9 spoločných publikácií od 2015 (posledná 2025);high;https://openalex.org/works?filter=authorships.institutions.lineage:I183764125,authorships.institutions.lineage:I155313962
Nicolaus Copernicus University;Torun;Poland;PL;53.01374816894531;18.598140716552734;coauthorship;TUKE;21 spoločných publikácií od 2015 (posledná 2025);high;https://openalex.org/works?filter=authorships.institutions.lineage:I183764125,authorships.institutions.lineage:I3019271933
Siec Badawcza Lukasiewicz Instytut Materialow Polimerowych;Torun;Poland;PL;53.03395;18.64824;research_project_eu;TUKE;1 spoločných projektov: PROMATAI;high;https://cordis.europa.eu/project/id/101129698
Uniwersytet Mikolaja Kopernika W Toruniu;Torun;Poland;PL;53.01027;18.60481;erasmus_ka2;TUKE;Cooperation partnerships in higher education: Center of Excellence for Environmental Risk Management (2024-1-SK01-KA220-HED-000243758);high;https://erasmus-plus.ec.europa.eu/projects/search/details/2024-1-SK01-KA220-HED-000243758
Nicolaus Copernicus University in Toruń – NCU (Uniwersytet Mikołaja Kopernika w Toruniu);Toruń;Poland;PL;53.01027;18.60481;erasmus_eu;FBERG;"študenti + zamestnanci; Erasmus kód PL TORUN01";high;https://erasmus.tuke.sk/partnerske-institucie-v-eu-a-ehp/
Łukasiewicz Research Network – Institute for Engineering of Polymer Materials and Dyes;Toruń;Poland;PL;53.01375;18.59814;bilateral_agreement;TUKE;THE LETTER OF MUTUAL INTENT TO COOPERATE (2023);high;https://www.crz.gov.sk/zmluva/8174039/
Łukasiewicz Research Network – Institute for Engineering of Polymer Materials and Dyes;Toruń;Poland;PL;53.01375;18.59814;coauthorship;TUKE;26 spoločných publikácií od 2015 (posledná 2026);high;https://openalex.org/works?filter=authorships.institutions.lineage:I183764125,authorships.institutions.lineage:I4210161029
Akademia Pożarnicza;Warsaw;Poland;PL;52.22977;21.01178;coauthorship;TUKE;3 spoločných publikácií od 2015 (posledná 2025);high;https://openalex.org/works?filter=authorships.institutions.lineage:I183764125,authorships.institutions.lineage:I4210139254
Institute of Electronic Materials Technology;Warsaw;Poland;PL;52.22977;21.01178;coauthorship;TUKE;3 spoločných publikácií od 2015 (posledná 2020);high;https://openalex.org/works?filter=authorships.institutions.lineage:I183764125,authorships.institutions.lineage:I4210142131
Institute of Geodesy and Cartography;Warsaw;Poland;PL;52.22977;21.01178;coauthorship;TUKE;5 spoločných publikácií od 2015 (posledná 2024);high;https://openalex.org/works?filter=authorships.institutions.lineage:I183764125,authorships.institutions.lineage:I4210095092
Institute of Power Engineering;Warsaw;Poland;PL;52.22977066040039;21.01177978515625;coauthorship;TUKE;6 spoločných publikácií od 2015 (posledná 2026);high;https://openalex.org/works?filter=authorships.institutions.lineage:I183764125,authorships.institutions.lineage:I4210142812
National Centre for Nuclear Research;Warsaw;Poland;PL;52.22977;21.01178;coauthorship;TUKE;8 spoločných publikácií od 2015 (posledná 2023);high;https://openalex.org/works?filter=authorships.institutions.lineage:I183764125,authorships.institutions.lineage:I4210097150
Polish Academy of Sciences;Warsaw;Poland;PL;52.22977;21.01178;coauthorship;TUKE;21 spoločných publikácií od 2015 (posledná 2025);high;https://openalex.org/works?filter=authorships.institutions.lineage:I183764125,authorships.institutions.lineage:I99542240
Przemyslowy Instytut Automatyki I Pomiarow Piap;Warsaw;Poland;PL;52.19286;20.92309;erasmus_ka2;TUKE;"Strategic Partnerships addressing more than one field: Strategic Partnership for Creativity and Entrepreneurship (2014-1-PL01-KA200-003341); Strategic Partnerships for vocational education and training: Strategic Partnership for Occupational Safety and Health (2015-1-PL01-KA202-016625); Strategic Partnerships for vocational education and training: Robotika pre učiteľov stredných odborných škôl (2015-1-SK01-KA202-008970)";high;https://erasmus-plus.ec.europa.eu/projects/search/details/2014-1-PL01-KA200-003341
Siec Badawcza Lukasiewicz - Przemyslowy Instytut Automatyki I Pomiarow Piap;Warsaw;Poland;PL;52.20986;20.94918;research_project_eu;TUKE;1 spoločných projektov: RIMA;high;https://cordis.europa.eu/project/id/824990
Siec Badawcza Lukasiewicz - Przemyslowy Instytut Automatyki I Pomiarow Piap;Warsaw;Poland;PL;52.20986;20.94918;erasmus_ka2;TUKE;"Strategic Partnerships for vocational education and training: Multifunctional Innovative Learning Assisting Network for VET in Advanced Manufacturing (2018-1-PL01-KA202-050812); Strategic Partnerships for vocational education and training: Developing Innovative Science Outreach for Vocational Education to Encourage STEM Careers  (2017-1-BG01-KA202-036327); Strategic Partnerships for vocational education and training: AuToMa - Automation, Technology transfer and Managerial practices for the growth of SMEs,  (2016-1-IT01-KA202-005599)";high;https://erasmus-plus.ec.europa.eu/projects/search/details/2018-1-PL01-KA202-050812
VIZJA University;Warsaw;Poland;PL;52.23196;21.00672;ceepus;TUKE;CEEPUS SK-0044-21-2627: Applied Economics and Management;high;https://www.ceepus.info/nw/0044-2627
Łukasiewicz Research Network;Warsaw;Poland;PL;52.22977;21.01178;coauthorship;TUKE;9 spoločných publikácií od 2015 (posledná 2025);high;https://openalex.org/works?filter=authorships.institutions.lineage:I183764125,authorships.institutions.lineage:I4210129336
Łukasiewicz Research Network - Industrial Research Institute for Automation and Measurements;Warsaw;Poland;PL;52.22977066040039;21.01177978515625;coauthorship;TUKE;5 spoločných publikácií od 2015 (posledná 2021);high;https://openalex.org/works?filter=authorships.institutions.lineage:I183764125,authorships.institutions.lineage:I4210159392
Łukasiewicz Research Network - Institute of Aviation;Warsaw;Poland;PL;52.22977;21.01178;coauthorship;TUKE;5 spoločných publikácií od 2015 (posledná 2025);high;https://openalex.org/works?filter=authorships.institutions.lineage:I183764125,authorships.institutions.lineage:I2801863437
Cardinal Stefan Wyszyński University in Warsaw (Uniwersytet Kardynała Stefana Wyszyńskiego w Warszawie);Warszawa;Poland;PL;52.23196;21.00672;erasmus_eu;FEI;"študenti; Erasmus kód PL WARSZAW07";high;https://erasmus.tuke.sk/partnerske-institucie-v-eu-a-ehp/
Fundingbox Accelerator Sp Zoo;Warszawa;Poland;PL;52.18047;20.99695;research_project_eu;TUKE;2 spoločných projektov: AI4EU, RIMA;high;https://cordis.europa.eu/project/id/824990
Ministerstwo Spraw Wewnetrznych i Administracji;Warszawa;Poland;PL;52.23196;21.00672;research_project_eu;TUKE;1 spoločných projektov: INDECT;high;https://cordis.europa.eu/project/id/218086
Narodowa Fundacja Ochrony Srodowiska;Warszawa;Poland;PL;52.23196;21.00672;erasmus_ka2;TUKE;Cooperation partnerships in higher education: Reflecting Economics And Climate Change in Teaching (2023-1-IS01-KA220-HED-000159052);high;https://erasmus-plus.ec.europa.eu/projects/search/details/2023-1-IS01-KA220-HED-000159052
Politechnika Warszawska (Warsaw University of Technology);Warszawa;Poland;PL;52.23196;21.00672;erasmus_eu;FBERG, LF;"študenti + zamestnanci; Erasmus kód PL WARSZAW02";high;https://erasmus.tuke.sk/partnerske-institucie-v-eu-a-ehp/
Politechnika Warszawska (Warsaw University of Technology);Warszawa;Poland;PL;52.23196;21.00672;research_project_eu;TUKE;2 spoločných projektov: ESPOSA, Hy-DETAILS;high;https://cordis.europa.eu/project/id/101312096
Politechnika Warszawska (Warsaw University of Technology);Warszawa;Poland;PL;52.23196;21.00672;ceepus;TUKE;"CEEPUS PL-0033-22-2627: Development of mechanical engineering (design, technology and production managem; CEEPUS PL-0701-15-2627: Engineering as Communication Language in Europe; CEEPUS RS-1412-08-2627 (Umbrella): Interdisciplinary approach for enhancing knowledge in supply chain analytics (SC";high;https://www.ceepus.info/nw/0033-2627
Politechnika Warszawska (Warsaw University of Technology);Warszawa;Poland;PL;52.23196;21.00672;coauthorship;TUKE;10 spoločných publikácií od 2015 (posledná 2023);high;https://openalex.org/works?filter=authorships.institutions.lineage:I183764125,authorships.institutions.lineage:I108403487
SGH Warsaw School of Economics;Warszawa;Poland;PL;52.23196;21.00672;ceepus;TUKE;CEEPUS MK-1301-09-2627: CESEENet - Central, East and South-East European PhD Network in Management and E;high;https://www.ceepus.info/nw/1301-2627
Siec Badawcza Lukasiewicz-Instytutlotnictwa;Warszawa;Poland;PL;52.17035;21.06333;research_project_eu;TUKE;1 spoločných projektov: ESPOSA;high;https://cordis.europa.eu/project/id/284859
Stoen Operator Spolka Z Ograniczona Odpowiedzialnoscia;Warszawa;Poland;PL;52.22313;21.01355;research_project_eu;TUKE;1 spoločných projektov: RETROTRAFO;high;https://cordis.europa.eu/project/id/101182948
University of Warsaw;Warszawa;Poland;PL;52.22977;21.01178;ceepus;TUKE;CEEPUS MK-1301-09-2627: CESEENet - Central, East and South-East European PhD Network in Management and E;high;https://www.ceepus.info/nw/1301-2627
University of Warsaw;Warszawa;Poland;PL;52.22977;21.01178;coauthorship;TUKE;11 spoločných publikácií od 2015 (posledná 2025);high;https://openalex.org/works?filter=authorships.institutions.lineage:I183764125,authorships.institutions.lineage:I4654613
Uniwersytet Warszawski;Warszawa;Poland;PL;52.23961;21.01735;research_project_eu;TUKE;1 spoločných projektov: OCOPOMO;high;https://cordis.europa.eu/project/id/248128
War Studies University (Akademia Sztuki Wojennej);Warszawa;Poland;PL;52.23196;21.00672;erasmus_eu;EkF, LF;"študenti + zamestnanci; Erasmus kód PL WARSZAW68";high;https://erasmus.tuke.sk/partnerske-institucie-v-eu-a-ehp/
Warsaw University of Life Sciences;Warszawa;Poland;PL;52.22977;21.01178;ceepus;TUKE;"CEEPUS SK-0030-22-2627: Internationalisation and development of joint activities in the field of smart f; CEEPUS SK-0044-21-2627: Applied Economics and Management; CEEPUS PL-0701-15-2627: Engineering as Communication Language in Europe; CEEPUS CZ-0911-12-2627: Managerial Processes in International Environment";high;https://www.ceepus.info/nw/0030-2627
Warsaw University of Life Sciences;Warszawa;Poland;PL;52.22977;21.01178;coauthorship;TUKE;5 spoločných publikácií od 2015 (posledná 2025);high;https://openalex.org/works?filter=authorships.institutions.lineage:I183764125,authorships.institutions.lineage:I170230895
Instytut Rozwoju Terytorialnego;Wroclaw;Poland;PL;51.09389;17.03753;research_project_eu;TUKE;1 spoločných projektov: MIREU;high;https://cordis.europa.eu/project/id/776811
University of Wroclaw;Wroclaw;Poland;PL;51.10898;17.03267;ceepus;TUKE;CEEPUS RS-0038-22-2627: Fundamental and Applied Geological Science and Education to Drive Progress in Ce;high;https://www.ceepus.info/nw/0038-2627
Kghm Cuprum Spolka Z Ograniczona Odpowiedzialnoscia - Centrum Badawczo- Rozwojowe;Wrocław;Poland;PL;51.17699;17.1752;research_project_eu;TUKE;1 spoločných projektov: I²MINE;high;https://cordis.europa.eu/project/id/280855
The International University of Logistics and Transport in Wrocław (Międzynarodowa Wyższa Szkoła Logistyki i Transportu we Wrocławiu);Wrocław;Poland;PL;51.10898;17.03267;erasmus_eu;FBERG;"študenti + zamestnanci; Erasmus kód PL WROCLAW16";high;https://erasmus.tuke.sk/partnerske-institucie-v-eu-a-ehp/
Wroclaw University of Economics and Business (Uniwersytet Ekonomiczny we Wrocławiu);Wrocław;Poland;PL;51.10898;17.03267;erasmus_eu;EkF, FBERG, FVT;"študenti + zamestnanci; Erasmus kód PL WROCLAW03";high;https://erasmus.tuke.sk/partnerske-institucie-v-eu-a-ehp/
Wroclaw University of Economics and Business (Uniwersytet Ekonomiczny we Wrocławiu);Wrocław;Poland;PL;51.10898;17.03267;coauthorship;TUKE;3 spoločných publikácií od 2015 (posledná 2018);high;https://openalex.org/works?filter=authorships.institutions.lineage:I183764125,authorships.institutions.lineage:I305801656
Wrocław University of Science and Technology (Politechnika Wrocławska);Wrocław;Poland;PL;51.10898;17.03267;erasmus_eu;FEI, FVT;"zamestnanci; Erasmus kód PL WROCLAW02";high;https://erasmus.tuke.sk/partnerske-institucie-v-eu-a-ehp/
Wrocław University of Science and Technology (Politechnika Wrocławska);Wrocław;Poland;PL;51.10898;17.03267;erasmus_ka2;TUKE;Capacity Building in higher education: Establishment of Capacity Building Centers as a sustainable solution to raise the standard (573616-EPP-1-2016-1-PL-EPPKA2-CBHE-JP);high;https://erasmus-plus.ec.europa.eu/projects/search/details/573616-EPP-1-2016-1-PL-EPPKA2-CBHE-JP
Wrocław University of Science and Technology (Politechnika Wrocławska);Wrocław;Poland;PL;51.10898;17.03267;crossborder_project;TUKE;SMERF – 2021 - 2027 Interreg VI-B Central Europe;high;https://keep.eu/projects/27760/
Wrocław University of Science and Technology (Politechnika Wrocławska);Wrocław;Poland;PL;51.10898;17.03267;coauthorship;TUKE;22 spoločných publikácií od 2015 (posledná 2025);high;https://openalex.org/works?filter=authorships.institutions.lineage:I183764125,authorships.institutions.lineage:I11923345
Institute of Environmental Engineering;Zabrze;Poland;PL;50.316314697265625;18.77135467529297;coauthorship;TUKE;43 spoločných publikácií od 2015 (posledná 2022);high;https://openalex.org/works?filter=authorships.institutions.lineage:I183764125,authorships.institutions.lineage:I4210104744
Polskie Towarzystwo Ekonomiczne Samodzielny Oddział w Zielonej Górze;Zielona Góra;Poland;PL;51.93838;15.50504;erasmus_ka2;TUKE;Cooperation partnerships in higher education: Kształcenie w kierunku ekologicznego Przemysłu 4.0 - wzmocnienie potencjału kadr (2021-1-PL01-KA220-HED-000032229);high;https://erasmus-plus.ec.europa.eu/projects/search/details/2021-1-PL01-KA220-HED-000032229
The University of Zielona Góra (Uniwersytet Zielonogorski);Zielona Góra;Poland;PL;51.93838;15.50504;erasmus_eu;EkF, FBERG, FEI, FMMR, FVT, LF, SjF, SvF;"študenti + zamestnanci; Erasmus kód PL ZIELONA01";high;https://erasmus.tuke.sk/partnerske-institucie-v-eu-a-ehp/
The University of Zielona Góra (Uniwersytet Zielonogorski);Zielona Góra;Poland;PL;51.93838;15.50504;ceepus;TUKE;"CEEPUS PL-0701-15-2627: Engineering as Communication Language in Europe; CEEPUS PL-1705-05-2627: INTEGRATION Development, education and practical improvement in the field of mul; CEEPUS PL-2113-01-2627: Excellence in Logistics and Production Management";high;https://www.ceepus.info/nw/0701-2627
The University of Zielona Góra (Uniwersytet Zielonogorski);Zielona Góra;Poland;PL;51.93838;15.50504;bilateral_agreement;FBERG;Všeobecná zmluva o spolupráci;high;https://fberg.tuke.sk/en/academic-institutions
The University of Zielona Góra (Uniwersytet Zielonogorski);Zielona Góra;Poland;PL;51.93838;15.50504;coauthorship;TUKE;31 spoločných publikácií od 2015 (posledná 2026);high;https://openalex.org/works?filter=authorships.institutions.lineage:I183764125,authorships.institutions.lineage:I46305939
Akademia Humanistyczno-Ekonomiczna w Lodzi;Łódź;Poland;PL;51.76873;19.45699;erasmus_ka2;TUKE;Cooperation partnerships in higher education: Digital Art Courses in Higher Education Institutions (2021-1-PL01-KA220-HED-000029379);high;https://erasmus-plus.ec.europa.eu/projects/search/details/2021-1-PL01-KA220-HED-000029379
Uniwersytet Medyczny W Łodzi;Łódź;Poland;PL;51.76873;19.45699;crossborder_project;TUKE;I-CARE-SMART – 2014 - 2020 INTERREG VB Central Europe;high;https://keep.eu/projects/21885/
Łódź University of Technology (Politechnika Łódzka);Łódź;Poland;PL;51.76873;19.45699;erasmus_eu;FEI;"študenti + zamestnanci; Erasmus kód PL LODZ02";high;https://erasmus.tuke.sk/partnerske-institucie-v-eu-a-ehp/
Łódź University of Technology (Politechnika Łódzka);Łódź;Poland;PL;51.76873;19.45699;erasmus_ka2;TUKE;"Cooperation partnerships in vocational education and training: Twin Transition: Empowering European SMEs for the Digital and Green Future (2025-1-SK01-KA220-VET-000352277); Strategic Partnerships for higher education: Recovery the Crisis through Entrepreneurial Attitude (2017-1-PL01-KA203-038438)";high;https://erasmus-plus.ec.europa.eu/projects/search/details/2025-1-SK01-KA220-VET-000352277
Instituto Nacional de Engenharia, Tecnologia e Inovação (INETI);Alfragide;Portugal;PT;38.73183;-9.2157;crossborder_project;TUKE;ENMR – 2000 - 2006 Interreg IIIC North;high;https://keep.eu/projects/268/
Aproximar- Cooperativa De Solidariedade Social, Crl;Amadora;Portugal;PT;38.73019;-9.21202;erasmus_ka2;TUKE;Cooperation partnerships in adult education: Green Transitions: Building the capacity of adult educators to apply Intergenerational Lea (2023-1-SK01-KA220-ADU-000160921);high;https://erasmus-plus.ec.europa.eu/projects/search/details/2023-1-SK01-KA220-ADU-000160921
University of Aveiro (Universidade de Aveiro);Aveiro;Portugal;PT;40.6405;-8.65378;erasmus_eu;FBERG, FEI, FMMR, FVT, SjF, SvF;"študenti + zamestnanci; Erasmus kód P AVEIRO01";high;https://erasmus.tuke.sk/partnerske-institucie-v-eu-a-ehp/
University of Aveiro (Universidade de Aveiro);Aveiro;Portugal;PT;40.6405;-8.65378;coauthorship;TUKE;10 spoločných publikácií od 2015 (posledná 2026);high;https://openalex.org/works?filter=authorships.institutions.lineage:I183764125,authorships.institutions.lineage:I60858718
Polytechnic Institute of Cávado and Ave (Instituto Politécnico do Cávado e do Ave (IPCA));Barcelos;Portugal;PT;41.53145;-8.61923;erasmus_eu;FBERG, FEI, FMMR, FVT, SjF, SvF;"študenti + zamestnanci; Erasmus kód P ARCOZEL01";high;https://erasmus.tuke.sk/partnerske-institucie-v-eu-a-ehp/
Polytechnic Institute of Cávado and Ave (Instituto Politécnico do Cávado e do Ave (IPCA));Barcelos;Portugal;PT;41.53145;-8.61923;coauthorship;TUKE;4 spoločných publikácií od 2015 (posledná 2022);high;https://openalex.org/works?filter=authorships.institutions.lineage:I183764125,authorships.institutions.lineage:I185808892
University of Minho (Universidade do Minho);Braga;Portugal;PT;41.55106;-8.428;erasmus_eu;FBERG, FEI, FMMR, FVT, SjF, SvF;"študenti + zamestnanci; Erasmus kód P BRAGA01";high;https://erasmus.tuke.sk/partnerske-institucie-v-eu-a-ehp/
University of Minho (Universidade do Minho);Braga;Portugal;PT;41.55106;-8.428;research_project_eu;TUKE;1 spoločných projektov: NEWEX;high;https://cordis.europa.eu/project/id/734205
University of Minho (Universidade do Minho);Braga;Portugal;PT;41.55106;-8.428;erasmus_ka2;TUKE;"Strategic Partnerships for higher education: Focusing Education on Composability, Comprehensibility and Correctness of Working Software (2017-1-SK01-KA203-035402); Strategic Partnerships for higher education: Promoting Sustainability as a Fundamental Driver in Software Development Training and Educ (2020-1-PT01-KA203-078646); Strategic Partnerships for higher education: Social Network based doctoral Education on Industry 4.0 (2017-1-SE01-KA203-034524)";high;https://erasmus-plus.ec.europa.eu/projects/search/details/2017-1-SK01-KA203-035402
University of Minho (Universidade do Minho);Braga;Portugal;PT;41.55106;-8.428;coauthorship;TUKE;11 spoločných publikácií od 2015 (posledná 2026);high;https://openalex.org/works?filter=authorships.institutions.lineage:I183764125,authorships.institutions.lineage:I99682543
Nova Id Fct - Associacao Para A Inovacao E Desenvolvimento Da Fct;Caparica;Portugal;PT;38.66099;-9.20609;research_project_eu;TUKE;1 spoločných projektov: MIREU;high;https://cordis.europa.eu/project/id/776811
Polytechnic Institute of Castelo Branco (Instituto Politécnico de Castelo Branco);Castelo Branco;Portugal;PT;39.82663;-7.49193;erasmus_eu;FU;"študenti + zamestnanci; Erasmus kód P CASTELO01";high;https://erasmus.tuke.sk/partnerske-institucie-v-eu-a-ehp/
Associacao Academica De Coimbra-Organismo Autonomo De Futebol Pcup;Coimbra;Portugal;PT;40.21119;-8.42915;research_project_eu;TUKE;1 spoločných projektov: Adapt4EE;high;https://cordis.europa.eu/project/id/288150
Caritas Diocesana De Coimbra;Coimbra;Portugal;PT;40.18577;-8.57856;research_project_eu;TUKE;1 spoločných projektov: LIFEBOTS Exchange;high;https://cordis.europa.eu/project/id/824047
ISA - Intelligent Sensing Anywhere S.A.;Coimbra;Portugal;PT;40.21119;-8.42915;research_project_eu;TUKE;1 spoločných projektov: Adapt4EE;high;https://cordis.europa.eu/project/id/288150
Instituto De Sistemas E Robotica-Associacao;Coimbra;Portugal;PT;40.21098;-8.42921;research_project_eu;TUKE;1 spoločných projektov: LIFEBOTS Exchange;high;https://cordis.europa.eu/project/id/824047
Instituto Pedro Nunes Associacao Para A Inovacao E Desenvolvimento Em Ciencia E Tecnologia;Coimbra;Portugal;PT;40.19319;-8.40881;research_project_eu;TUKE;1 spoločných projektov: LIFEBOTS Exchange;high;https://cordis.europa.eu/project/id/824047
Universidade De Coimbra;Coimbra;Portugal;PT;40.20564;-8.41955;research_project_eu;TUKE;1 spoločných projektov: AI4EU;high;https://cordis.europa.eu/project/id/825619
Universidade De Coimbra;Coimbra;Portugal;PT;40.20564;-8.41955;erasmus_ka2;TUKE;"Strategic Partnerships for higher education: Focusing Education on Composability, Comprehensibility and Correctness of Working Software (2017-1-SK01-KA203-035402); Strategic Partnerships for higher education: Promoting Sustainability as a Fundamental Driver in Software Development Training and Educ (2020-1-PT01-KA203-078646)";high;https://erasmus-plus.ec.europa.eu/projects/search/details/2017-1-SK01-KA203-035402
University of Beira Interior (Universidade da Beira Interior);Covilha;Portugal;PT;40.2804;-7.50419;erasmus_eu;FBERG, FEI, FMMR, FVT, SjF, SvF;"študenti + zamestnanci; Erasmus kód P COVILHA01";high;https://erasmus.tuke.sk/partnerske-institucie-v-eu-a-ehp/
Comissao De Coordenacao E Desenvolvimento Regional Do Alentejo;Evora;Portugal;PT;38.57314;-7.92728;research_project_eu;TUKE;1 spoločných projektov: MIREU;high;https://cordis.europa.eu/project/id/776811
University of Algarve (Universidade do Algarve);Faro;Portugal;PT;37.01629;-7.93518;erasmus_eu;FEI, FMMR, FVT, SjF, SvF;"študenti + zamestnanci; Erasmus kód P FARO02";high;https://erasmus.tuke.sk/partnerske-institucie-v-eu-a-ehp/
University of Algarve (Universidade do Algarve);Faro;Portugal;PT;37.01629;-7.93518;coauthorship;TUKE;3 spoločných publikácií od 2015 (posledná 2022);high;https://openalex.org/works?filter=authorships.institutions.lineage:I183764125,authorships.institutions.lineage:I71503853
Universidade da Madeira;Funchal;Portugal;PT;32.66568;-16.92547;erasmus_eu;TUKE;"Erasmus+ mobilita (nominácie); Erasmus kód P FUNCHAL03";medium;https://erasmus.tuke.sk/vyzvy-na-studentsku-mobilitu/
Universidade da Madeira;Funchal;Portugal;PT;32.66568;-16.92547;coauthorship;TUKE;3 spoločných publikácií od 2015 (posledná 2026);high;https://openalex.org/works?filter=authorships.institutions.lineage:I183764125,authorships.institutions.lineage:I58028834
Instituto Politecnico De Leiria;Leiria;Portugal;PT;39.74379;-8.80711;erasmus_eu;TUKE;"Erasmus+ mobilita (nominácie); Erasmus kód P LEIRIA01";medium;https://erasmus.tuke.sk/vyzvy-na-studentsku-mobilitu/
Centro De Formacao Profissional Para O Comercio E Afins;Lisboa;Portugal;PT;38.72462;-9.145;erasmus_ka2;TUKE;Strategic Partnerships for vocational education and training: Return on Investment of Work Based Learning and apprenticeships (2017-1-SK01-KA202-035375);high;https://erasmus-plus.ec.europa.eu/projects/search/details/2017-1-SK01-KA202-035375
ENSINUS;Lisboa;Portugal;PT;38.70775;-9.13659;erasmus_eu;EkF;"študenti + zamestnanci; Erasmus kód P LISBOA15";high;https://erasmus.tuke.sk/partnerske-institucie-v-eu-a-ehp/
Idmind - Engenharia De Sistemas Lda;Lisboa;Portugal;PT;38.70779;-9.13651;research_project_eu;TUKE;1 spoločných projektov: LIFEBOTS Exchange;high;https://cordis.europa.eu/project/id/824047
Iscte - Instituto Universitario de Lisboa;Lisboa;Portugal;PT;38.74708;-9.15664;erasmus_ka2;TUKE;Cooperation partnerships in higher education: Digital skills and cross-domain entrepreneurship for societal challenges (2021-1-PL01-KA220-HED-000027649);high;https://erasmus-plus.ec.europa.eu/projects/search/details/2021-1-PL01-KA220-HED-000027649
Ist-Id Associacao Do Instituto Superior Tecnico Para A Investigacao E O Desenvolvimento;Lisboa;Portugal;PT;38.73223;-9.13655;research_project_eu;TUKE;2 spoločných projektov: AI4EU, SCORE;high;https://cordis.europa.eu/project/id/825619
Mindshift Talent Advisory lda;Lisboa;Portugal;PT;38.73801;-9.14625;erasmus_ka2;TUKE;Strategic Partnerships for vocational education and training: Stimulating And Validating digital Entrepreneurship as the best way to increasing the qual (2019-1-PL01-KA202-065209);high;https://erasmus-plus.ec.europa.eu/projects/search/details/2019-1-PL01-KA202-065209
Universidade Nova De Lisboa;Lisboa;Portugal;PT;38.73392;-9.15998;erasmus_ka2;TUKE;Capacity Building in higher education: Establishment of Capacity Building Centers as a sustainable solution to raise the standard (573616-EPP-1-2016-1-PL-EPPKA2-CBHE-JP);high;https://erasmus-plus.ec.europa.eu/projects/search/details/573616-EPP-1-2016-1-PL-EPPKA2-CBHE-JP
Universidade Nova De Lisboa;Lisboa;Portugal;PT;38.73392;-9.15998;coauthorship;TUKE;3 spoločných publikácií od 2015 (posledná 2023);high;https://openalex.org/works?filter=authorships.institutions.lineage:I183764125,authorships.institutions.lineage:I83558840
University of Lisbon (Universidade de Lisboa);Lisboa;Portugal;PT;38.70775;-9.13659;erasmus_eu;FEI;"študenti + zamestnanci; Erasmus kód P LISBOA109";high;https://erasmus.tuke.sk/partnerske-institucie-v-eu-a-ehp/
University of Lisbon (Universidade de Lisboa);Lisboa;Portugal;PT;38.70775;-9.13659;erasmus_ka2;TUKE;Cooperation partnerships in higher education: Center of Excellence for Environmental Risk Management (2024-1-SK01-KA220-HED-000243758);high;https://erasmus-plus.ec.europa.eu/projects/search/details/2024-1-SK01-KA220-HED-000243758
University of Lisbon (Universidade de Lisboa);Lisboa;Portugal;PT;38.70775;-9.13659;coauthorship;TUKE;25 spoločných publikácií od 2015 (posledná 2025);high;https://openalex.org/works?filter=authorships.institutions.lineage:I183764125,authorships.institutions.lineage:I141596103
Instituto Politécnico de Lisboa;Lisbon;Portugal;PT;38.71667;-9.13333;coauthorship;TUKE;10 spoločných publikácií od 2015 (posledná 2023);high;https://openalex.org/works?filter=authorships.institutions.lineage:I183764125,authorships.institutions.lineage:I203847022
Instituto Superior Técnico;Lisbon;Portugal;PT;38.70775;-9.13659;research_cooperation;FMMR;Partner FMMR v zahraničí;high;https://fmmr.tuke.sk/wps/portal/fmmr/spolupraca/partneri-v-zahranici
Instituto de Telecomunicações;Lisbon;Portugal;PT;38.716670989990234;-9.133330345153809;coauthorship;TUKE;8 spoločných publikácií od 2015 (posledná 2024);high;https://openalex.org/works?filter=authorships.institutions.lineage:I183764125,authorships.institutions.lineage:I4210120471
Glnplast Sa;Maceira;Portugal;PT;39.68477;-8.88572;research_project_eu;TUKE;1 spoločných projektov: MONSOON;high;https://cordis.europa.eu/project/id/723650
Cenil Centro De Línguas Lda  / Isal;Madeira;Portugal;PT;32.75175;-16.98175;erasmus_eu;TUKE;"Erasmus+ mobilita (nominácie); Erasmus kód P FUNCHAL08";medium;https://erasmus.tuke.sk/vyzvy-na-studentsku-mobilitu/
Associacao Porto Business School (Pbs)- U. Porto;Matosinhos;Portugal;PT;41.18068;-8.6822;erasmus_ka2;TUKE;Forward looking cooperation projects: SELF-REFLECTION TOOLS FOR SMART UNIVERSITIES ACTING REGIONALLY - RE-ACT (612903-EPP-1-2019-1-PT-EPPKA3-PI-FORWARD);high;https://erasmus-plus.ec.europa.eu/projects/search/details/612903-EPP-1-2019-1-PT-EPPKA3-PI-FORWARD
Inova+ - Innovation Services, Sa;Matosinhos;Portugal;PT;41.18207;-8.68908;research_project_eu;TUKE;1 spoločných projektov: SWIM;high;https://cordis.europa.eu/project/id/101215230
Inova+ - Innovation Services, Sa;Matosinhos;Portugal;PT;41.18207;-8.68908;erasmus_ka2;TUKE;Centers of Vocational Excellence: SECOVE - Sustainable Energy Centres of Vocational Excellence (101056201);high;https://erasmus-plus.ec.europa.eu/projects/search/details/101056201
Ieba Centro De Iniciativas Empresariais E Sociais;Mortagua;Portugal;PT;40.39342;-8.24333;erasmus_ka2;TUKE;Strategic Partnerships for vocational education and training: Strategic Partnership for Occupational Safety and Health (2015-1-PL01-KA202-016625);high;https://erasmus-plus.ec.europa.eu/projects/search/details/2015-1-PL01-KA202-016625
Municipio De Oeiras;Oeiras;Portugal;PT;38.6925;-9.31592;research_project_eu;TUKE;1 spoločných projektov: SCORE;high;https://cordis.europa.eu/project/id/101003534
Universidade Dos Acores;Ponta Delgada S Miguel Acores;Portugal;PT;37.7425;-25.65526;erasmus_eu;TUKE;"Erasmus+ mobilita (nominácie); Erasmus kód P ACORES01";medium;https://erasmus.tuke.sk/vyzvy-na-studentsku-mobilitu/
Omegaflow - Solucoes De Engenharia Lda;Porto;Portugal;PT;41.15022;-8.61035;erasmus_ka2;TUKE;Centers of Vocational Excellence: SECOVE - Sustainable Energy Centres of Vocational Excellence (101056201);high;https://erasmus-plus.ec.europa.eu/projects/search/details/101056201
Polytechnic Institute of Porto;Porto;Portugal;PT;41.1485;-8.61097;coauthorship;TUKE;5 spoločných publikácií od 2015 (posledná 2026);high;https://openalex.org/works?filter=authorships.institutions.lineage:I183764125,authorships.institutions.lineage:I83863532
Polytechnic University of Porto (Instituto Politécnico do Porto);Porto;Portugal;PT;41.15022;-8.61035;erasmus_eu;FBERG, FEI, FMMR, FVT, LF, SjF, SvF;"študenti + zamestnanci; Erasmus kód P PORTO05";high;https://erasmus.tuke.sk/partnerske-institucie-v-eu-a-ehp/
Polytechnic University of Porto (Instituto Politécnico do Porto);Porto;Portugal;PT;41.15022;-8.61035;erasmus_ka2;TUKE;Centers of Vocational Excellence: SECOVE - Sustainable Energy Centres of Vocational Excellence (101056201);high;https://erasmus-plus.ec.europa.eu/projects/search/details/101056201
Universidade Lusófona do Porto;Porto;Portugal;PT;41.15022;-8.61035;erasmus_eu;EkF;"študenti + zamestnanci; Erasmus kód P LISBOA52";high;https://erasmus.tuke.sk/partnerske-institucie-v-eu-a-ehp/
Universidade Portucalense Infante D. Henrique (Universidade Portucalense Infante D. Henrique);Porto;Portugal;PT;41.15022;-8.61035;erasmus_eu;EkF, FBERG, FEI, FMMR, FVT, SjF, SvF;"študenti + zamestnanci; Erasmus kód P PORTO07";high;https://erasmus.tuke.sk/partnerske-institucie-v-eu-a-ehp/
University of Porto (Universidade do Porto);Porto;Portugal;PT;41.15022;-8.61035;erasmus_eu;EkF;"študenti; Erasmus kód P PORTO02";high;https://erasmus.tuke.sk/partnerske-institucie-v-eu-a-ehp/
University of Porto (Universidade do Porto);Porto;Portugal;PT;41.15022;-8.61035;erasmus_ka2;TUKE;Strategic Partnerships for higher education: Construction Safety with Education and Training using Immersive Reality (2019-1-SK01-KA203-060778);high;https://erasmus-plus.ec.europa.eu/projects/search/details/2019-1-SK01-KA203-060778
University of Porto (Universidade do Porto);Porto;Portugal;PT;41.15022;-8.61035;coauthorship;TUKE;6 spoločných publikácií od 2015 (posledná 2026);high;https://openalex.org/works?filter=authorships.institutions.lineage:I183764125,authorships.institutions.lineage:I182534213
Rosto Solidario - Associacao De Desenvolvimento Social E Humano;Santa Maria Da Feira;Portugal;PT;40.92542;-8.54267;erasmus_ka2;TUKE;Strategic Partnerships addressing more than one field: HECOS FOR ETHICS – Higher Education and CompanieS FOsteRing ETHICal Skills (2014-1-IT01-KA200-002484);high;https://erasmus-plus.ec.europa.eu/projects/search/details/2014-1-IT01-KA200-002484
Polytechnic Institute of Santarém (Instituto Politécnico de Santarém);Santarém;Portugal;PT;39.23636;-8.68671;erasmus_eu;FBERG;"študenti; Erasmus kód P SANTARE01";high;https://erasmus.tuke.sk/partnerske-institucie-v-eu-a-ehp/
Polytechnic Institute of Santarém (Instituto Politécnico de Santarém);Santarém;Portugal;PT;39.23636;-8.68671;erasmus_ka2;TUKE;Partnerships for Digital Education Readiness: Digital Area for Networking Teachers and Educators (2020-1-CZ01-KA226-HE-094368);high;https://erasmus-plus.ec.europa.eu/projects/search/details/2020-1-CZ01-KA226-HE-094368
Polytechnic Institute of Santarém (Instituto Politécnico de Santarém);Santarém;Portugal;PT;39.23636;-8.68671;coauthorship;TUKE;3 spoločných publikácií od 2015 (posledná 2023);high;https://openalex.org/works?filter=authorships.institutions.lineage:I183764125,authorships.institutions.lineage:I4210114793
Centro Tecnologico De Calcado De Portugal;Sao Joao Da Madeira;Portugal;PT;40.90208;-8.48964;erasmus_ka2;TUKE;Strategic Partnerships for vocational education and training: Art & Creative Craft Enterprises for Successful Streaming of 3D Printing (2020-1-FR01-KA202-080183);high;https://erasmus-plus.ec.europa.eu/projects/search/details/2020-1-FR01-KA202-080183
Energaia - Agencia De Energia Do Sul Da Rea Metropolitana Do Porto;Vila Nova Gaia;Portugal;PT;41.12923;-8.60574;erasmus_ka2;TUKE;Centers of Vocational Excellence: SECOVE - Sustainable Energy Centres of Vocational Excellence (101056201);high;https://erasmus-plus.ec.europa.eu/projects/search/details/101056201
1 Decembrie 1918 University of Alba Iulia (Universitatea „1 decembrie 1918” din Alba Iulia);Alba Iulia;Romania;RO;46.06828;23.56648;erasmus_eu;LF;"študenti + zamestnanci; Erasmus kód RO ALBAIU01";high;https://erasmus.tuke.sk/partnerske-institucie-v-eu-a-ehp/
Municipiul Alba Iulia;Alba Iulia;Romania;RO;46.06828;23.56648;crossborder_project;TUKE;#RomansWineDanube – 2021 - 2027 Interreg VI-B Danube;high;https://keep.eu/projects/29476/
Vasile Goldis Western University of Arad;Arad;Romania;RO;46.18333;21.31667;coauthorship;TUKE;3 spoločných publikácií od 2015 (posledná 2022);high;https://openalex.org/works?filter=authorships.institutions.lineage:I183764125,authorships.institutions.lineage:I4210106141
“Aurel Vlaicu” University Of Arad;Arad, Arad county;Romania;RO;46.17717;21.31239;ceepus;TUKE;CEEPUS RS-1511-07-2627: Research and Development of New Technologies for Innovative Product Development;high;https://www.ceepus.info/nw/1511-2627
Asociatiei Agentia De Management Energetic Maramures;Baia Mare;Romania;RO;47.65656;23.57198;research_project_eu;TUKE;1 spoločných projektov: MIREU;high;https://cordis.europa.eu/project/id/776811
Maramureş County Council;Baia Mare;Romania;RO;47.65656;23.57198;crossborder_project;TUKE;DIKEINSPECT – 2014 - 2020 Hungary - Slovakia - Romania - Ukraine ENI CBC;high;https://keep.eu/projects/25883/
North University Centre of Baia Mare;Baia Mare;Romania;RO;47.65656;23.57198;crossborder_project;TUKE;"NET4SENERGY – 2014 - 2020 Hungary - Slovakia - Romania - Ukraine ENI CBC; EnyMSW – 2014 - 2020 Hungary - Slovakia - Romania - Ukraine ENI CBC";high;https://keep.eu/projects/22828/
Universitatea Tehnică din Cluj-Napoca;Baia Mare;Romania;RO;47.65656;23.57198;crossborder_project;TUKE;"HUSKROUA/1101/194 – 2007 - 2013 Hungary-Slovakia-Romania-Ukraine ENPI CBC; CI-Hub – 2021 - 2027 Interreg VI-B Danube";high;https://keep.eu/projects/23951/
Liceul Tehnologic Cezar Nicolau;Branesti;Romania;RO;44.65791;23.46633;erasmus_ka2;TUKE;Cooperation partnerships in vocational education and training: ROBO STEAM ACADEMY (2024-1-BG01-KA220-VET-000256580);high;https://erasmus-plus.ec.europa.eu/projects/search/details/2024-1-BG01-KA220-VET-000256580
Agenția pentru Managementul Energiei și Protecția Mediului Brașov;Brasov;Romania;RO;45.65251;25.61057;crossborder_project;TUKE;DECA – 2021 - 2027 Interreg VI-B Danube;high;https://keep.eu/projects/29493/
Transylvania University of Brașov;Brasov;Romania;RO;45.64860916137695;25.606130599975586;coauthorship;TUKE;9 spoločných publikácií od 2015 (posledná 2025);high;https://openalex.org/works?filter=authorships.institutions.lineage:I183764125,authorships.institutions.lineage:I3123573182
Universitatea Transilvania Din Brasov;Brasov;Romania;RO;45.6453;25.58932;erasmus_ka2;TUKE;Strategic Partnerships for higher education: Politiche Abitative per l'Edilizia Sostenibile (2015-1-IT02-KA203-014974);high;https://erasmus-plus.ec.europa.eu/projects/search/details/2015-1-IT02-KA203-014974
“Transilvania” University Of Brasov;Brasov, Brasov county;Romania;RO;45.64224;25.58891;ceepus;TUKE;"CEEPUS PL-0033-22-2627: Development of mechanical engineering (design, technology and production managem; CEEPUS SK-0067-22-2627: Future Skills for Digitalized Production and Education; CEEPUS RS-0304-19-2627: Technical Characteristics Researching of Modern Products in Machine Industry wit; CEEPUS PL-0901-13-2627: Teaching and research in advanced manufacturing; CEEPUS RS-1012-12-2627: Building Knowledge and Experience Exchange in CFD; CEEPUS BG-1103-11-2627: Modelling, Simulation and Computer-aided Design in Engineering and Management (+3)";high;https://www.ceepus.info/nw/0033-2627
Asociatia Clusterelor din Romania;Bucharest;Romania;RO;44.43614;26.10268;crossborder_project;TUKE;Plan-C – 2021 - 2027 Interreg VI-B Danube;high;https://keep.eu/projects/29907/
Asociatia Natura 5;Bucharest;Romania;RO;44.96116;25.8968;research_project_eu;TUKE;1 spoločných projektov: SWIM;high;https://cordis.europa.eu/project/id/101215230
Asociatia Tech Lounge;Bucharest;Romania;RO;44.44405;26.05371;erasmus_ka2;TUKE;Strategic Partnerships for higher education: Setting the trends in IoT education (2016-1-RO01-KA203-024721);high;https://erasmus-plus.ec.europa.eu/projects/search/details/2016-1-RO01-KA203-024721
Bucharest University Of Economic Studies;Bucharest;Romania;RO;44.43614;26.10268;ceepus;TUKE;CEEPUS MK-1301-09-2627: CESEENet - Central, East and South-East European PhD Network in Management and E;high;https://www.ceepus.info/nw/1301-2627
DTN - Ministry of Transport - General Directorate for Naval Transport;Bucharest;Romania;RO;44.43614;26.10268;crossborder_project;TUKE;NELI – 2007 - 2013 South East Europe;high;https://keep.eu/projects/602/
Emil Racovita Institute of Speleology;Bucharest;Romania;RO;44.43225;26.10626;coauthorship;TUKE;4 spoločných publikácií od 2015 (posledná 2026);high;https://openalex.org/works?filter=authorships.institutions.lineage:I183764125,authorships.institutions.lineage:I4210147577
National University Of Science And Technology Politehnica Bucharest;Bucharest;Romania;RO;44.43614;26.10268;ceepus;TUKE;"CEEPUS RO-0013-22-2627: Teaching and Research of Environment-oriented Technologies in Manufacturing; CEEPUS SK-0030-22-2627: Internationalisation and development of joint activities in the field of smart f; CEEPUS RO-0202-20-2627: Enhancing the use of blended e-learning as an internationalization tool in the f; CEEPUS RS-0304-19-2627: Technical Characteristics Researching of Modern Products in Machine Industry wit; CEEPUS BG-0703-15-2627: Modern Trends in Education and Research on Mechanical Systems - Bridging Reliabi; CEEPUS PL-0901-13-2627: Teaching and research in advanced manufacturing (+3)";high;https://www.ceepus.info/nw/0013-2627
Romanian Academy;Bucharest;Romania;RO;44.43225;26.10626;coauthorship;TUKE;10 spoločných publikácií od 2015 (posledná 2024);high;https://openalex.org/works?filter=authorships.institutions.lineage:I183764125,authorships.institutions.lineage:I58077936
Sc Romtrans S.A.;Bucharest;Romania;RO;44.43614;26.10268;crossborder_project;TUKE;FLAVIA – 2007 - 2013 Central Europe;high;https://keep.eu/projects/5488/
Technical University Of Civil Engineering Bucharest;Bucharest;Romania;RO;44.43614;26.10268;ceepus;TUKE;CEEPUS HU-0028-20-2627: Active Methods in Teaching and Learning Mathematics, Informatics and their Appli;high;https://www.ceepus.info/nw/0028-2627
Unitatea Executiva pentru Finantarea Invatamantului Superior, a Cercetarii, Dezvoltarii si Inovarii;Bucharest;Romania;RO;44.43614;26.10268;erasmus_ka2;TUKE;Cooperation partnerships in higher education: M100Academy: Interdisciplinary Training for Climate-Neutral Cities (2025-1-RO01-KA220-HED-000360687);high;https://erasmus-plus.ec.europa.eu/projects/search/details/2025-1-RO01-KA220-HED-000360687
Unitatea Executiva pentru Finantarea Invatamantului Superior, a Cercetarii, Dezvoltarii si Inovarii;Bucharest;Romania;RO;44.43614;26.10268;crossborder_project;TUKE;"DTP1-260-1.1; InnoHPC – 2014 - 2020 INTERREG VB Danube; DTP2-076-1.1KnowING IPR – 2014 - 2020 INTERREG VB Danube; IaaS 4 DR – 2021 - 2027 Interreg VI-B Danube";high;https://keep.eu/projects/18508/
Universitatea Națională de Știință și Tehnologie POLITEHNICA București;Bucharest;Romania;RO;44.4322509765625;26.106260299682617;crossborder_project;TUKE;Culinary Trail – 2021 - 2027 Interreg VI-B Danube;high;https://keep.eu/projects/29507/
Universitatea Națională de Știință și Tehnologie POLITEHNICA București;Bucharest;Romania;RO;44.4322509765625;26.106260299682617;coauthorship;TUKE;6 spoločných publikácií od 2015 (posledná 2020);high;https://openalex.org/works?filter=authorships.institutions.lineage:I183764125,authorships.institutions.lineage:I61641377
Universitatea Politehnica Din Bucuresti;Bucharest;Romania;RO;44.44405;26.05371;erasmus_ka2;TUKE;"Strategic Partnerships for higher education: Innovative Student-Centred Learning Practices fuelled with ITC-tools and university – indu (2017-1-RO01-KA203-037145); Strategic Partnerships for vocational education and training: Network of IcT Robo Clubs (2020-1-BG01-KA202-079200); Capacity Building in higher education: Reinforce entrepreneurial and digital skills of students and teachers to enhance the moder (585353-EPP-1-2017-1-RO-EPPKA2-CBHE-JP); Strategic Partnerships for higher education: Setting the trends in IoT education (2016-1-RO01-KA203-024721); Strategic Partnerships for vocational education and training: Robotika pre učiteľov stredných odborných škôl (2015-1-SK01-KA202-008970)";high;https://erasmus-plus.ec.europa.eu/projects/search/details/2017-1-RO01-KA203-037145
Universitatea din București;Bucharest;Romania;RO;44.43614;26.10268;crossborder_project;TUKE;Danube GeoTour Plus – 2021 - 2027 Interreg VI-B Danube;high;https://keep.eu/projects/29510/
University of Bucharest;Bucharest;Romania;RO;44.43225;26.10626;coauthorship;TUKE;18 spoločných publikácií od 2015 (posledná 2026);high;https://openalex.org/works?filter=authorships.institutions.lineage:I183764125,authorships.institutions.lineage:I141595442
Institutul National De Cercetare-Dezvoltare Turbomotoare - Comoti;Bucharest 6;Romania;RO;44.43614;26.10272;research_project_eu;TUKE;1 spoločných projektov: ESPOSA;high;https://cordis.europa.eu/project/id/284859
Helixconnect Europe S.R.L;Bucovat (Timis);Romania;RO;45.75536;21.38142;erasmus_ka2;TUKE;Cooperation partnerships in higher education: Digital Community Engagement Accelerator for student learning and socio-economic impact (2022-1-SK01-KA220-HED-000087668);high;https://erasmus-plus.ec.europa.eu/projects/search/details/2022-1-SK01-KA220-HED-000087668
Agentia Nationala pentru Pescuit si Acvacultura;Bucuresti;Romania;RO;44.43614;26.10272;research_project_eu;TUKE;1 spoločných projektov: SWIM;high;https://cordis.europa.eu/project/id/101215230
Agentia Universitara A Francofoniei;Bucuresti;Romania;RO;44.43387;26.08955;erasmus_ka2;TUKE;"Strategic Partnerships for higher education: Innovative Student-Centred Learning Practices fuelled with ITC-tools and university – indu (2017-1-RO01-KA203-037145); Capacity Building in higher education: Reinforce entrepreneurial and digital skills of students and teachers to enhance the moder (585353-EPP-1-2017-1-RO-EPPKA2-CBHE-JP)";high;https://erasmus-plus.ec.europa.eu/projects/search/details/2017-1-RO01-KA203-037145
Asociatia Nationala a Bibliotecarilor si Bibliotecilor Publice din Romania;Bucuresti;Romania;RO;44.44033;26.10305;erasmus_ka2;TUKE;"Cooperation partnerships in vocational education and training: ROBO STEAM ACADEMY (2024-1-BG01-KA220-VET-000256580); Strategic Partnerships for vocational education and training: Network of IcT Robo Clubs (2020-1-BG01-KA202-079200)";high;https://erasmus-plus.ec.europa.eu/projects/search/details/2024-1-BG01-KA220-VET-000256580
Asociatia Wwf Romania;Bucuresti;Romania;RO;44.41948;26.07673;research_project_eu;TUKE;1 spoločných projektov: SWIM;high;https://cordis.europa.eu/project/id/101215230
Geostud Srl;Bucuresti;Romania;RO;44.50829;26.0669;research_project_eu;TUKE;1 spoločných projektov: SWIM;high;https://cordis.europa.eu/project/id/101215230
"Institutul National De Cercetare-Dezvoltare Aerospatiala """"Elie Carafoli""""- Incas Bucuresti""""";Bucuresti;Romania;RO;44.43394;26.00343;research_project_eu;TUKE;1 spoločných projektov: ATM-EXCITE;high;https://cordis.europa.eu/project/id/101167361
Institutul National De Cercetare-Dezvoltare Pentru Protectia Muncii Alexandru Darabont;Bucuresti;Romania;RO;44.43614;26.10268;research_project_eu;TUKE;1 spoločných projektov: INTEG-RISK;high;https://cordis.europa.eu/project/id/213345
Institutul National De Cercetari Aerospatiale Elie Carafoli - I.N.C.A.S. Sa;Bucuresti;Romania;RO;44.43614;26.10272;research_project_eu;TUKE;1 spoločných projektov: ESPOSA;high;https://cordis.europa.eu/project/id/284859
Institutul National De Hidrologie Si Gospodarire A Apelor;Bucuresti;Romania;RO;44.51246;26.08033;research_project_eu;TUKE;1 spoločných projektov: SWIM;high;https://cordis.europa.eu/project/id/101215230
Ministerul Mediului, Apelor Si Padurilor;Bucuresti;Romania;RO;44.42417;26.09117;research_project_eu;TUKE;1 spoločných projektov: SWIM;high;https://cordis.europa.eu/project/id/101215230
Universitatea Tehnica De Constructii Bucuresti;Bucuresti;Romania;RO;44.46356;26.124;erasmus_ka2;TUKE;Cooperation partnerships in higher education: M100Academy: Interdisciplinary Training for Climate-Neutral Cities (2025-1-RO01-KA220-HED-000360687);high;https://erasmus-plus.ec.europa.eu/projects/search/details/2025-1-RO01-KA220-HED-000360687
Universitatea “POLITEHNICA” din Bucuresti – Centrul de Cercetare, Proiectare si Consulting in Transporturi (UPB-CCPCT);Bucuresti;Romania;RO;44.43614;26.10268;crossborder_project;TUKE;FLAVIA – 2007 - 2013 Central Europe;high;https://keep.eu/projects/5488/
URBASOFIA, Town and regional planning company;Bucureşti;Romania;RO;44.43614;26.10268;crossborder_project;TUKE;DTP1-270-4.1 ATTRACTIVE DANUBE – 2014 - 2020 INTERREG VB Danube;high;https://keep.eu/projects/18507/
Muzeul National de Istorie a Romaniei;Bukarest;Romania;RO;44.43614;26.10268;crossborder_project;TUKE;Danube´s Archaeological eLandscapes – 2014 - 2020 INTERREG VB Danube;high;https://keep.eu/projects/25310/
"""SAPIENTIA"" UNIVERSITY of CLUJ NAPOCA";Cluj Napoca;Romania;RO;46.76938;23.58995;ceepus;TUKE;"CEEPUS HU-0019-22-2627: International Cooperation in Computer Science; CEEPUS RO-0202-20-2627: Enhancing the use of blended e-learning as an internationalization tool in the f";high;https://www.ceepus.info/nw/0019-2627
Babeș-Bolyai University;Cluj-Napoca;Romania;RO;46.76667022705078;23.600000381469727;coauthorship;TUKE;5 spoločných publikácií od 2015 (posledná 2024);high;https://openalex.org/works?filter=authorships.institutions.lineage:I183764125,authorships.institutions.lineage:I3125347698
Technical University of Cluj-Napoca;Cluj-Napoca;Romania;RO;46.76938;23.58995;erasmus_eu;FEI;"študenti; Erasmus kód RO CLUJNAP05";high;https://erasmus.tuke.sk/partnerske-institucie-v-eu-a-ehp/
Technical University of Cluj-Napoca;Cluj-Napoca;Romania;RO;46.76938;23.58995;ceepus;TUKE;"CEEPUS PL-0007-22-2627: Metronet - network for modern measuring and manufacturing technologies; CEEPUS RO-0013-22-2627: Teaching and Research of Environment-oriented Technologies in Manufacturing; CEEPUS HU-0028-20-2627: Active Methods in Teaching and Learning Mathematics, Informatics and their Appli; CEEPUS SK-0030-22-2627: Internationalisation and development of joint activities in the field of smart f; CEEPUS PL-0033-22-2627: Development of mechanical engineering (design, technology and production managem; CEEPUS RO-0058-19-2627: DESIGN, IMPLEMENTATION AND USE OF JOINT PROGRAMS ON  ARTIFICIAL INTELIGENCE, QUA (+11)";high;https://www.ceepus.info/nw/0007-2627
Technical University of Cluj-Napoca;Cluj-Napoca;Romania;RO;46.76938;23.58995;erasmus_ka2;TUKE;Cooperation partnerships in higher education: Support of higher education system in a context of climate change mitigation through regio (2021-1-SK01-KA220-HED-000023274);high;https://erasmus-plus.ec.europa.eu/projects/search/details/2021-1-SK01-KA220-HED-000023274
Technical University of Cluj-Napoca;Cluj-Napoca;Romania;RO;46.76938;23.58995;bilateral_agreement;FVT;Zmluvná spolupráca na úrovni fakulty (Faculty of Engineering);high;https://fvt.tuke.sk/en/international-cooperation
Technical University of Cluj-Napoca;Cluj-Napoca;Romania;RO;46.76938;23.58995;coauthorship;TUKE;33 spoločných publikácií od 2015 (posledná 2025);high;https://openalex.org/works?filter=authorships.institutions.lineage:I183764125,authorships.institutions.lineage:I158333966
Universitatea Babes Bolyai;Cluj-Napoca;Romania;RO;46.76751;23.59185;erasmus_eu;TUKE;"Erasmus+ mobilita (nominácie); Erasmus kód RO CLUJNAP01";medium;https://erasmus.tuke.sk/vyzvy-na-studentsku-mobilitu/
Universitatea Babes Bolyai;Cluj-Napoca;Romania;RO;46.76751;23.59185;erasmus_ka2;TUKE;"Strategic Partnerships for higher education: Focusing Education on Composability, Comprehensibility and Correctness of Working Software (2017-1-SK01-KA203-035402); Cooperation partnerships in higher education: M100Academy: Interdisciplinary Training for Climate-Neutral Cities (2025-1-RO01-KA220-HED-000360687); Cooperation partnerships in higher education: Center of Excellence for Environmental Risk Management (2024-1-SK01-KA220-HED-000243758); Strategic Partnerships for higher education: Promoting Sustainability as a Fundamental Driver in Software Development Training and Educ (2020-1-PT01-KA203-078646); Forward looking cooperation projects: SELF-REFLECTION TOOLS FOR SMART UNIVERSITIES ACTING REGIONALLY - RE-ACT (612903-EPP-1-2019-1-PT-EPPKA3-PI-FORWARD)";high;https://erasmus-plus.ec.europa.eu/projects/search/details/2017-1-SK01-KA203-035402
Babes-Bolyai University Of Cluj-Napoca;Cluj-Napoca, Cluj county;Romania;RO;46.77106;23.59901;ceepus;TUKE;"CEEPUS HU-0019-22-2627: International Cooperation in Computer Science; CEEPUS HU-0028-20-2627: Active Methods in Teaching and Learning Mathematics, Informatics and their Appli; CEEPUS RS-0038-22-2627: Fundamental and Applied Geological Science and Education to Drive Progress in Ce; CEEPUS CZ-0911-12-2627: Managerial Processes in International Environment; CEEPUS MK-1301-09-2627: CESEENet - Central, East and South-East European PhD Network in Management and E; CEEPUS BA-1402-08-2627 (Umbrella): New teaching technologies and new applications in modernization of teaching at t (+1)";high;https://www.ceepus.info/nw/0019-2627
APC - National Company Maritime Port Administration;Constanta;Romania;RO;44.17672;28.65076;crossborder_project;TUKE;NELI – 2007 - 2013 South East Europe;high;https://keep.eu/projects/602/
CER - CERONAV - Romanian Maritime Training Centre;Constanta;Romania;RO;44.17672;28.65076;crossborder_project;TUKE;NELI – 2007 - 2013 South East Europe;high;https://keep.eu/projects/602/
"""Ovidius"" University Of Constanta";Constanta, Constanta county;Romania;RO;44.18596;28.64268;ceepus;TUKE;CEEPUS PL-0701-15-2627: Engineering as Communication Language in Europe;high;https://www.ceepus.info/nw/0701-2627
Constanta Maritime University;Constanta, Constanta county;Romania;RO;44.18596;28.64268;ceepus;TUKE;CEEPUS RS-1011-12-2627: Fostering sustainable partnership between academia and industry in improving app;high;https://www.ceepus.info/nw/1011-2627
RNA - Romanian Naval Authority;Constanţa;Romania;RO;44.17672;28.65076;crossborder_project;TUKE;NELI – 2007 - 2013 South East Europe;high;https://keep.eu/projects/602/
Asociatia Romana pentru Transfer Tehnologic si Inovare;Craiova;Romania;RO;44.31902;23.79656;crossborder_project;TUKE;Culinary Trail – 2021 - 2027 Interreg VI-B Danube;high;https://keep.eu/projects/29507/
IMST - University of Craiova, Faculty of Engeneering and Management of Technological Systems;Craiova;Romania;RO;44.31902;23.79656;crossborder_project;TUKE;NELI – 2007 - 2013 South East Europe;high;https://keep.eu/projects/602/
University of Craiova;Craiova;Romania;RO;44.31666946411133;23.799999237060547;coauthorship;TUKE;5 spoločných publikácií od 2015 (posledná 2022);high;https://openalex.org/works?filter=authorships.institutions.lineage:I183764125,authorships.institutions.lineage:I97553796
Colegiul National Unirea, Focsani,;Focsani;Romania;RO;45.69727;27.18569;erasmus_ka2;TUKE;Strategic Partnerships for higher education: Setting the trends in IoT education (2016-1-RO01-KA203-024721);high;https://erasmus-plus.ec.europa.eu/projects/search/details/2016-1-RO01-KA203-024721
„Dunarea De Jos” University Of Galati;Galați;Romania;RO;45.43382;28.05494;ceepus;TUKE;"CEEPUS PL-0033-22-2627: Development of mechanical engineering (design, technology and production managem; CEEPUS BG-0703-15-2627: Modern Trends in Education and Research on Mechanical Systems - Bridging Reliabi";high;https://www.ceepus.info/nw/0033-2627
„Dunarea De Jos” University Of Galati;Galați;Romania;RO;45.43382;28.05494;bilateral_agreement;TUKE;General Agreement of cultural and scientific collaboration General Agreement of cultural and scientific collab (2018);high;https://www.crz.gov.sk/3281926/
Alexandru Ioan Cuza University of Iași (Universitatea Alexandru Ioan Cuza);Iasi;Romania;RO;47.16156;27.58378;erasmus_eu;FBERG, SvF, TUKE;"študenti + zamestnanci; Erasmus kód RO IASI02";high;https://erasmus.tuke.sk/partnerske-institucie-v-eu-a-ehp/
Alexandru Ioan Cuza University of Iași (Universitatea Alexandru Ioan Cuza);Iasi;Romania;RO;47.16156;27.58378;ceepus;TUKE;CEEPUS RS-0038-22-2627: Fundamental and Applied Geological Science and Education to Drive Progress in Ce;high;https://www.ceepus.info/nw/0038-2627
"Institutul de Chimie Macromoleculara “Petru Poni""";Iasi;Romania;RO;47.16156;27.58378;crossborder_project;TUKE;Plan-C – 2021 - 2027 Interreg VI-B Danube;high;https://keep.eu/projects/29907/
Unitatea Administrativ Teritorială Municipiul Iași;Iasi;Romania;RO;47.16156;27.58378;crossborder_project;TUKE;ORGANZA – 2007 - 2013 Interreg IVC;high;https://keep.eu/projects/505/
Universitatea Tehnica Gheorghe Asachi Din Iasi;Iasi;Romania;RO;47.16156;27.58378;erasmus_ka2;TUKE;Strategic Partnerships for higher education: Politiche Abitative per l'Edilizia Sostenibile (2015-1-IT02-KA203-014974);high;https://erasmus-plus.ec.europa.eu/projects/search/details/2015-1-IT02-KA203-014974
Universitatea Tehnica Gheorghe Asachi Din Iasi;Iasi;Romania;RO;47.16156;27.58378;crossborder_project;TUKE;ORGANZA – 2007 - 2013 Interreg IVC;high;https://keep.eu/projects/505/
“Gheorghe Asachi” Technical University Of Iasi;Iasi, Iasi county;Romania;RO;47.16667175292969;27.600000381469727;ceepus;TUKE;"CEEPUS BG-0703-15-2627: Modern Trends in Education and Research on Mechanical Systems - Bridging Reliabi; CEEPUS RS-1012-12-2627: Building Knowledge and Experience Exchange in CFD";high;https://www.ceepus.info/nw/0703-2627
“Gheorghe Asachi” Technical University Of Iasi;Iasi, Iasi county;Romania;RO;47.16667175292969;27.600000381469727;coauthorship;TUKE;4 spoločných publikácií od 2015 (posledná 2018);high;https://openalex.org/works?filter=authorships.institutions.lineage:I183764125,authorships.institutions.lineage:I4210108695
Alexandru Ioan Cuza University;Iași;Romania;RO;47.16667;27.6;coauthorship;TUKE;9 spoločných publikácií od 2015 (posledná 2025);high;https://openalex.org/works?filter=authorships.institutions.lineage:I183764125,authorships.institutions.lineage:I138164181
Colegiul Mihai Viteazul Ineu;Ineu;Romania;RO;46.42807;21.84004;erasmus_ka2;TUKE;Centers of Vocational Excellence: VET5.0 - Transforming Vocational Education Through Advancing Learner-Centricity, Education (101260541);high;https://erasmus-plus.ec.europa.eu/projects/search/details/101260541
Horia Hulubei National Institute for R and D in Physics and Nuclear Engineering;Măgurele;Romania;RO;44.35;26.03333;coauthorship;TUKE;7 spoločných publikácií od 2015 (posledná 2026);high;https://openalex.org/works?filter=authorships.institutions.lineage:I183764125,authorships.institutions.lineage:I4210092312
Centrul European pentru Integrare Socioprofesionala ACTA;Oradea;Romania;RO;47.05492;21.92852;crossborder_project;TUKE;DTP2-021-1.2 InnoSchool – 2014 - 2020 INTERREG VB Danube;high;https://keep.eu/projects/19502/
Centrul Județean De Resurse Și Asistență Educațională Bihor;Oradea;Romania;RO;47.05492;21.92852;crossborder_project;TUKE;DTP2-021-1.2 InnoSchool – 2014 - 2020 INTERREG VB Danube;high;https://keep.eu/projects/19502/
Partium Christian University (Universitatea Crestina Partium);Oradea;Romania;RO;47.05492;21.92852;erasmus_eu;EkF, FBERG, FEI, FU;"študenti + zamestnanci; Erasmus kód RO ORADEA02";high;https://erasmus.tuke.sk/partnerske-institucie-v-eu-a-ehp/
University of Oradea (Universitatea din Oradea);Oradea;Romania;RO;47.05492;21.92852;erasmus_eu;EkF, FBERG, FEI, FVT, TUKE;"študenti + zamestnanci; Erasmus kód RO ORADEA01";high;https://erasmus.tuke.sk/partnerske-institucie-v-eu-a-ehp/
University of Oradea (Universitatea din Oradea);Oradea;Romania;RO;47.05492;21.92852;ceepus;TUKE;"CEEPUS SK-0044-21-2627: Applied Economics and Management; CEEPUS CZ-1901-03-2627 (Umbrella): Teaching and Research in Sustainable Materials, Technologies and Circular Econom";high;https://www.ceepus.info/nw/0044-2627
University of Oradea (Universitatea din Oradea);Oradea;Romania;RO;47.05492;21.92852;erasmus_ka2;TUKE;"Strategic Partnerships for higher education: Education of Future ICT Experts Based on Smart Society Needs (2019-1-SK01-KA203-060789); Strategic Partnerships for higher education: The ICT Engineer of the 21st Century: Mastering Technical Competencies, Management Skills, (2017-1-HR01-KA203-035408); Strategic Partnerships for higher education: Innovative ICT Solutions for the Societal Challenges (2015-1-HR01-KA203-013124)";high;https://erasmus-plus.ec.europa.eu/projects/search/details/2019-1-SK01-KA203-060789
University of Oradea (Universitatea din Oradea);Oradea;Romania;RO;47.05492;21.92852;coauthorship;TUKE;8 spoločných publikácií od 2015 (posledná 2023);high;https://openalex.org/works?filter=authorships.institutions.lineage:I183764125,authorships.institutions.lineage:I162871001
S.C.Avantera S.R.L.;Otopeni,;Romania;RO;44.54676;26.06923;erasmus_ka2;TUKE;Strategic Partnerships for higher education: Innovative Student-Centred Learning Practices fuelled with ITC-tools and university – indu (2017-1-RO01-KA203-037145);high;https://erasmus-plus.ec.europa.eu/projects/search/details/2017-1-RO01-KA203-037145
Agentia pentru Dezvoltare Regionala Nord-Est;Piatra Neamt;Romania;RO;46.93199;26.3695;crossborder_project;TUKE;IaaS 4 DR – 2021 - 2027 Interreg VI-B Danube;high;https://keep.eu/projects/29484/
Canary Technology Innovations Srl;Ploiesti;Romania;RO;44.94175;26.02365;research_project_eu;TUKE;1 spoločných projektov: LIFEBOTS Exchange;high;https://cordis.europa.eu/project/id/824047
Compexin Sa;Ploiesti;Romania;RO;44.94175;26.02365;research_project_eu;TUKE;1 spoločných projektov: LIFEBOTS Exchange;high;https://cordis.europa.eu/project/id/824047
Petroleum-Gas University Of Ploiesti;Ploiesti, Prahova county;Romania;RO;44.93774;26.02607;ceepus;TUKE;CEEPUS BG-0703-15-2627: Modern Trends in Education and Research on Mechanical Systems - Bridging Reliabi;high;https://www.ceepus.info/nw/0703-2627
Asociatia Nevo Parudimos;Resita;Romania;RO;45.28903;21.88786;crossborder_project;TUKE;MEET – 2021 - 2027 Interreg VI-B Danube;high;https://keep.eu/projects/29904/
Fundatia Crestina Diakonia Filiala Sfantu Gheorghe;Sfantu Gheorghe;Romania;RO;45.86464;25.78971;erasmus_ka2;TUKE;Strategic Partnerships for school education: Head in the Clouds: Digital Learning to Overcome School Failure (2015-1-AT01-KA201-005024);high;https://erasmus-plus.ec.europa.eu/projects/search/details/2015-1-AT01-KA201-005024
Clubul Economic German Transilvania;Sibiu;Romania;RO;45.79739;24.15192;crossborder_project;TUKE;DTP1-115-4.1 EDU-LAB – 2014 - 2020 INTERREG VB Danube;high;https://keep.eu/projects/18491/
"Universitatea ""Lucian Blaga"" din Sibiu";Sibiu;Romania;RO;45.79739;24.15192;crossborder_project;TUKE;DTP1-115-4.1 EDU-LAB – 2014 - 2020 INTERREG VB Danube;high;https://keep.eu/projects/18491/
“Lucian Blaga” University Of Sibiu;Sibiu, Romania;Romania;RO;45.79739;24.15192;ceepus;TUKE;"CEEPUS RS-0304-19-2627: Technical Characteristics Researching of Modern Products in Machine Industry wit; CEEPUS BA-1402-08-2627 (Umbrella): New teaching technologies and new applications in modernization of teaching at t; CEEPUS RS-1812-04-2627 (Umbrella): Application of CAx technologies in smart production as a significant basis for t; CEEPUS SK-2024-02-2627: Virtual and augmented reality in the training and teaching of technical subjects";high;https://www.ceepus.info/nw/0304-2627
“Lucian Blaga” University Of Sibiu;Sibiu, Romania;Romania;RO;45.79739;24.15192;bilateral_agreement;FVT;Zmluvná spolupráca na úrovni fakulty;high;https://fvt.tuke.sk/en/international-cooperation
Green Valley Association;Sighetu Marmatiei;Romania;RO;47.92832;23.89156;crossborder_project;TUKE;DIKEINSPECT – 2014 - 2020 Hungary - Slovakia - Romania - Ukraine ENI CBC;high;https://keep.eu/projects/25883/
Municipality of Sighetu Marmației;Sighetu Marmației;Romania;RO;47.92832;23.89156;crossborder_project;TUKE;REVITAL I – 2014 - 2020 Hungary - Slovakia - Romania - Ukraine ENI CBC;high;https://keep.eu/projects/23031/
University of Suceava (Universitatea din Suceava);Suceava;Romania;RO;47.647;26.25226;erasmus_eu;FEI;"študenti + zamestnanci; Erasmus kód RO SUCEAVA01";high;https://erasmus.tuke.sk/partnerske-institucie-v-eu-a-ehp/
University of Suceava (Universitatea din Suceava);Suceava;Romania;RO;47.647;26.25226;erasmus_ka2;TUKE;Cooperation partnerships in higher education: M100Academy: Interdisciplinary Training for Climate-Neutral Cities (2025-1-RO01-KA220-HED-000360687);high;https://erasmus-plus.ec.europa.eu/projects/search/details/2025-1-RO01-KA220-HED-000360687
“Stefan Cel Mare” University Of Suceava;Suceava, Suceava county;Romania;RO;47.63333;26.25;ceepus;TUKE;"CEEPUS BG-0703-15-2627: Modern Trends in Education and Research on Mechanical Systems - Bridging Reliabi; CEEPUS BA-1402-08-2627 (Umbrella): New teaching technologies and new applications in modernization of teaching at t";high;https://www.ceepus.info/nw/0703-2627
“Stefan Cel Mare” University Of Suceava;Suceava, Suceava county;Romania;RO;47.63333;26.25;crossborder_project;TUKE;NESiCA – 2014 - 2020 Hungary - Slovakia - Romania - Ukraine ENI CBC;high;https://keep.eu/projects/24116/
“Stefan Cel Mare” University Of Suceava;Suceava, Suceava county;Romania;RO;47.63333;26.25;coauthorship;TUKE;4 spoločných publikácií od 2015 (posledná 2026);high;https://openalex.org/works?filter=authorships.institutions.lineage:I183764125,authorships.institutions.lineage:I12012874
Valahia University of Târgoviște (Universitatea Valahia din Târgoviște);Targoviste;Romania;RO;44.92677;25.46282;erasmus_eu;FBERG;"zamestnanci; Erasmus kód RO TARGOVI01";high;https://erasmus.tuke.sk/partnerske-institucie-v-eu-a-ehp/
University of Medicine, Pharmacy, Science, and Technology of Târgu Mureș (Universitatea de Medicină, Farmacie, Știință și Tehnologie);Targu Mures;Romania;RO;46.54463;24.5612;erasmus_eu;EkF;"študenti + zamestnanci; Erasmus kód RO TARGU02";high;https://erasmus.tuke.sk/partnerske-institucie-v-eu-a-ehp/
Wyliodrin SRL;Targu Mures;Romania;RO;46.53177;24.57365;erasmus_ka2;TUKE;Strategic Partnerships for higher education: Setting the trends in IoT education (2016-1-RO01-KA203-024721);high;https://erasmus-plus.ec.europa.eu/projects/search/details/2016-1-RO01-KA203-024721
Politehnica University Timisoara;Timis county;Romania;RO;45.75499;21.25214;ceepus;TUKE;"CEEPUS HU-0028-20-2627: Active Methods in Teaching and Learning Mathematics, Informatics and their Appli; CEEPUS SK-0030-22-2627: Internationalisation and development of joint activities in the field of smart f; CEEPUS RO-0202-20-2627: Enhancing the use of blended e-learning as an internationalization tool in the f; CEEPUS RS-0304-19-2627: Technical Characteristics Researching of Modern Products in Machine Industry wit; CEEPUS RS-0507-16-2627: Research, Development and Education in Precision Machining; CEEPUS PL-0701-15-2627: Engineering as Communication Language in Europe (+9)";high;https://www.ceepus.info/nw/0028-2627
Alfa Test Srl;Timisoara;Romania;RO;45.75384;21.22575;erasmus_ka2;TUKE;Centers of Vocational Excellence: VET5.0 - Transforming Vocational Education Through Advancing Learner-Centricity, Education (101260541);high;https://erasmus-plus.ec.europa.eu/projects/search/details/101260541
Universitatea Politehnica Timisoara;Timisoara;Romania;RO;45.75368;21.2247;erasmus_ka2;TUKE;Centers of Vocational Excellence: VET5.0 - Transforming Vocational Education Through Advancing Learner-Centricity, Education (101260541);high;https://erasmus-plus.ec.europa.eu/projects/search/details/101260541
Universitatea de Vest din Timisoara;Timisoara;Romania;RO;45.75384;21.22575;crossborder_project;TUKE;"DTP1-260-1.1; InnoHPC – 2014 - 2020 INTERREG VB Danube";high;https://keep.eu/projects/18508/
“Victor Babes” University Of Medicine And Pharmacy Timisoara;Timisoara, Timis county;Romania;RO;45.75499;21.25214;ceepus;TUKE;CEEPUS PL-1705-05-2627: INTEGRATION Development, education and practical improvement in the field of mul;high;https://www.ceepus.info/nw/1705-2627
Polytechnic University of Timişoara;Timișoara;Romania;RO;45.753719329833984;21.225709915161133;coauthorship;TUKE;4 spoločných publikácií od 2015 (posledná 2026);high;https://openalex.org/works?filter=authorships.institutions.lineage:I183764125,authorships.institutions.lineage:I3122695212
Complex Delta Srl;Tulcea;Romania;RO;45.17881;28.8021;research_project_eu;TUKE;1 spoločných projektov: SWIM;high;https://cordis.europa.eu/project/id/101215230
Danube Delta Biosphere Reserve Authority;Tulcea;Romania;RO;45.24088;28.12612;research_project_eu;TUKE;1 spoločných projektov: SWIM;high;https://cordis.europa.eu/project/id/101215230
Institutul National De Cercetare-Dezvoltare Delta Dunarii;Tulcea;Romania;RO;45.00466;29.06872;research_project_eu;TUKE;1 spoločných projektov: SWIM;high;https://cordis.europa.eu/project/id/101215230
”George Emil Palade” University of Medicine, Pharmacy, Science and Technology of Targu Mures;Târgu Mures, Mures;Romania;RO;46.54463;24.5612;ceepus;TUKE;CEEPUS HU-0028-20-2627: Active Methods in Teaching and Learning Mathematics, Informatics and their Appli;high;https://www.ceepus.info/nw/0028-2627
Jazan University;Gazan;Saudi Arabia;SA;16.889169692993164;42.551109313964844;coauthorship;TUKE;9 spoločných publikácií od 2015 (posledná 2024);high;https://openalex.org/works?filter=authorships.institutions.lineage:I183764125,authorships.institutions.lineage:I91450128
King Abdulaziz University;Jeddah;Saudi Arabia;SA;21.49012;39.18624;coauthorship;TUKE;4 spoločných publikácií od 2015 (posledná 2025);high;https://openalex.org/works?filter=authorships.institutions.lineage:I183764125,authorships.institutions.lineage:I185163786
Islamic University of Madinah;Medina;Saudi Arabia;SA;24.46861;39.61417;coauthorship;TUKE;3 spoločných publikácií od 2015 (posledná 2026);high;https://openalex.org/works?filter=authorships.institutions.lineage:I183764125,authorships.institutions.lineage:I4210151290
King Saud University;Riyadh;Saudi Arabia;SA;24.68773;46.72185;coauthorship;TUKE;26 spoločných publikácií od 2015 (posledná 2026);high;https://openalex.org/works?filter=authorships.institutions.lineage:I183764125,authorships.institutions.lineage:I28022161
Prince Sultan University;Riyadh;Saudi Arabia;SA;24.68773;46.72185;coauthorship;TUKE;3 spoločných publikácií od 2015 (posledná 2023);high;https://openalex.org/works?filter=authorships.institutions.lineage:I183764125,authorships.institutions.lineage:I142024983
Princess Nourah bint Abdulrahman University;Riyadh;Saudi Arabia;SA;24.68773;46.72185;coauthorship;TUKE;7 spoločných publikácií od 2015 (posledná 2026);high;https://openalex.org/works?filter=authorships.institutions.lineage:I183764125,authorships.institutions.lineage:I106778892
Saudi Electronic University;Riyadh;Saudi Arabia;SA;24.68773078918457;46.72185134887695;coauthorship;TUKE;3 spoločných publikácií od 2015 (posledná 2026);high;https://openalex.org/works?filter=authorships.institutions.lineage:I183764125,authorships.institutions.lineage:I120238654
Shaqra University;Riyadh;Saudi Arabia;SA;24.814823150634766;46.66902160644531;coauthorship;TUKE;11 spoločných publikácií od 2015 (posledná 2026);high;https://openalex.org/works?filter=authorships.institutions.lineage:I183764125,authorships.institutions.lineage:I206935292
Dunavski centar za kompetenciju;Belgrade;Serbia;RS;44.81781;20.4569;crossborder_project;TUKE;#RomansWineDanube – 2021 - 2027 Interreg VI-B Danube;high;https://keep.eu/projects/29476/
Inovacioni Centar Mašinskog fakulteta u Beogradu doo;Belgrade;Serbia;RS;44.81781;20.4569;crossborder_project;TUKE;Plan-C – 2021 - 2027 Interreg VI-B Danube;high;https://keep.eu/projects/29907/
Institut Mihajlo Pupin;Belgrade;Serbia;RS;44.80400848388672;20.465129852294922;coauthorship;TUKE;3 spoločných publikácií od 2015 (posledná 2025);high;https://openalex.org/works?filter=authorships.institutions.lineage:I183764125,authorships.institutions.lineage:I10572248
Institut Mihajlo Pupin DOO;Belgrade;Serbia;RS;44.81781;20.4569;crossborder_project;TUKE;DTP1-115-4.1 EDU-LAB – 2014 - 2020 INTERREG VB Danube;high;https://keep.eu/projects/18491/
Institut za arhitekturu i urbanizam Srbije;Belgrade;Serbia;RS;44.81781;20.4569;crossborder_project;TUKE;DTP1-270-4.1 ATTRACTIVE DANUBE – 2014 - 2020 INTERREG VB Danube;high;https://keep.eu/projects/18507/
Institute of Physics Belgrade;Belgrade;Serbia;RS;44.80401;20.46513;coauthorship;TUKE;3 spoločných publikácií od 2015 (posledná 2026);high;https://openalex.org/works?filter=authorships.institutions.lineage:I183764125,authorships.institutions.lineage:I4210149559
SBBH - School of shipping, shipbuilding and hydrobuilding;Belgrade;Serbia;RS;44.81781;20.4569;crossborder_project;TUKE;NELI – 2007 - 2013 South East Europe;high;https://keep.eu/projects/602/
University of Belgrade, Faculty of Mechanical Engineering;Belgrade;Serbia;RS;44.81781;20.4569;bilateral_agreement;FVT;Zmluvná spolupráca na úrovni fakulty;high;https://fvt.tuke.sk/en/international-cooperation
University of Belgrade, Faculty of Mining and Geology;Belgrade;Serbia;RS;44.81781;20.4569;bilateral_agreement;FBERG;Všeobecná zmluva o spolupráci;high;https://fberg.tuke.sk/en/academic-institutions
University of Belgrade, Faculty of Technology and Metallurgy;Belgrade;Serbia;RS;44.81781;20.4569;research_cooperation;FMMR;Partner FMMR v zahraničí (aj Faculty of Mechanical Engineering);high;https://fmmr.tuke.sk/wps/portal/fmmr/spolupraca/partneri-v-zahranici
University of Defence;Belgrade;Serbia;RS;44.80401;20.46513;coauthorship;TUKE;3 spoločných publikácií od 2015 (posledná 2018);high;https://openalex.org/works?filter=authorships.institutions.lineage:I183764125,authorships.institutions.lineage:I4210153194
Univerzitet Union Nikola Tesla;Belgrade;Serbia;RS;44.80401;20.46513;coauthorship;TUKE;7 spoločných publikácií od 2015 (posledná 2026);high;https://openalex.org/works?filter=authorships.institutions.lineage:I183764125,authorships.institutions.lineage:I4210120853
Регионална агенција за развој и европске интеграције Београд;Belgrade;Serbia;RS;44.81781;20.4569;crossborder_project;TUKE;DTP2-021-1.2 InnoSchool – 2014 - 2020 INTERREG VB Danube;high;https://keep.eu/projects/19502/
Privredna Komora Srbije;Beograd;Serbia;RS;44.80669;20.46445;research_project_eu;TUKE;1 spoločných projektov: SWIM;high;https://cordis.europa.eu/project/id/101215230
Privredna Komora Srbije;Beograd;Serbia;RS;44.80669;20.46445;crossborder_project;TUKE;DTP1-115-4.1 EDU-LAB – 2014 - 2020 INTERREG VB Danube;high;https://keep.eu/projects/18491/
Union University (Univerzitet Union);Beograd;Serbia;RS;44.81781;20.4569;erasmus_eu;EkF;"študenti + zamestnanci; Erasmus kód RS BELGRAD15";high;https://erasmus.tuke.sk/partnerske-institucie-v-eu-a-ehp/
University of Belgrade (Univerzitet u Beogradu);Beograd;Serbia;RS;44.81781;20.4569;erasmus_eu;FMMR;"študenti + zamestnanci; Erasmus kód RS BELGRAD02";high;https://erasmus.tuke.sk/partnerske-institucie-v-eu-a-ehp/
University of Belgrade (Univerzitet u Beogradu);Beograd;Serbia;RS;44.81781;20.4569;ceepus;TUKE;"CEEPUS PL-0007-22-2627: Metronet - network for modern measuring and manufacturing technologies; CEEPUS PL-0033-22-2627: Development of mechanical engineering (design, technology and production managem; CEEPUS RS-0038-22-2627: Fundamental and Applied Geological Science and Education to Drive Progress in Ce; CEEPUS RS-0304-19-2627: Technical Characteristics Researching of Modern Products in Machine Industry wit; CEEPUS PL-0701-15-2627: Engineering as Communication Language in Europe; CEEPUS BG-0703-15-2627: Modern Trends in Education and Research on Mechanical Systems - Bridging Reliabi (+14)";high;https://www.ceepus.info/nw/0007-2627
University of Belgrade (Univerzitet u Beogradu);Beograd;Serbia;RS;44.81781;20.4569;erasmus_ka2;TUKE;Cooperation partnerships in higher education: Reflecting Economics And Climate Change in Teaching (2023-1-IS01-KA220-HED-000159052);high;https://erasmus-plus.ec.europa.eu/projects/search/details/2023-1-IS01-KA220-HED-000159052
University of Belgrade (Univerzitet u Beogradu);Beograd;Serbia;RS;44.81781;20.4569;crossborder_project;TUKE;DTP1-006-1.1 CrowdStream – 2014 - 2020 INTERREG VB Danube;high;https://keep.eu/projects/18464/
University of Belgrade (Univerzitet u Beogradu);Beograd;Serbia;RS;44.81781;20.4569;coauthorship;TUKE;43 spoločných publikácií od 2015 (posledná 2026);high;https://openalex.org/works?filter=authorships.institutions.lineage:I183764125,authorships.institutions.lineage:I4068193
Univerzitet Umetnosti U Beogradu;Beograd;Serbia;RS;44.81781;20.4569;erasmus_ka2;TUKE;Cooperation partnerships in higher education: Digital Art Courses in Higher Education Institutions (2021-1-PL01-KA220-HED-000029379);high;https://erasmus-plus.ec.europa.eu/projects/search/details/2021-1-PL01-KA220-HED-000029379
Jovno preduzeće Nacionalni park Đerdap;Donji Milanovac;Serbia;RS;44.46275;22.1523;crossborder_project;TUKE;Danube GeoTour Plus – 2021 - 2027 Interreg VI-B Danube;high;https://keep.eu/projects/29510/
University in Prishtina with temporary seat in Kosovska Mitrovica;Kosovska Mitrovica;Serbia;RS;44.92192;19.75258;ceepus;TUKE;"CEEPUS RS-0304-19-2627: Technical Characteristics Researching of Modern Products in Machine Industry wit; CEEPUS HR-1302-09-2627: Research and Education of Environmental Risks; CEEPUS PL-1705-05-2627: INTEGRATION Development, education and practical improvement in the field of mul; CEEPUS RS-1813-04-2627 (Umbrella): Metrology, quality and environmental aspects in Industry 4.0";high;https://www.ceepus.info/nw/0304-2627
Regionalna agencija za ekonomski razvoj Šumadije i Pomoravlja;Kragujevac;Serbia;RS;44.01318;20.91964;crossborder_project;TUKE;Culinary Trail – 2021 - 2027 Interreg VI-B Danube;high;https://keep.eu/projects/29507/
Regionalna agencija za ekonomski razvoj Šumadije i Pomoravlja DOO;Kragujevac;Serbia;RS;44.01318;20.91964;crossborder_project;TUKE;"DTP1-260-1.1; InnoHPC – 2014 - 2020 INTERREG VB Danube; DTP2-076-1.1KnowING IPR – 2014 - 2020 INTERREG VB Danube";high;https://keep.eu/projects/18508/
University of Kragujevac;Kragujevac;Serbia;RS;44.01667;20.91667;ceepus;TUKE;"CEEPUS SK-0030-22-2627: Internationalisation and development of joint activities in the field of smart f; CEEPUS RS-0065-19-2425: Intelligent Automation for Competitive Advantage; CEEPUS RS-0304-19-2627: Technical Characteristics Researching of Modern Products in Machine Industry wit; CEEPUS PL-0701-15-2627: Engineering as Communication Language in Europe; CEEPUS PL-0901-13-2627: Teaching and research in advanced manufacturing; CEEPUS RS-1012-12-2627: Building Knowledge and Experience Exchange in CFD (+7)";high;https://www.ceepus.info/nw/0030-2627
University of Kragujevac;Kragujevac;Serbia;RS;44.01667;20.91667;coauthorship;TUKE;12 spoločných publikácií od 2015 (posledná 2026);high;https://openalex.org/works?filter=authorships.institutions.lineage:I183764125,authorships.institutions.lineage:I14245010
Academy of Applied Technical and Preschool Studies;Nis;Serbia;RS;43.31627;21.92123;ceepus;TUKE;"CEEPUS HU-0028-20-2627: Active Methods in Teaching and Learning Mathematics, Informatics and their Appli; CEEPUS PL-0701-15-2627: Engineering as Communication Language in Europe; CEEPUS BG-1103-11-2627: Modelling, Simulation and Computer-aided Design in Engineering and Management";high;https://www.ceepus.info/nw/0028-2627
Privredno Drustvo Za Pruzanje Usluga Istrazivanje I Razvoj Nissatech Innovation Centre Doo;Nis;Serbia;RS;43.3215;21.89573;research_project_eu;TUKE;1 spoločných projektov: MIDIH;high;https://cordis.europa.eu/project/id/767498
Univerzitet U Nisu;Nis;Serbia;RS;43.31627;21.92123;erasmus_ka2;TUKE;Cooperation partnerships in higher education: Center of Excellence for Environmental Risk Management (2024-1-SK01-KA220-HED-000243758);high;https://erasmus-plus.ec.europa.eu/projects/search/details/2024-1-SK01-KA220-HED-000243758
Centar za Održivi Razvoj Energetike d.o.o. Niš;Niš;Serbia;RS;43.32113;21.89592;crossborder_project;TUKE;DECA – 2021 - 2027 Interreg VI-B Danube;high;https://keep.eu/projects/29493/
University of Nis;Niš;Serbia;RS;43.32472;21.90333;ceepus;TUKE;"CEEPUS RO-0013-22-2627: Teaching and Research of Environment-oriented Technologies in Manufacturing; CEEPUS PL-0033-22-2627: Development of mechanical engineering (design, technology and production managem; CEEPUS RS-0304-19-2627: Technical Characteristics Researching of Modern Products in Machine Industry wit; CEEPUS BG-0703-15-2627: Modern Trends in Education and Research on Mechanical Systems - Bridging Reliabi; CEEPUS RS-1012-12-2627: Building Knowledge and Experience Exchange in CFD; CEEPUS BG-1103-11-2627: Modelling, Simulation and Computer-aided Design in Engineering and Management (+8)";high;https://www.ceepus.info/nw/0013-2627
University of Nis;Niš;Serbia;RS;43.32472;21.90333;coauthorship;TUKE;9 spoločných publikácií od 2015 (posledná 2023);high;https://openalex.org/works?filter=authorships.institutions.lineage:I183764125,authorships.institutions.lineage:I152518017
Centar za proizvodnju znanja i veština;Novi Sad;Serbia;RS;45.25513;19.84518;crossborder_project;TUKE;MEET – 2021 - 2027 Interreg VI-B Danube;high;https://keep.eu/projects/29904/
Doo Bioelements Novi Sad;Novi Sad;Serbia;RS;45.25318;19.87895;erasmus_ka2;TUKE;Centers of Vocational Excellence: VET5.0 - Transforming Vocational Education Through Advancing Learner-Centricity, Education (101260541);high;https://erasmus-plus.ec.europa.eu/projects/search/details/101260541
Istrazivacko-Razvojni Institut Za Vestacku Inteligenciju Srbije;Novi Sad;Serbia;RS;45.24478;19.8472;erasmus_ka2;TUKE;Centers of Vocational Excellence: VET5.0 - Transforming Vocational Education Through Advancing Learner-Centricity, Education (101260541);high;https://erasmus-plus.ec.europa.eu/projects/search/details/101260541
Javno Vodoprivredno Preduzece Vodevojvodine Novi Sad;Novi Sad;Serbia;RS;45.25348;19.84492;research_project_eu;TUKE;1 spoločných projektov: SWIM;high;https://cordis.europa.eu/project/id/101215230
Nis Ad Novi Sad;Novi Sad;Serbia;RS;45.23931;19.83481;research_project_eu;TUKE;1 spoločných projektov: INTEG-RISK;high;https://cordis.europa.eu/project/id/213345
University Business Academy in Novi Sad;Novi Sad;Serbia;RS;45.25513;19.84518;erasmus_eu;EkF;"študenti + zamestnanci; Erasmus kód RS NOVISAD07";high;https://erasmus.tuke.sk/partnerske-institucie-v-eu-a-ehp/
University of Novi Sad (Univerzitet u Novom Sadu);Novi Sad;Serbia;RS;45.25513;19.84518;erasmus_eu;FMMR;"študenti + zamestnanci; Erasmus kód RS NOVISAD02";high;https://erasmus.tuke.sk/partnerske-institucie-v-eu-a-ehp/
University of Novi Sad (Univerzitet u Novom Sadu);Novi Sad;Serbia;RS;45.25513;19.84518;ceepus;TUKE;"CEEPUS PL-0007-22-2627: Metronet - network for modern measuring and manufacturing technologies; CEEPUS RO-0013-22-2627: Teaching and Research of Environment-oriented Technologies in Manufacturing; CEEPUS HU-0019-22-2627: International Cooperation in Computer Science; CEEPUS HU-0028-20-2627: Active Methods in Teaching and Learning Mathematics, Informatics and their Appli; CEEPUS SK-0030-22-2627: Internationalisation and development of joint activities in the field of smart f; CEEPUS PL-0033-22-2627: Development of mechanical engineering (design, technology and production managem (+27)";high;https://www.ceepus.info/nw/0007-2627
University of Novi Sad (Univerzitet u Novom Sadu);Novi Sad;Serbia;RS;45.25513;19.84518;erasmus_ka2;TUKE;Centers of Vocational Excellence: VET5.0 - Transforming Vocational Education Through Advancing Learner-Centricity, Education (101260541);high;https://erasmus-plus.ec.europa.eu/projects/search/details/101260541
University of Novi Sad (Univerzitet u Novom Sadu);Novi Sad;Serbia;RS;45.25513;19.84518;coauthorship;TUKE;40 spoločných publikácií od 2015 (posledná 2025);high;https://openalex.org/works?filter=authorships.institutions.lineage:I183764125,authorships.institutions.lineage:I170726198
University of Novi Sad, Faculty of Technical Sciences;Novi Sad;Serbia;RS;45.25513;19.84518;bilateral_agreement;TUKE;THE LETTER OF MUTUAL INTENT TO COOPERATE (2023);high;https://www.crz.gov.sk/zmluva/8144869/
Univerzitet U Novom Sadu Fakultet Tehnickih Nauka;Novi Sad;Serbia;RS;45.24644;19.85172;research_project_eu;TUKE;1 spoločných projektov: INTEG-RISK;high;https://cordis.europa.eu/project/id/213345
Univerzitet U Novom Sadu, Poljoprivredni Fakultet Novi Sad;Novi Sad;Serbia;RS;45.24632;19.85238;research_project_eu;TUKE;1 spoločných projektov: SWIM;high;https://cordis.europa.eu/project/id/101215230
Univerzitet u Novom Sadu Prirodno-matematički fakultet;Novi Sad;Serbia;RS;45.25513;19.84518;crossborder_project;TUKE;"DTP1-260-1.1; InnoHPC – 2014 - 2020 INTERREG VB Danube";high;https://keep.eu/projects/18508/
Zavod za zaštitu spomenika kulture - Sremska Mitrovica;Sremska Mitrovica;Serbia;RS;44.96856;19.60839;crossborder_project;TUKE;#RomansWineDanube – 2021 - 2027 Interreg VI-B Danube;high;https://keep.eu/projects/29476/
Polytechnical Engineering College, Subotica;Subotica;Serbia;RS;46.10021;19.66533;ceepus;TUKE;"CEEPUS HU-0019-22-2627: International Cooperation in Computer Science; CEEPUS RO-0058-19-2627: DESIGN, IMPLEMENTATION AND USE OF JOINT PROGRAMS ON  ARTIFICIAL INTELIGENCE, QUA; CEEPUS RO-0202-20-2627: Enhancing the use of blended e-learning as an internationalization tool in the f; CEEPUS BA-1402-08-2627 (Umbrella): New teaching technologies and new applications in modernization of teaching at t; CEEPUS RS-1813-04-2627 (Umbrella): Metrology, quality and environmental aspects in Industry 4.0; CEEPUS AL-2001-02-2627 (Umbrella): AI-Optimized Solutions for Remote Monitoring and Digital Health (+1)";high;https://www.ceepus.info/nw/0019-2627
Academy of Applied Studies Novi Sad;Vladimira Perica Valtera 4;Serbia;RS;45.24464;19.85108;ceepus;TUKE;"CEEPUS PL-0007-22-2627: Metronet - network for modern measuring and manufacturing technologies; CEEPUS RS-1511-07-2627: Research and Development of New Technologies for Innovative Product Development";high;https://www.ceepus.info/nw/0007-2627
Narodni muzej „Zaječar“;Zaječar;Serbia;RS;43.90311;22.27855;crossborder_project;TUKE;#RomansWineDanube – 2021 - 2027 Interreg VI-B Danube;high;https://keep.eu/projects/29476/
Technical College of Applied Sciences;Zrenjanin;Serbia;RS;45.37812805175781;20.38213348388672;coauthorship;TUKE;3 spoločných publikácií od 2015 (posledná 2018);high;https://openalex.org/works?filter=authorships.institutions.lineage:I183764125,authorships.institutions.lineage:I4210158487
Naučno tehnološki park Čačak;Čačak;Serbia;RS;43.89143;20.34916;crossborder_project;TUKE;CI-Hub – 2021 - 2027 Interreg VI-B Danube;high;https://keep.eu/projects/29489/
Pomeroy Academy;Singapore;Singapore;SG;1.28992;103.85191;bilateral_agreement;TUKE;"Contract for Work (2026); Contract for Work (2025); Zmluva o spolupráci (2023)";high;https://www.crz.gov.sk/zmluva/11991687/
Celje School of Economics;Celje;Slovenia;SI;46.23336410522461;15.265239715576172;coauthorship;TUKE;3 spoločných publikácií od 2015 (posledná 2025);high;https://openalex.org/works?filter=authorships.institutions.lineage:I183764125,authorships.institutions.lineage:I4210145114
TECOS, Razvojni center orodjarstva Slovenije;Celje;Slovenia;SI;46.22939;15.26168;crossborder_project;TUKE;"CIRCOTRONIC – 2021 - 2027 Interreg VI-B Central Europe; SMART CIRCUIT – 2021 - 2027 Interreg VI-B Central Europe";high;https://keep.eu/projects/27722/
Korimako - zavod za svetovanje in strateško načrtovanje, Goriški vrh;Dravograd;Slovenia;SI;46.5915;15.03835;crossborder_project;TUKE;DECA – 2021 - 2027 Interreg VI-B Danube;high;https://keep.eu/projects/29493/
Idrijsko-Cerkljanska razvojna agencija d.o.o. Idrija;Idrija;Slovenia;SI;46.0024;14.0273;crossborder_project;TUKE;Central - BIC – 2021 - 2027 Interreg VI-B Central Europe;high;https://keep.eu/projects/29371/
Zavod za turizem Idrija;Idrija;Slovenia;SI;46.0024;14.0273;crossborder_project;TUKE;Danube GeoTour Plus – 2021 - 2027 Interreg VI-B Danube;high;https://keep.eu/projects/29510/
University of Primorska;Koper;Slovenia;SI;45.54799;13.73048;ceepus;TUKE;CEEPUS SK-0044-21-2627: Applied Economics and Management;high;https://www.ceepus.info/nw/0044-2627
Univerza Na Primorskem Universita Del Litorale;Koper;Slovenia;SI;45.54829;13.72936;erasmus_ka2;TUKE;Centers of Vocational Excellence: VET5.0 - Transforming Vocational Education Through Advancing Learner-Centricity, Education (101260541);high;https://erasmus-plus.ec.europa.eu/projects/search/details/101260541
Znanstveno-Raziskovalno Sredisce Koper;Koper;Slovenia;SI;45.54765;13.72863;research_project_eu;TUKE;1 spoločných projektov: SCORE;high;https://cordis.europa.eu/project/id/101003534
BSC, Poslovno podporni center, d.o.o., Kranj;Kranj;Slovenia;SI;46.24329;14.35494;crossborder_project;TUKE;Central - BIC – 2021 - 2027 Interreg VI-B Central Europe;high;https://keep.eu/projects/29371/
BSC, Poslovno podporni center, d.o.o., Kranj;Kranj;Slovenia;SI;46.24329;14.35494;crossborder_project;TUKE;IDEA – 2007 - 2013 Central Europe;high;https://keep.eu/projects/5489/
BSC, podporno podjetniški center, d.o.o., Kranj;Kranj;Slovenia;SI;46.24329;14.35494;crossborder_project;TUKE;CITISYSTEM – 2021 - 2027 Interreg VI-C Interreg Europe;high;https://keep.eu/projects/32926/
Mestna občina Kranj;Kranj;Slovenia;SI;46.24329;14.35494;crossborder_project;TUKE;CITYCIRCLE – 2014 - 2020 INTERREG VB Central Europe;high;https://keep.eu/projects/21710/
Zavod za varstvo kulturne dediščine Slovenije;Lj;Slovenia;SI;46.07552;14.4891;crossborder_project;TUKE;Danube´s Archaeological eLandscapes – 2014 - 2020 INTERREG VB Danube;high;https://keep.eu/projects/25310/
Geodetic Institute of Slovenia;Ljubljana;Slovenia;SI;46.05003;14.50693;crossborder_project;TUKE;DTP1-270-4.1 ATTRACTIVE DANUBE – 2014 - 2020 INTERREG VB Danube;high;https://keep.eu/projects/18507/
Gospodarska Zbornica Slovenije;Ljubljana;Slovenia;SI;46.07163;14.51495;erasmus_ka2;TUKE;Centers of Vocational Excellence: VET5.0 - Transforming Vocational Education Through Advancing Learner-Centricity, Education (101260541);high;https://erasmus-plus.ec.europa.eu/projects/search/details/101260541
Gospodarska zbornica Slovenije – Zbornica elektronske in elektroindustrije;Ljubljana;Slovenia;SI;46.05003;14.50693;crossborder_project;TUKE;"DTP1-260-1.1; InnoHPC – 2014 - 2020 INTERREG VB Danube";high;https://keep.eu/projects/18508/
Gospodarska zbornica Slovenije-Združenje kemijske industrije;Ljubljana;Slovenia;SI;46.05003;14.50693;crossborder_project;TUKE;"CIRCOTRONIC – 2021 - 2027 Interreg VI-B Central Europe; REUSE2030 – 2021 - 2027 Interreg VI-B Central Europe";high;https://keep.eu/projects/27722/
Institut Jozef Stefan;Ljubljana;Slovenia;SI;46.04229;14.48787;research_project_eu;TUKE;2 spoločných projektov: AI4EU, INTEG-RISK;high;https://cordis.europa.eu/project/id/825619
Institute of Metals and Technology;Ljubljana;Slovenia;SI;46.05108;14.50513;coauthorship;TUKE;19 spoločných publikácií od 2015 (posledná 2024);high;https://openalex.org/works?filter=authorships.institutions.lineage:I183764125,authorships.institutions.lineage:I4210115143
Inštitut Antona trstenjaka za gerontologijo in medgeneracijsko sožitje;Ljubljana;Slovenia;SI;46.05003;14.50693;crossborder_project;TUKE;DigiCare4CE – 2021 - 2027 Interreg VI-B Central Europe;high;https://keep.eu/projects/27727/
Jozef Stefan International Postgraduate School (MPS);Ljubljana;Slovenia;SI;46.05003;14.50693;ceepus;TUKE;CEEPUS BA-2103-01-2627: Advanced Power Transmission Systems for Robotics and E-Mobility (APT-RE);high;https://www.ceepus.info/nw/2103-2627
Jožef Stefan Institute;Ljubljana;Slovenia;SI;46.05107879638672;14.50512981414795;coauthorship;TUKE;10 spoločných publikácií od 2015 (posledná 2022);high;https://openalex.org/works?filter=authorships.institutions.lineage:I183764125,authorships.institutions.lineage:I3006985408
Magneti Ljubljana Podjetje Za Proizvodnjo Magnetnih Materialov Dd;Ljubljana;Slovenia;SI;46.0872;14.48072;research_project_eu;TUKE;1 spoločných projektov: SUPREEMO;high;https://cordis.europa.eu/project/id/101138353
Matafir, drustvo za medkulturne povezave;Ljubljana;Slovenia;SI;46.06407;14.49467;erasmus_ka2;TUKE;Mobility  of young people: Reciklartova likovna kolonija (2026-1-SI02-KA152-YOU-000400027);high;https://erasmus-plus.ec.europa.eu/projects/search/details/2026-1-SI02-KA152-YOU-000400027
Muzej za arhitekturo in oblikovanje;Ljubljana;Slovenia;SI;46.05003;14.50693;crossborder_project;TUKE;Capacity2Transform – 2021 - 2027 Interreg VI-B Central Europe;high;https://keep.eu/projects/27717/
Narodni muzej Slovenije;Ljubljana;Slovenia;SI;46.05003;14.50693;crossborder_project;TUKE;Danube´s Archaeological eLandscapes – 2014 - 2020 INTERREG VB Danube;high;https://keep.eu/projects/25310/
Prometni institut Ljubljana d.o.o.;Ljubljana;Slovenia;SI;46.05003;14.50693;crossborder_project;TUKE;ECO4LOG – 2000 - 2006 Interreg IIIC East;high;https://keep.eu/projects/780/
University of Ljubljana (Univerza v Ljubljani);Ljubljana;Slovenia;SI;46.05003;14.50693;erasmus_eu;FBERG, FEI;"študenti + zamestnanci; Erasmus kód SI LJUBLJA01";high;https://erasmus.tuke.sk/partnerske-institucie-v-eu-a-ehp/
University of Ljubljana (Univerza v Ljubljani);Ljubljana;Slovenia;SI;46.05003;14.50693;ceepus;TUKE;"CEEPUS RS-0038-22-2627: Fundamental and Applied Geological Science and Education to Drive Progress in Ce; CEEPUS SK-0044-21-2627: Applied Economics and Management; CEEPUS RS-0304-19-2627: Technical Characteristics Researching of Modern Products in Machine Industry wit; CEEPUS RS-1011-12-2627: Fostering sustainable partnership between academia and industry in improving app; CEEPUS RS-1012-12-2627: Building Knowledge and Experience Exchange in CFD; CEEPUS BG-1103-11-2627: Modelling, Simulation and Computer-aided Design in Engineering and Management (+3)";high;https://www.ceepus.info/nw/0038-2627
University of Ljubljana (Univerza v Ljubljani);Ljubljana;Slovenia;SI;46.05003;14.50693;crossborder_project;TUKE;"DTP1-260-1.1; InnoHPC – 2014 - 2020 INTERREG VB Danube";high;https://keep.eu/projects/18508/
University of Ljubljana (Univerza v Ljubljani);Ljubljana;Slovenia;SI;46.05003;14.50693;coauthorship;TUKE;6 spoločných publikácií od 2015 (posledná 2023);high;https://openalex.org/works?filter=authorships.institutions.lineage:I183764125,authorships.institutions.lineage:I153976015
ACADEMIA, izobrazevanje in druge storitve d.o.o.;Maribor;Slovenia;SI;46.5577;15.64642;erasmus_ka2;TUKE;Strategic Partnerships for vocational education and training: A digital tool development to train women from rural areas on literacies (2020-1-SI01-KA202-075891);high;https://erasmus-plus.ec.europa.eu/projects/search/details/2020-1-SI01-KA202-075891
Fundacija za izboljšanje zaposlitvenih možnosti PRIZMA, ustanova;Maribor;Slovenia;SI;46.55764;15.64559;crossborder_project;TUKE;MEET – 2021 - 2027 Interreg VI-B Danube;high;https://keep.eu/projects/29904/
Mestna Občina Maribor;Maribor;Slovenia;SI;46.55764;15.64559;crossborder_project;TUKE;"URBAN INNO – 2014 - 2020 INTERREG VB Central Europe; MISSION CE CLIMATE – 2021 - 2027 Interreg VI-B Central Europe";high;https://keep.eu/projects/17695/
Regionalna razvojna agencija za Podravje - Maribor;Maribor;Slovenia;SI;46.55764;15.64559;crossborder_project;TUKE;MISSION CE CLIMATE – 2021 - 2027 Interreg VI-B Central Europe;high;https://keep.eu/projects/27749/
University of Maribor (Univerza v Mariboru);Maribor;Slovenia;SI;46.55764;15.64559;erasmus_eu;EkF, FBERG, FEI, FMMR, FU, FVT, SjF, SvF, TUKE;"študenti + zamestnanci; Erasmus kód SI MARIBOR01";high;https://erasmus.tuke.sk/partnerske-institucie-v-eu-a-ehp/
University of Maribor (Univerza v Mariboru);Maribor;Slovenia;SI;46.55764;15.64559;ceepus;TUKE;"CEEPUS PL-0007-22-2627: Metronet - network for modern measuring and manufacturing technologies; CEEPUS RO-0013-22-2627: Teaching and Research of Environment-oriented Technologies in Manufacturing; CEEPUS HU-0019-22-2627: International Cooperation in Computer Science; CEEPUS HU-0028-20-2627: Active Methods in Teaching and Learning Mathematics, Informatics and their Appli; CEEPUS RO-0058-19-2627: DESIGN, IMPLEMENTATION AND USE OF JOINT PROGRAMS ON  ARTIFICIAL INTELIGENCE, QUA; CEEPUS RS-0065-19-2425: Intelligent Automation for Competitive Advantage (+15)";high;https://www.ceepus.info/nw/0007-2627
University of Maribor (Univerza v Mariboru);Maribor;Slovenia;SI;46.55764;15.64559;crossborder_project;TUKE;"DTP1-115-4.1 EDU-LAB – 2014 - 2020 INTERREG VB Danube; KASSETTS – 2007 - 2013 Central Europe";high;https://keep.eu/projects/18491/
University of Maribor (Univerza v Mariboru);Maribor;Slovenia;SI;46.55764;15.64559;coauthorship;TUKE;21 spoločných publikácií od 2015 (posledná 2025);high;https://openalex.org/works?filter=authorships.institutions.lineage:I183764125,authorships.institutions.lineage:I37696226
Univerza v Mariboru, Fakulteta za organizacijske vede;Maribor;Slovenia;SI;46.55764;15.64559;crossborder_project;TUKE;CentraLab – 2007 - 2013 Central Europe;high;https://keep.eu/projects/5543/
Pomurski Tehnološki Park;Murska Sobota;Slovenia;SI;46.66246;16.16553;crossborder_project;TUKE;"REUSE2030 – 2021 - 2027 Interreg VI-B Central Europe; IaaS 4 DR – 2021 - 2027 Interreg VI-B Danube; CI-Hub – 2021 - 2027 Interreg VI-B Danube";high;https://keep.eu/projects/29370/
Ecubes Tehnologije D.O.O.;Nova Gorica;Slovenia;SI;45.96298;13.64755;research_project_eu;TUKE;1 spoločných projektov: EASTGATEH2V;high;https://cordis.europa.eu/project/id/101192335
Fakulteta za uporabne družbene študije;Nova Gorica;Slovenia;SI;45.95815;13.6475;crossborder_project;TUKE;"DTP2-076-1.1KnowING IPR – 2014 - 2020 INTERREG VB Danube; Culinary Trail – 2021 - 2027 Interreg VI-B Danube";high;https://keep.eu/projects/19519/
GORIŠKA LOKALNA ENERGETSKA AGENCIJA, Nova Gorica;Nova Gorica;Slovenia;SI;45.95815;13.6475;crossborder_project;TUKE;DECA – 2021 - 2027 Interreg VI-B Danube;high;https://keep.eu/projects/29493/
RRA SEVERNE PRIMORSKE Regijska razvojna agencija d.o.o. Nova Gorica;Nova Gorica;Slovenia;SI;45.95815;13.6475;crossborder_project;TUKE;DTP1-115-4.1 EDU-LAB – 2014 - 2020 INTERREG VB Danube;high;https://keep.eu/projects/18491/
School of Advanced Social Studies in Nova Gorica (FUDŠ);Nova Gorica;Slovenia;SI;45.95815;13.6475;ceepus;TUKE;CEEPUS PL-0815-14-2627 (Umbrella): Europe from the Visegrad and Balkan Perspective;high;https://www.ceepus.info/nw/0815-2627
University of Nova Gorica;Nova Gorica;Slovenia;SI;45.95815;13.6475;ceepus;TUKE;CEEPUS PL-0701-15-2627: Engineering as Communication Language in Europe;high;https://www.ceepus.info/nw/0701-2627
Faculty of Organisation Studies in Novo Mesto (Fakulteta za organizacijske študije v Novem mestu);Novo Mesto;Slovenia;SI;45.80405;15.16967;erasmus_eu;EkF;"študenti + zamestnanci; Erasmus kód SI NOVO-ME10";high;https://erasmus.tuke.sk/partnerske-institucie-v-eu-a-ehp/
Faculty of Information Studies (FIŠ);Novo mesto;Slovenia;SI;45.80405;15.16967;ceepus;TUKE;CEEPUS BG-1103-11-2627: Modelling, Simulation and Computer-aided Design in Engineering and Management;high;https://www.ceepus.info/nw/1103-2627
Fakulteta za informacijske študije v Novem mestu;Novo mesto;Slovenia;SI;45.80405;15.16967;crossborder_project;TUKE;"DTP1-260-1.1; InnoHPC – 2014 - 2020 INTERREG VB Danube; DTP2-076-1.1KnowING IPR – 2014 - 2020 INTERREG VB Danube; Culinary Trail – 2021 - 2027 Interreg VI-B Danube";high;https://keep.eu/projects/18508/
Rudolfovo – Znanstveno in tehnološko središče Novo mesto;Novo mesto;Slovenia;SI;45.80405;15.16967;crossborder_project;TUKE;Culinary Trail – 2021 - 2027 Interreg VI-B Danube;high;https://keep.eu/projects/29507/
University of Novo mesto;Novo mesto;Slovenia;SI;45.80405;15.16967;ceepus;TUKE;"CEEPUS RS-1812-04-2627 (Umbrella): Application of CAx technologies in smart production as a significant basis for t; CEEPUS BA-2103-01-2627: Advanced Power Transmission Systems for Robotics and E-Mobility (APT-RE)";high;https://www.ceepus.info/nw/1812-2627
STYRIAN TECHNOLOGY PARK (Stajerski Tehnoloski Park d.o.o.);Pesnica pri Mariboru;Slovenia;SI;46.60912;15.6802;erasmus_ka2;TUKE;Strategic Partnerships for vocational education and training: Art & Creative Craft Enterprises for Successful Streaming of 3D Printing (2020-1-FR01-KA202-080183);high;https://erasmus-plus.ec.europa.eu/projects/search/details/2020-1-FR01-KA202-080183
E-zavod, Zavod za projektno svetovanje, raziskovanje in celovite razvojne rešitve;Ptuj;Slovenia;SI;46.41981;15.87174;crossborder_project;TUKE;"URBAN INNO – 2014 - 2020 INTERREG VB Central Europe; CITYCIRCLE – 2014 - 2020 INTERREG VB Central Europe; MISSION CE CLIMATE – 2021 - 2027 Interreg VI-B Central Europe; DECA – 2021 - 2027 Interreg VI-B Danube; CentraLab – 2007 - 2013 Central Europe";high;https://keep.eu/projects/17695/
Znanstveno-raziskovalno središče Bistra Ptuj;Ptuj;Slovenia;SI;46.41981;15.87174;crossborder_project;TUKE;#RomansWineDanube – 2021 - 2027 Interreg VI-B Danube;high;https://keep.eu/projects/29476/
Solski Center Ravne Na Koroskem;Ravne Na Koroskem;Slovenia;SI;46.54091;14.95713;erasmus_ka2;TUKE;Centers of Vocational Excellence: VET5.0 - Transforming Vocational Education Through Advancing Learner-Centricity, Education (101260541);high;https://erasmus-plus.ec.europa.eu/projects/search/details/101260541
Štajerski Tehnološki Park;Slovenia;Slovenia;SI;46.11994;14.81533;crossborder_project;TUKE;DTP1-006-1.1 CrowdStream – 2014 - 2020 INTERREG VB Danube;high;https://keep.eu/projects/18464/
Fakulteta Za Tehnologijo Polimerov;Slovenj Gradec;Slovenia;SI;46.51381;15.07548;erasmus_ka2;TUKE;Centers of Vocational Excellence: VET5.0 - Transforming Vocational Education Through Advancing Learner-Centricity, Education (101260541);high;https://erasmus-plus.ec.europa.eu/projects/search/details/101260541
Mocis Center Za Izobrazevanje Odraslih;Slovenj Gradec;Slovenia;SI;46.51048;15.08132;erasmus_ka2;TUKE;Centers of Vocational Excellence: VET5.0 - Transforming Vocational Education Through Advancing Learner-Centricity, Education (101260541);high;https://erasmus-plus.ec.europa.eu/projects/search/details/101260541
Faculty of Environmental Protection (FVO);Velenje;Slovenia;SI;46.35929;15.11503;ceepus;TUKE;"CEEPUS RO-0013-22-2627: Teaching and Research of Environment-oriented Technologies in Manufacturing; CEEPUS RS-0304-19-2627: Technical Characteristics Researching of Modern Products in Machine Industry wit";high;https://www.ceepus.info/nw/0013-2627
ELVEZ, proizvodnja kabelske konfekcije in predelava plastičnih mas, d.o.o.;Višnja Gora;Slovenia;SI;45.95544;14.7441;crossborder_project;TUKE;CIRCOTRONIC – 2021 - 2027 Interreg VI-B Central Europe;high;https://keep.eu/projects/27722/
Primorski tehnološki park d.o.o.;Šempeter-Vrtojba;Slovenia;SI;45.91781;13.6517;crossborder_project;TUKE;Capacity2Transform – 2021 - 2027 Interreg VI-B Central Europe;high;https://keep.eu/projects/27717/
University of Johannesburg;Johannesburg;South Africa;ZA;-26.20227;28.04363;coauthorship;TUKE;36 spoločných publikácií od 2015 (posledná 2023);high;https://openalex.org/works?filter=authorships.institutions.lineage:I183764125,authorships.institutions.lineage:I24027795
North-West University;Potchefstroom;South Africa;ZA;-26.71667;27.1;coauthorship;TUKE;3 spoločných publikácií od 2015 (posledná 2022);high;https://openalex.org/works?filter=authorships.institutions.lineage:I183764125,authorships.institutions.lineage:I27765905
University of South Africa;Pretoria;South Africa;ZA;-25.74486;28.18783;coauthorship;TUKE;4 spoločných publikácií od 2015 (posledná 2025);high;https://openalex.org/works?filter=authorships.institutions.lineage:I183764125,authorships.institutions.lineage:I165390105
Stellenbosch University;Stellenbosch;South Africa;ZA;-33.93462;18.86676;research_project_eu;TUKE;1 spoločných projektov: SME 5.0;high;https://cordis.europa.eu/project/id/101086487
Daelim University College;Anyang;South Korea;KR;37.39385;126.95706;bilateral_agreement;TUKE;Memorandum of Understanding (2024);high;https://www.crz.gov.sk/zmluva/10209240/
Sun Moon University;Asan;South Korea;KR;36.78995;127.00268;bilateral_agreement;TUKE;"Memorandum of Understanding Memorandum (2023); Agreement on academic cooperation and exchange between Faculty of Mechanical Engineering, Technical University (2022)";high;https://www.crz.gov.sk/zmluva/8221209/
Korea University of Technology and Education;Cheonan;South Korea;KR;36.76374816894531;127.28160858154297;coauthorship;TUKE;3 spoločných publikácií od 2015 (posledná 2026);high;https://openalex.org/works?filter=authorships.institutions.lineage:I183764125,authorships.institutions.lineage:I35886859
Chungbuk National University;Cheongju;South Korea;KR;36.64212;127.48917;bilateral_agreement;TUKE;Memorandum of Understanding (2024);high;https://www.crz.gov.sk/zmluva/10209301/
Keimyung University;Daegu;South Korea;KR;35.8713;128.6018;bilateral_agreement;TUKE;Memorandum of Understanding (2024);high;https://www.crz.gov.sk/zmluva/10209426/
Korea Advanced Institute Of Science And Technology;Daejeon;South Korea;KR;36.33263;127.38458;research_project_eu;TUKE;1 spoločných projektov: LIFEBOTS Exchange;high;https://cordis.europa.eu/project/id/824047
Inha University;Incheon;South Korea;KR;37.456;126.7052;bilateral_agreement;TUKE;Memorandum of Understanding (2024);high;https://www.crz.gov.sk/zmluva/10209371/
Kookmin University;Seoul;South Korea;KR;37.56668;126.97829;bilateral_agreement;TUKE;Memorandum of Understanding (2024);high;https://www.crz.gov.sk/zmluva/10209467/
Korea University;Seoul;South Korea;KR;37.566;126.9784;coauthorship;TUKE;7 spoločných publikácií od 2015 (posledná 2025);high;https://openalex.org/works?filter=authorships.institutions.lineage:I183764125,authorships.institutions.lineage:I197347611
Sejong University;Seoul;South Korea;KR;37.566;126.9784;coauthorship;TUKE;3 spoločných publikácií od 2015 (posledná 2025);high;https://openalex.org/works?filter=authorships.institutions.lineage:I183764125,authorships.institutions.lineage:I28777354
Universidad De Alcala;Alcala De Henares/Madrid;Spain;ES;40.48313;-3.36259;erasmus_ka2;TUKE;Cooperation partnerships in higher education: Digital Community Engagement Accelerator for student learning and socio-economic impact (2022-1-SK01-KA220-HED-000087668);high;https://erasmus-plus.ec.europa.eu/projects/search/details/2022-1-SK01-KA220-HED-000087668
Universidad De Alicante;Alicante;Spain;ES;38.38774;-0.49388;research_project_eu;TUKE;1 spoločných projektov: SCORE;high;https://cordis.europa.eu/project/id/101003534
Universidad De Alicante;Alicante;Spain;ES;38.38774;-0.49388;erasmus_ka2;TUKE;Cooperation partnerships in higher education: Support of higher education system in a context of climate change mitigation through regio (2021-1-SK01-KA220-HED-000023274);high;https://erasmus-plus.ec.europa.eu/projects/search/details/2021-1-SK01-KA220-HED-000023274
University of Alicante;Alicante;Spain;ES;38.34516906738281;-0.48148998618125916;coauthorship;TUKE;8 spoločných publikácií od 2015 (posledná 2025);high;https://openalex.org/works?filter=authorships.institutions.lineage:I183764125,authorships.institutions.lineage:I130194489
Mondragon Goi Eskola Politeknikoa Jose Maria Arizmendiarrieta S Coop;Arrasate;Spain;ES;43.06125;-2.49782;research_project_eu;TUKE;1 spoločných projektov: ACCENT;high;https://cordis.europa.eu/project/id/213855
Universidad de Extremadura;Badajoz;Spain;ES;38.877891540527344;-6.97061014175415;coauthorship;TUKE;6 spoločných publikácií od 2015 (posledná 2026);high;https://openalex.org/works?filter=authorships.institutions.lineage:I183764125,authorships.institutions.lineage:I80606768
Barcelona Supercomputing Center Centro Nacional De Supercomputacion;Barcelona;Spain;ES;41.38932;2.11623;research_project_eu;TUKE;1 spoločných projektov: AI4EU;high;https://cordis.europa.eu/project/id/825619
Centre D'Estudis Dona I Societat;Barcelona;Spain;ES;41.38258;2.17707;research_project_eu;TUKE;1 spoločných projektov: MOTIVATION;high;https://cordis.europa.eu/project/id/217843
Diputacion Provincial De Barcelona;Barcelona;Spain;ES;41.39564;2.15749;research_project_eu;TUKE;1 spoločných projektov: SCORE;high;https://cordis.europa.eu/project/id/101003534
EIT Urban Mobility;Barcelona;Spain;ES;41.38258;2.17707;erasmus_ka2;TUKE;SUB -GRANT AGREEMENT under the RIS programme 2022 21277 (2022);high;https://www.crz.gov.sk/zmluva/6427287/
Eroots Analytics Sl;Barcelona;Spain;ES;41.75787;2.03118;research_project_eu;TUKE;1 spoločných projektov: Hy-DETAILS;high;https://cordis.europa.eu/project/id/101312096
Fundació Institució dels Centres de Recerca de Catalunya;Barcelona;Spain;ES;41.38258;2.17707;crossborder_project;TUKE;CITISYSTEM – 2021 - 2027 Interreg VI-C Interreg Europe;high;https://keep.eu/projects/32926/
Institut Quimic De Sarria;Barcelona;Spain;ES;41.38818;2.19025;research_project_eu;TUKE;1 spoločných projektov: INTEG-RISK;high;https://cordis.europa.eu/project/id/213345
Universitat Politècnica de Catalunya · Barcelona Tech – UPC (Universidad Politécnica de Cataluña · Barcelona Tech – UPC);Barcelona;Spain;ES;41.38258;2.17707;erasmus_eu;FEI;"študenti; Erasmus kód E BARCELO03";high;https://erasmus.tuke.sk/partnerske-institucie-v-eu-a-ehp/
Universitat Politècnica de Catalunya · Barcelona Tech – UPC (Universidad Politécnica de Cataluña · Barcelona Tech – UPC);Barcelona;Spain;ES;41.38258;2.17707;research_project_eu;TUKE;2 spoločných projektov: AI4EU, Hy-DETAILS;high;https://cordis.europa.eu/project/id/101312096
Universitat Politècnica de Catalunya · Barcelona Tech – UPC (Universidad Politécnica de Cataluña · Barcelona Tech – UPC);Barcelona;Spain;ES;41.38258;2.17707;coauthorship;TUKE;5 spoločných publikácií od 2015 (posledná 2020);high;https://openalex.org/works?filter=authorships.institutions.lineage:I183764125,authorships.institutions.lineage:I9617848
Asociacion De Empresas Tecnologicas Innovalia;Bilbao;Spain;ES;43.26271;-2.92528;research_project_eu;TUKE;1 spoločných projektov: MIDIH;high;https://cordis.europa.eu/project/id/767498
Basque International Research Association;Bilbao;Spain;ES;43.27099;-2.9446;erasmus_ka2;TUKE;Cooperation partnerships in vocational education and training: Twin Transition: Empowering European SMEs for the Digital and Green Future (2025-1-SK01-KA220-VET-000352277);high;https://erasmus-plus.ec.europa.eu/projects/search/details/2025-1-SK01-KA220-VET-000352277
Business Innovation Brokers S. Coop.;Bilbao;Spain;ES;43.263;-2.935;research_project_eu;TUKE;1 spoločných projektov: EBEST;high;https://cordis.europa.eu/project/id/243554
Iberdrola Sa;Bilbao;Spain;ES;43.26788;-2.93859;research_project_eu;TUKE;1 spoločných projektov: INTEG-RISK;high;https://cordis.europa.eu/project/id/213345
Integral De Medios Sl;Bilbao;Spain;ES;43.263;-2.935;research_project_eu;TUKE;1 spoločných projektov: EBEST;high;https://cordis.europa.eu/project/id/243554
Naider Analisis Y Accion Socioeconomica Sl;Bilbao;Spain;ES;43.26301;-2.93499;research_project_eu;TUKE;1 spoločných projektov: SCORE;high;https://cordis.europa.eu/project/id/101003534
Fundacion Cartif;Boecillo;Spain;ES;41.5409;-4.6994;research_project_eu;TUKE;2 spoločných projektov: AI4EU, KNOWBRIDGE;high;https://cordis.europa.eu/project/id/825619
Sociedad De Investigacion Y Explotacion Minera De Castilla Y Leon S.A.;Boecillo Valladolid;Spain;ES;41.5585;-4.66736;research_project_eu;TUKE;1 spoločných projektov: MIREU;high;https://cordis.europa.eu/project/id/776811
Sea Teach S.L.;Cala D'or;Spain;ES;39.37159;3.22334;erasmus_ka2;TUKE;Strategic Partnerships for vocational education and training: Stimulating And Validating digital Entrepreneurship as the best way to increasing the qual (2019-1-PL01-KA202-065209);high;https://erasmus-plus.ec.europa.eu/projects/search/details/2019-1-PL01-KA202-065209
Institut de Recerca i Tecnologia Agroalimentàries;Caldes de Montbui;Spain;ES;41.63448;2.16261;crossborder_project;TUKE;CITISYSTEM – 2021 - 2027 Interreg VI-C Interreg Europe;high;https://keep.eu/projects/32926/
Universitat Autonoma De Barcelona;Cerdanyola Barcelona;Spain;ES;41.50014;2.10794;erasmus_ka2;TUKE;Cooperation partnerships in higher education: Digital skills and cross-domain entrepreneurship for societal challenges (2021-1-PL01-KA220-HED-000027649);high;https://erasmus-plus.ec.europa.eu/projects/search/details/2021-1-PL01-KA220-HED-000027649
Libelium Lab Sl;Ceuti;Spain;ES;38.07712;-1.27127;research_project_eu;TUKE;1 spoločných projektov: MIDIH;high;https://cordis.europa.eu/project/id/767498
University of Castilla–La Mancha (Universidad de Castilla-La Mancha);Ciudad Real;Spain;ES;38.98542;-3.92851;erasmus_eu;EkF;"študenti + zamestnanci; Erasmus kód E CIUDA-R01";high;https://erasmus.tuke.sk/partnerske-institucie-v-eu-a-ehp/
Sisu Labs Sl;Cornella De Llobregat;Spain;ES;41.35572;2.07062;research_project_eu;TUKE;1 spoločných projektov: URBAN SENSING;high;https://cordis.europa.eu/project/id/314887
Fundacion Icamcyl;Cubillos Del Sil Leon;Spain;ES;40.41985;-3.70161;research_project_eu;TUKE;2 spoločných projektov: MIREU, WIDEX;high;https://cordis.europa.eu/project/id/101159826
Politeknika Ikastegia Txorierri S.Coop;Derio;Spain;ES;43.29425;-2.88033;erasmus_ka2;TUKE;"Strategic Partnerships for vocational education and training: Tracking Learning and Career Paths of VET graduates, to improve quality of VET provision (2018-1-SK01-KA202-046331); Centers of Vocational Excellence: SECOVE - Sustainable Energy Centres of Vocational Excellence (101056201); Cooperation partnerships in vocational education and training: Protection against flash floods (2022-1-SK01-KA220-VET-000086741); Partnerships for Digital Education Readiness: Benchmarking for Quality Assurance in e-learning provision of VET education (2020-1-SK01-KA226-VET-094266); Strategic Partnerships for vocational education and training: Return on Investment of Work Based Learning and apprenticeships (2017-1-SK01-KA202-035375)";high;https://erasmus-plus.ec.europa.eu/projects/search/details/2018-1-SK01-KA202-046331
Fundacion Tecnalia Research & Innovation;Donostia-San Sebastian (Gipuzkoa);Spain;ES;43.29169;-2.88588;research_project_eu;TUKE;3 spoločných projektov: ESPOSA, INERTIA, INTEG-RISK;high;https://cordis.europa.eu/project/id/318216
Nueva Herramienta De Corte, S.A.;Elorrio;Spain;ES;43.13046;-2.54265;research_project_eu;TUKE;1 spoločných projektov: MIDIH;high;https://cordis.europa.eu/project/id/767498
Universidad Carlos Iii De Madrid;Getafe (Madrid);Spain;ES;40.31529;-3.7271;research_project_eu;TUKE;2 spoločných projektov: INDECT, RETROTRAFO;high;https://cordis.europa.eu/project/id/101182948
Consultores De Automatizacion Yrobotica Sa;Getxo Bizkaia;Spain;ES;43.34312;-3.00786;erasmus_ka2;TUKE;Strategic Partnerships for vocational education and training: AuToMa - Automation, Technology transfer and Managerial practices for the growth of SMEs,  (2016-1-IT01-KA202-005599);high;https://erasmus-plus.ec.europa.eu/projects/search/details/2016-1-IT01-KA202-005599
Universitat de Girona;Girona;Spain;ES;41.9793;2.81994;crossborder_project;TUKE;ENMR – 2000 - 2006 Interreg IIIC North;high;https://keep.eu/projects/268/
Universidad De Granada;Granada;Spain;ES;37.1735;-3.59953;erasmus_ka2;TUKE;Strategic Partnerships for higher education: Technology Transfer Together (2020-1-CZ01-KA203-078313);high;https://erasmus-plus.ec.europa.eu/projects/search/details/2020-1-CZ01-KA203-078313
University of Huelva (Universidad de Huelva);Huelva;Spain;ES;37.25759;-6.94849;erasmus_eu;FBERG;"študenti + zamestnanci; Erasmus kód E HUELVA01";high;https://erasmus.tuke.sk/partnerske-institucie-v-eu-a-ehp/
Fundacion Para El Desarrollo De Las Nuevas Tecnologias Del Hidrogeno En Aragon;Huesca;Spain;ES;42.1052;-0.459;research_project_eu;TUKE;1 spoločných projektov: EASTGATEH2V;high;https://cordis.europa.eu/project/id/101192335
Universidade Da Coruna;La Coruna;Spain;ES;43.37087;-8.38994;erasmus_ka2;TUKE;Cooperation partnerships in higher education: Design2Freedom: promoviendo el Diseño Centrado en la Persona aplicado a la discapacidad en (2023-1-ES01-KA220-HED-000154427);high;https://erasmus-plus.ec.europa.eu/projects/search/details/2023-1-ES01-KA220-HED-000154427
Fundacion Andaluza Para El Desarrollo Aeroespacial;La Rinconada Sevilla;Spain;ES;37.39389;-6.00355;research_project_eu;TUKE;1 spoločných projektov: RIMA;high;https://cordis.europa.eu/project/id/824990
Atos Consulting Canarias Sa Unipersonal;Las Palmas De Gran Canaria;Spain;ES;28.12887;-15.43494;research_project_eu;TUKE;1 spoločných projektov: MIDIH;high;https://cordis.europa.eu/project/id/767498
Universidad de las Palmas de Gran Canaria;Las Palmas de Gran Canaria;Spain;ES;28.12887;-15.4349;erasmus_eu;EkF;"študenti + zamestnanci; Erasmus kód E LAS-PAL01";high;https://erasmus.tuke.sk/partnerske-institucie-v-eu-a-ehp/
Basque Center for Materials, Applications and Nanostructures;Leioa;Spain;ES;43.29641342163086;-2.866381883621216;coauthorship;TUKE;4 spoločných publikácií od 2015 (posledná 2023);high;https://openalex.org/works?filter=authorships.institutions.lineage:I183764125,authorships.institutions.lineage:I2801587439
Fundacion Bcmaterials -  Basque Centre For Materials, Applications And Nanostructures;Leioa;Spain;ES;43.32686;-2.98884;research_project_eu;TUKE;1 spoločných projektov: RETROTRAFO;high;https://cordis.europa.eu/project/id/101182948
University of the Basque Country;Leioa;Spain;ES;43.32686;-2.98884;coauthorship;TUKE;3 spoločných publikácií od 2015 (posledná 2026);high;https://openalex.org/works?filter=authorships.institutions.lineage:I183764125,authorships.institutions.lineage:I169108374
Cluster Para La Mineria Sostenible Y Servicios Asociados De La Peninsula Iberica - Iberian Sustainable Mining Cluster;Leon;Spain;ES;41.80372;-4.74717;research_project_eu;TUKE;1 spoločných projektov: WIDEX;high;https://cordis.europa.eu/project/id/101159826
Universitat de Lleida;Lleida;Spain;ES;41.61674118041992;0.6221799850463867;coauthorship;TUKE;3 spoločných publikácií od 2015 (posledná 2020);high;https://openalex.org/works?filter=authorships.institutions.lineage:I183764125,authorships.institutions.lineage:I15766328
Agencia Estatal Consejo Superior De Investigaciones Cientificas;Madrid;Spain;ES;40.4165;-3.70256;research_project_eu;TUKE;1 spoločných projektov: AI4EU;high;https://cordis.europa.eu/project/id/825619
Apif Moviquity S.A.;Madrid;Spain;ES;40.41678;-3.70351;research_project_eu;TUKE;1 spoločných projektov: INDECT;high;https://cordis.europa.eu/project/id/218086
Asociacion Espanola De Normalizacion;Madrid;Spain;ES;40.42721;-3.69523;research_project_eu;TUKE;1 spoločných projektov: MONSOON;high;https://cordis.europa.eu/project/id/723650
Atos It Solutions And Services Iberia Sl;Madrid;Spain;ES;40.43467;-3.63256;research_project_eu;TUKE;1 spoločných projektov: MIDIH;high;https://cordis.europa.eu/project/id/767498
Atos Spain Sa;Madrid;Spain;ES;40.4165;-3.70256;research_project_eu;TUKE;3 spoločných projektov: AI4EU, INTEG-RISK, MIDIH;high;https://cordis.europa.eu/project/id/767498
Complutense University of Madrid (Universidad Complutense de Madrid);Madrid;Spain;ES;40.41678;-3.70351;erasmus_eu;EkF;"študenti; Erasmus kód E MADRID03";high;https://erasmus.tuke.sk/partnerske-institucie-v-eu-a-ehp/
Confederacion Espanola De Personas Con Discapacidad Fisica Y Organica - Cocemfe;Madrid;Spain;ES;40.44463;-3.67323;erasmus_ka2;TUKE;Cooperation partnerships in higher education: Design2Freedom: promoviendo el Diseño Centrado en la Persona aplicado a la discapacidad en (2023-1-ES01-KA220-HED-000154427);high;https://erasmus-plus.ec.europa.eu/projects/search/details/2023-1-ES01-KA220-HED-000154427
Consejo Superior de Investigaciones Científicas;Madrid;Spain;ES;40.4165;-3.70256;coauthorship;TUKE;5 spoločných publikácií od 2015 (posledná 2024);high;https://openalex.org/works?filter=authorships.institutions.lineage:I183764125,authorships.institutions.lineage:I134820265
Enagas Sa;Madrid;Spain;ES;40.4167;-3.70358;research_project_eu;TUKE;1 spoločných projektov: INTEG-RISK;high;https://cordis.europa.eu/project/id/213345
Euro-Funding Eu Projects Sociedad Limitada;Madrid;Spain;ES;40.41933;-3.68905;research_project_eu;TUKE;1 spoločných projektov: ATM-EXCITE;high;https://cordis.europa.eu/project/id/101167361
Instituto de Ciencia de Materiales de Madrid;Madrid;Spain;ES;40.416500091552734;-3.7025599479675293;coauthorship;TUKE;7 spoločných publikácií od 2015 (posledná 2026);high;https://openalex.org/works?filter=authorships.institutions.lineage:I183764125,authorships.institutions.lineage:I4210118429
Sig De Raee Y Pilas Sociedad Limitada;Madrid;Spain;ES;40.4167;-3.70358;research_project_eu;TUKE;1 spoločných projektov: REBELION;high;https://cordis.europa.eu/project/id/101104241
Technical University of Madrid (Universidad Politécnica de Madrid);Madrid;Spain;ES;40.41678;-3.70351;erasmus_eu;FBERG, FVT;"študenti + zamestnanci; Erasmus kód E MADRID05";high;https://erasmus.tuke.sk/partnerske-institucie-v-eu-a-ehp/
Technical University of Madrid (Universidad Politécnica de Madrid);Madrid;Spain;ES;40.41678;-3.70351;research_project_eu;TUKE;1 spoločných projektov: AI4EU;high;https://cordis.europa.eu/project/id/825619
Technical University of Madrid (Universidad Politécnica de Madrid);Madrid;Spain;ES;40.41678;-3.70351;coauthorship;TUKE;3 spoločných publikácií od 2015 (posledná 2026);high;https://openalex.org/works?filter=authorships.institutions.lineage:I183764125,authorships.institutions.lineage:I88060688
Universidad Nacional De Educacion A Distancia;Madrid;Spain;ES;40.4167;-3.70358;research_project_eu;TUKE;1 spoločných projektov: REBELION;high;https://cordis.europa.eu/project/id/101104241
Adhera Health Slu;Mairena Del Aljarafe;Spain;ES;37.34449;-6.06068;research_project_eu;TUKE;1 spoločných projektov: LIFEBOTS Exchange;high;https://cordis.europa.eu/project/id/824047
Mondragon University (Mondragon Unibertsitatea);Mondragon;Spain;ES;43.06568;-2.49008;erasmus_eu;SjF, TUKE;"študenti + zamestnanci; Erasmus kód E MONDRAG01";high;https://erasmus.tuke.sk/partnerske-institucie-v-eu-a-ehp/
Mondragon University (Mondragon Unibertsitatea);Mondragon;Spain;ES;43.06568;-2.49008;research_cooperation;FMMR;Partner FMMR v zahraničí;high;https://fmmr.tuke.sk/wps/portal/fmmr/spolupraca/partneri-v-zahranici
University of Málaga (Universidad de Málaga);Málaga;Spain;ES;36.76479;-4.4422;erasmus_eu;EkF, FEI, SjF;"študenti + zamestnanci; Erasmus kód E MALAGA01";high;https://erasmus.tuke.sk/partnerske-institucie-v-eu-a-ehp/
University of Málaga (Universidad de Málaga);Málaga;Spain;ES;36.76479;-4.4422;research_project_eu;TUKE;2 spoločných projektov: PLUGGY, SPIKE;high;https://cordis.europa.eu/project/id/726765
University of Málaga (Universidad de Málaga);Málaga;Spain;ES;36.76479;-4.4422;coauthorship;TUKE;3 spoločných publikácií od 2015 (posledná 2019);high;https://openalex.org/works?filter=authorships.institutions.lineage:I183764125,authorships.institutions.lineage:I82767444
Centro Europeo de Empresas e Innovación de Navarra S.A.;Noáin;Spain;ES;42.76278;-1.63412;crossborder_project;TUKE;ORGANZA – 2007 - 2013 Interreg IVC;high;https://keep.eu/projects/505/
Oarsoaldea Sa;Oiartzun;Spain;ES;43.29849;-1.85966;research_project_eu;TUKE;1 spoločných projektov: SCORE;high;https://cordis.europa.eu/project/id/101003534
Universidad De Navarra;Pamplona;Spain;ES;42.81855;-1.64442;research_project_eu;TUKE;1 spoločných projektov: Adapt4EE;high;https://cordis.europa.eu/project/id/288150
Instituto De Enseñanza Secundaria Puerto De La Cruz - Telesforo Bravo;Puerto De La Cruz;Spain;ES;28.41226;-16.55099;erasmus_ka2;TUKE;Strategic Partnerships for higher education: Talented Europe (2015-1-ES01-KA203-016176);high;https://erasmus-plus.ec.europa.eu/projects/search/details/2015-1-ES01-KA203-016176
Asociacion De Industrias De Conocimiento Y Tecnologia - Gaia - Euskalherriko Ezagutza Eta Teknologia Industrien Elkartea;San Sebastian;Spain;ES;43.32242;-1.98389;research_project_eu;TUKE;1 spoločných projektov: EBEST;high;https://cordis.europa.eu/project/id/243554
Asociacion De Industrias De Conocimiento Y Tecnologia - Gaia - Euskalherriko Ezagutza Eta Teknologia Industrien Elkartea;San Sebastian;Spain;ES;43.32242;-1.98389;erasmus_ka2;TUKE;Centers of Vocational Excellence: SECOVE - Sustainable Energy Centres of Vocational Excellence (101056201);high;https://erasmus-plus.ec.europa.eu/projects/search/details/101056201
Fundacio Institut De Recerca En Energia De Catalunya;Sant Adria De Besos;Spain;ES;41.43048;2.21828;research_project_eu;TUKE;1 spoločných projektov: Hy-DETAILS;high;https://cordis.europa.eu/project/id/101312096
Centro Integrado de Formación Profesional César Manrique;Santa Cruz de Tenerife;Spain;ES;28.45612;-16.28351;erasmus_ka2;TUKE;Strategic Partnerships for higher education: Talented Europe (2015-1-ES01-KA203-016176);high;https://erasmus-plus.ec.europa.eu/projects/search/details/2015-1-ES01-KA203-016176
Universidad De Cantabria;Santander;Spain;ES;43.46231;-3.81011;research_project_eu;TUKE;1 spoločných projektov: RETROTRAFO;high;https://cordis.europa.eu/project/id/101182948
University of Cantabria;Santander;Spain;ES;43.46189;-3.81003;research_cooperation;FEI;Consortium Agreement RETROTRAFO (2025);high;https://www.crz.gov.sk/zmluva/11252653/
Escuela de Arte de Sevilla;Sevilla;Spain;ES;37.38863;-5.99534;erasmus_eu;FU;"študenti + zamestnanci; Erasmus kód E SEVILLA10";high;https://erasmus.tuke.sk/partnerske-institucie-v-eu-a-ehp/
Fundacion De Investigacion De La Universidad De Sevilla;Sevilla;Spain;ES;37.38863;-5.99534;erasmus_ka2;TUKE;European Universities: ULYSSEUS - Consolidating Ulysseus: an open to the world, persons-centred and entrepreneuri (101124733);high;https://erasmus-plus.ec.europa.eu/projects/search/details/101124733
Idener Research & Development Aie;Sevilla;Spain;ES;37.3915;-6.0101;research_project_eu;TUKE;1 spoločných projektov: WIDEX;high;https://cordis.europa.eu/project/id/101159826
Junta de Andalucia;Sevilla;Spain;ES;37.38863;-5.99534;crossborder_project;TUKE;ENMR – 2000 - 2006 Interreg IIIC North;high;https://keep.eu/projects/268/
Mobiguo Sl;Sevilla;Spain;ES;37.38863;-5.99534;research_project_eu;TUKE;1 spoločných projektov: URBAN SENSING;high;https://cordis.europa.eu/project/id/314887
Secretaria General De Industria Y Minas;Sevilla;Spain;ES;37.40839;-6.00419;research_project_eu;TUKE;1 spoločných projektov: MIREU;high;https://cordis.europa.eu/project/id/776811
Servicio Andaluz De Salud;Sevilla;Spain;ES;37.38283;-5.97317;research_project_eu;TUKE;1 spoločných projektov: LIFEBOTS Exchange;high;https://cordis.europa.eu/project/id/824047
University of Seville (Universidad de Sevilla);Sevilla;Spain;ES;37.38863;-5.99534;erasmus_eu;FBERG, LF, TUKE;"študenti + zamestnanci; Erasmus kód E SEVILLA01";high;https://erasmus.tuke.sk/partnerske-institucie-v-eu-a-ehp/
University of Seville (Universidad de Sevilla);Sevilla;Spain;ES;37.38863;-5.99534;research_project_eu;TUKE;2 spoločných projektov: COMPASS, RIMA;high;https://cordis.europa.eu/project/id/824990
University of Seville (Universidad de Sevilla);Sevilla;Spain;ES;37.38863;-5.99534;erasmus_ka2;EkF;Agreement – Erasmus+ Programme (KA220) (2026);high;https://www.crz.gov.sk/zmluva/11862964/
University of Seville (Universidad de Sevilla);Sevilla;Spain;ES;37.38863;-5.99534;alliance;TUKE;"Consortium Agreement ULYSSEUS 101124733 (TUKE: (2026); Ulysseus Mobility Framework Agreement (2025)";high;https://www.crz.gov.sk/zmluva/11862705/
University of Seville (Universidad de Sevilla);Sevilla;Spain;ES;37.38863;-5.99534;bilateral_agreement;TUKE;"Joint Partnership Agreement (2025); Cooperation Agreement (2024); Framework Ageement (2023) (+1)";high;https://www.crz.gov.sk/zmluva/10294857/
University of Seville (Universidad de Sevilla);Sevilla;Spain;ES;37.38863;-5.99534;erasmus_ka2;TUKE;"European Universities: ULYSSEUS - Consolidating Ulysseus: an open to the world, persons-centred and entrepreneuri (101124733); Mobility  of young people: UlySA4Society (2025-3-FR02-KA152-YOU-000378513); Mobility  of young people: UlySA BOOTCAMP (2025-1-FR02-KA152-YOU-000304542); Cooperation partnerships in higher education: Personalised AI Tool for etHical career guidance (2024-1-ES01-KA220-HED-000257515); Cooperation partnerships in higher education: Boosting success through internationalization (2025-1-FR01-KA220-HED-000363516); Partnerships for Digital Education Readiness: DigitalSoftSkills@UlyssEUS (2020-1-FR01-KA226-HE-095221) (+1)";high;https://erasmus-plus.ec.europa.eu/projects/search/details/101124733
University of Seville (Universidad de Sevilla);Sevilla;Spain;ES;37.38863;-5.99534;coauthorship;TUKE;8 spoločných publikácií od 2015 (posledná 2026);high;https://openalex.org/works?filter=authorships.institutions.lineage:I183764125,authorships.institutions.lineage:I79238269
Instituto de Ciencia de Materiales de Sevilla;Seville;Spain;ES;37.38283157348633;-5.973169803619385;coauthorship;TUKE;3 spoločných publikácií od 2015 (posledná 2026);high;https://openalex.org/works?filter=authorships.institutions.lineage:I183764125,authorships.institutions.lineage:I4210094839
Rovira i Virgili University (Universitat Rovira i Virgili);Tarragona;Spain;ES;41.11724;1.25461;erasmus_eu;EkF;"zamestnanci; Erasmus kód E TARRAGO01";high;https://erasmus.tuke.sk/partnerske-institucie-v-eu-a-ehp/
Ona Product Sl;Valencia;Spain;ES;39.4699;-0.37595;research_project_eu;TUKE;1 spoločných projektov: REBELION;high;https://cordis.europa.eu/project/id/101104241
Technical University of Valencia (Universitat Politècnica de València);Valencia;Spain;ES;39.46971;-0.37634;erasmus_eu;FEI, FU, SvF;"študenti + zamestnanci; Erasmus kód E VALENCI02";high;https://erasmus.tuke.sk/partnerske-institucie-v-eu-a-ehp/
Technical University of Valencia (Universitat Politècnica de València);Valencia;Spain;ES;39.46971;-0.37634;research_project_eu;TUKE;1 spoločných projektov: REBELION;high;https://cordis.europa.eu/project/id/101104241
Technical University of Valencia (Universitat Politècnica de València);Valencia;Spain;ES;39.46971;-0.37634;erasmus_ka2;TUKE;"Strategic Partnerships for higher education: Education of Future ICT Experts Based on Smart Society Needs (2019-1-SK01-KA203-060789); Strategic Partnerships for higher education: The ICT Engineer of the 21st Century: Mastering Technical Competencies, Management Skills, (2017-1-HR01-KA203-035408); Strategic Partnerships for higher education: Innovative ICT Solutions for the Societal Challenges (2015-1-HR01-KA203-013124)";high;https://erasmus-plus.ec.europa.eu/projects/search/details/2019-1-SK01-KA203-060789
Technical University of Valencia (Universitat Politècnica de València);Valencia;Spain;ES;39.46971;-0.37634;coauthorship;TUKE;3 spoločných publikácií od 2015 (posledná 2026);high;https://openalex.org/works?filter=authorships.institutions.lineage:I183764125,authorships.institutions.lineage:I60053951
University of Valencia (Universitat de València);Valencia;Spain;ES;39.46971;-0.37634;erasmus_eu;EkF;"študenti + zamestnanci; Erasmus kód E VALENCI01";high;https://erasmus.tuke.sk/partnerske-institucie-v-eu-a-ehp/
Consejeria De Economia Y Hacienda Junta De Castilla Y Leon;Valladolid;Spain;ES;41.64847;-4.73883;research_project_eu;TUKE;1 spoločných projektov: MIREU;high;https://cordis.europa.eu/project/id/776811
Fundacion Intras;Valladolid;Spain;ES;41.70683;-4.85437;erasmus_ka2;TUKE;Cooperation partnerships in adult education: Seniors Climate Action (2022-2-SK01-KA220-ADU-000098350);high;https://erasmus-plus.ec.europa.eu/projects/search/details/2022-2-SK01-KA220-ADU-000098350
Smartrural Sll;Valladolid;Spain;ES;41.70683;-4.85437;research_project_eu;TUKE;1 spoločných projektov: AI4EU;high;https://cordis.europa.eu/project/id/825619
Universidade de Vigo;Vigo;Spain;ES;42.23282;-8.72264;coauthorship;TUKE;4 spoločných publikácií od 2015 (posledná 2024);high;https://openalex.org/works?filter=authorships.institutions.lineage:I183764125,authorships.institutions.lineage:I6289922
Neapolis;Vilanova I La Geltro;Spain;ES;41.22319;1.73353;research_project_eu;TUKE;1 spoločných projektov: SCORE;high;https://cordis.europa.eu/project/id/101003534
Serveis De Suport A La Gestio Sl;Vilanova I La Geltru;Spain;ES;41.22422;1.72577;research_project_eu;TUKE;1 spoločných projektov: SCORE;high;https://cordis.europa.eu/project/id/101003534
Ajuntament De Vilanova I La Geltru;Vilanova I La Geltru Barcelona;Spain;ES;41.2242;1.72563;research_project_eu;TUKE;1 spoločných projektov: SCORE;high;https://cordis.europa.eu/project/id/101003534
Asociacion Empresarial De Investigacion Centro Tecnologico Del Mueble Y La Madera De La Region De Murcia;Yecla;Spain;ES;38.6136;-1.11579;erasmus_ka2;TUKE;Strategic Partnerships for vocational education and training: Art & Creative Craft Enterprises for Successful Streaming of 3D Printing (2020-1-FR01-KA202-080183);high;https://erasmus-plus.ec.europa.eu/projects/search/details/2020-1-FR01-KA202-080183
Ondoan S Coop Ltda;Zamudio;Spain;ES;43.29557;-2.87185;erasmus_ka2;TUKE;Centers of Vocational Excellence: SECOVE - Sustainable Energy Centres of Vocational Excellence (101056201);high;https://erasmus-plus.ec.europa.eu/projects/search/details/101056201
Industria De Turbo Propulsores S.A.U.;Zamudio-Vizcaya;Spain;ES;43.28567;-2.89733;research_project_eu;TUKE;1 spoločných projektov: ACCENT;high;https://cordis.europa.eu/project/id/213855
ITAINNOVA/ Instituto Tecnológico de Aragón;Zaragoza;Spain;ES;41.69158;-0.91013;crossborder_project;TUKE;RECORD – 2014 - 2020 Interreg Europe;high;https://keep.eu/projects/18953/
Instituto Aragones De Fomento;Zaragoza;Spain;ES;41.65213;-0.88094;research_project_eu;TUKE;1 spoločných projektov: MIREU;high;https://cordis.europa.eu/project/id/776811
Instituto de Síntesis Química y Catálisis Homogénea;Zaragoza;Spain;ES;41.65605926513672;-0.8773400187492371;coauthorship;TUKE;3 spoločných publikácií od 2015 (posledná 2019);high;https://openalex.org/works?filter=authorships.institutions.lineage:I183764125,authorships.institutions.lineage:I4210087524
Universidad de Zaragoza;Zaragoza;Spain;ES;41.65606;-0.87734;coauthorship;TUKE;4 spoločných publikácií od 2015 (posledná 2026);high;https://openalex.org/works?filter=authorships.institutions.lineage:I183764125,authorships.institutions.lineage:I255234318
Rise Research Institutes Of Sweden Ab;Boras;Sweden;SE;57.71655;12.89234;research_project_eu;TUKE;1 spoločných projektov: INTEG-RISK;high;https://cordis.europa.eu/project/id/213345
Cnet Svenska Ab;Danderyd;Sweden;SE;59.39981;18.03468;research_project_eu;TUKE;3 spoločných projektov: INERTIA, PICASO, ebbits;high;https://cordis.europa.eu/project/id/689209
Chalmers Tekniska Hogskola Ab;Goteborg;Sweden;SE;57.70947;11.96613;research_project_eu;TUKE;1 spoločných projektov: SUPREEMO;high;https://cordis.europa.eu/project/id/101138353
Chalmers University of Technology;Gothenburg;Sweden;SE;57.70723;11.96702;research_cooperation;FMMR;Partner FMMR v zahraničí;high;https://fmmr.tuke.sk/wps/portal/fmmr/spolupraca/partneri-v-zahranici
University of Gothenburg;Gothenburg;Sweden;SE;57.70716;11.96679;coauthorship;TUKE;3 spoločných publikácií od 2015 (posledná 2025);high;https://openalex.org/works?filter=authorships.institutions.lineage:I183764125,authorships.institutions.lineage:I881427289
Lulea Tekniska Universitet;Lulea;Sweden;SE;59.32473;18.07065;research_project_eu;TUKE;4 spoločných projektov: Hy-DETAILS, I²MINE, MIDIH, MIREU;high;https://cordis.europa.eu/project/id/101312096
Luossavaara-Kiirunavaara Ab;Lulea;Sweden;SE;65.58088;22.14884;research_project_eu;TUKE;1 spoločných projektov: I²MINE;high;https://cordis.europa.eu/project/id/280855
Lund University;Lund;Sweden;SE;55.70584;13.19321;coauthorship;TUKE;4 spoločných publikácií od 2015 (posledná 2026);high;https://openalex.org/works?filter=authorships.institutions.lineage:I183764125,authorships.institutions.lineage:I187531555
GeoRange Malå Kommun;Malå;Sweden;SE;65.2024;18.75103;crossborder_project;TUKE;ENMR – 2000 - 2006 Interreg IIIC North;high;https://keep.eu/projects/268/
Rise Ivf Ab;Molndal;Sweden;SE;57.63781;12.0172;research_project_eu;TUKE;1 spoločných projektov: INTEG-RISK;high;https://cordis.europa.eu/project/id/213345
Orebro University;Orebro;Sweden;SE;59.25472;15.24845;research_project_eu;TUKE;1 spoločných projektov: AI4EU;high;https://cordis.europa.eu/project/id/825619
Optimation Ab;Pitea;Sweden;SE;65.31348;21.48994;research_project_eu;TUKE;1 spoločných projektov: Hy-DETAILS;high;https://cordis.europa.eu/project/id/101312096
Boliden Mineral Ab;Skelleftehamn;Sweden;SE;64.6876;21.23639;research_project_eu;TUKE;1 spoločných projektov: I²MINE;high;https://cordis.europa.eu/project/id/280855
Elhandeln I Stockholm Ab;Stockholm;Sweden;SE;59.32512;18.07109;research_project_eu;TUKE;1 spoločných projektov: INERTIA;high;https://cordis.europa.eu/project/id/318216
KTH Royal Institute of Technology;Stockholm;Sweden;SE;59.32512;18.07109;research_cooperation;FMMR;Partner FMMR v zahraničí;high;https://fmmr.tuke.sk/wps/portal/fmmr/spolupraca/partneri-v-zahranici
Kungliga Tekniska Hoegskolan;Stockholm;Sweden;SE;59.33692;18.07268;research_project_eu;TUKE;1 spoločných projektov: SME 5.0;high;https://cordis.europa.eu/project/id/101086487
Kungliga Tekniska Hoegskolan;Stockholm;Sweden;SE;59.33692;18.07268;erasmus_ka2;TUKE;Strategic Partnerships for higher education: Social Network based doctoral Education on Industry 4.0 (2017-1-SE01-KA203-034524);high;https://erasmus-plus.ec.europa.eu/projects/search/details/2017-1-SE01-KA203-034524
Sensus, Region Stockholm-Gotland;Stockholm;Sweden;SE;59.31461;18.07232;erasmus_ka2;TUKE;Cooperation partnerships in vocational education and training: Promoting creativity microbusiness though web tools in rural area (2021-1-SK01-KA220-VET-000032999);high;https://erasmus-plus.ec.europa.eu/projects/search/details/2021-1-SK01-KA220-VET-000032999
Stockholms Universitet;Stockholm;Sweden;SE;59.32512;18.07109;erasmus_ka2;TUKE;Strategic Partnerships addressing more than one field: HECOS FOR ETHICS – Higher Education and CompanieS FOsteRing ETHICal Skills (2014-1-IT01-KA200-002484);high;https://erasmus-plus.ec.europa.eu/projects/search/details/2014-1-IT01-KA200-002484
Mittuniversitetet;Sundsvall;Sweden;SE;62.39076;17.3071;erasmus_ka2;TUKE;Cooperation partnerships in higher education: Digital skills and cross-domain entrepreneurship for societal challenges (2021-1-PL01-KA220-HED-000027649);high;https://erasmus-plus.ec.europa.eu/projects/search/details/2021-1-PL01-KA220-HED-000027649
Gkn Aerospace Sweden Ab;Trollhaettan;Sweden;SE;58.21787;12.34139;research_project_eu;TUKE;1 spoločných projektov: ACCENT;high;https://cordis.europa.eu/project/id/213855
Region Vasterbotten;Umea;Sweden;SE;63.81457;20.30725;research_project_eu;TUKE;1 spoločných projektov: MIREU;high;https://cordis.europa.eu/project/id/776811
Umea Universitet;Umea;Sweden;SE;59.32473;18.07065;research_project_eu;TUKE;1 spoločných projektov: AI4EU;high;https://cordis.europa.eu/project/id/825619
Hitachi Energy Sweden Ab;Vasteras;Sweden;SE;59.60867;16.55225;research_project_eu;TUKE;1 spoločných projektov: I²MINE;high;https://cordis.europa.eu/project/id/280855
Åsbacka Ordtjanst Ab;Vreta Kloster;Sweden;SE;58.49348;15.50271;research_project_eu;TUKE;1 spoločných projektov: MOTIVATION;high;https://cordis.europa.eu/project/id/217843
Region Västmanland;Västerås;Sweden;SE;59.6111;16.54637;crossborder_project;TUKE;RECORD – 2014 - 2020 Interreg Europe;high;https://keep.eu/projects/18953/
Meteoblue Ag;Basel;Switzerland;CH;47.56201;7.59528;research_project_eu;TUKE;1 spoločných projektov: SWIM;high;https://cordis.europa.eu/project/id/101215230
Haute Ecole Specialisee De Suisse Occidentale;Delemont;Switzerland;CH;47.3626;7.35295;research_project_eu;TUKE;1 spoločných projektov: SCORE;high;https://cordis.europa.eu/project/id/101003534
Swiss Federal Laboratories for Materials Science and Technology;Dübendorf;Switzerland;CH;47.397239685058594;8.618720054626465;coauthorship;TUKE;5 spoločných publikácií od 2015 (posledná 2024);high;https://openalex.org/works?filter=authorships.institutions.lineage:I183764125,authorships.institutions.lineage:I71824836
Vsh Hagerbach Test Gallery Ltd;Flums;Switzerland;CH;47.09397;9.34359;research_project_eu;TUKE;2 spoločných projektov: INTEG-RISK, I²MINE;high;https://cordis.europa.eu/project/id/280855
European Organization for Nuclear Research;Geneva;Switzerland;CH;46.20222;6.14569;coauthorship;TUKE;3 spoločných publikácií od 2015 (posledná 2026);high;https://openalex.org/works?filter=authorships.institutions.lineage:I183764125,authorships.institutions.lineage:I67311998
Universite De Geneve;Geneve;Switzerland;CH;46.19964;6.1422;research_project_eu;TUKE;1 spoločných projektov: LIFEBOTS Exchange;high;https://cordis.europa.eu/project/id/824047
Centre Hospitalier Universitaire Vaudois;Lausanne;Switzerland;CH;46.52495;6.64062;research_project_eu;TUKE;1 spoločných projektov: SMILING;high;https://cordis.europa.eu/project/id/215493
Ecole Polytechnique Federale De Lausanne;Lausanne;Switzerland;CH;46.52183;6.6327;research_project_eu;TUKE;1 spoločných projektov: SMILING;high;https://cordis.europa.eu/project/id/215493
Universite De Lausanne;Lausanne;Switzerland;CH;46.52276;6.58028;erasmus_ka2;TUKE;Cooperation partnerships in higher education: Digital skills and cross-domain entrepreneurship for societal challenges (2021-1-PL01-KA220-HED-000027649);high;https://erasmus-plus.ec.europa.eu/projects/search/details/2021-1-PL01-KA220-HED-000027649
Fondation De L'Institut De Recherche Idiap;Martigny;Switzerland;CH;46.10939;7.08468;research_project_eu;TUKE;1 spoločných projektov: AI4EU;high;https://cordis.europa.eu/project/id/825619
Pg Wconsulting Sarl;Pully;Switzerland;CH;46.50756;6.64802;research_project_eu;TUKE;1 spoločných projektov: AI4EU;high;https://cordis.europa.eu/project/id/825619
Basf Construction Chemicals Europe Ag;Zurich;Switzerland;CH;47.37445;8.54104;research_project_eu;TUKE;1 spoločných projektov: I²MINE;high;https://cordis.europa.eu/project/id/280855
Schweizerische Ruckversicherungs-Gesellschaft Ag;Zurich;Switzerland;CH;47.35925;8.53524;research_project_eu;TUKE;1 spoločných projektov: INTEG-RISK;high;https://cordis.europa.eu/project/id/213345
Schweizerisches Institut Zur Forderung Der Sicherheit;Zurich;Switzerland;CH;47.37445;8.54104;research_project_eu;TUKE;1 spoločných projektov: INTEG-RISK;high;https://cordis.europa.eu/project/id/213345
Swissi AG;Zürich;Switzerland;CH;47.37445;8.54104;research_project_eu;TUKE;1 spoločných projektov: INTEG-RISK;high;https://cordis.europa.eu/project/id/213345
Chung Hua University;Hsinchu;Taiwan;TW;24.80663;120.96868;bilateral_agreement;TUKE;Agreement on student and staff exhange (2016);high;https://www.crz.gov.sk/2530191/
Hsinchu Science Park Bureau;Hsinchu;Taiwan;TW;24.80663;120.96868;bilateral_agreement;TUKE;Memorandum of Understanding on Bilateral Collaboration (2022);high;https://www.crz.gov.sk/zmluva/6141432/
National Yang Ming Chiao Tung University;Hsinchu;Taiwan;TW;24.80361;120.96861;coauthorship;TUKE;6 spoločných publikácií od 2015 (posledná 2023);high;https://openalex.org/works?filter=authorships.institutions.lineage:I183764125,authorships.institutions.lineage:I148366613
National Taipei University;New Taipei;Taiwan;TW;25.012;121.46566;bilateral_agreement;FBERG;Zmluva o spolupráci s akademickým partnerom;high;https://fberg.tuke.sk/en/academic-institutions
Tunghai University;Taichung;Taiwan;TW;24.1469;120.6839;bilateral_agreement;TUKE;Memorandum of Understanding (2021);high;https://www.crz.gov.sk/zmluva/5826435/
Tunghai University;Taichung;Taiwan;TW;24.1469;120.6839;coauthorship;TUKE;4 spoločných publikácií od 2015 (posledná 2022);high;https://openalex.org/works?filter=authorships.institutions.lineage:I183764125,authorships.institutions.lineage:I169090423
Institute of Physics, Academia Sinica;Taipei;Taiwan;TW;25.04244613647461;121.61666107177734;coauthorship;TUKE;4 spoločných publikácií od 2015 (posledná 2026);high;https://openalex.org/works?filter=authorships.institutions.lineage:I183764125,authorships.institutions.lineage:I4210111779
National Taipei University of Technology;Taipei;Taiwan;TW;25.05306;121.52639;bilateral_agreement;TUKE;Memorandum of Understanding (2022);high;https://www.crz.gov.sk/zmluva/6141423/
National Taipei University of Technology;Taipei;Taiwan;TW;25.05306;121.52639;coauthorship;TUKE;11 spoločných publikácií od 2015 (posledná 2022);high;https://openalex.org/works?filter=authorships.institutions.lineage:I183764125,authorships.institutions.lineage:I118292597
National Taiwan University of Science and Technology;Taipei;Taiwan;TW;25.01368522644043;121.54053497314453;coauthorship;TUKE;6 spoločných publikácií od 2015 (posledná 2019);high;https://openalex.org/works?filter=authorships.institutions.lineage:I183764125,authorships.institutions.lineage:I154864474
Soochow University;Taipei;Taiwan;TW;25.05306;121.52639;coauthorship;TUKE;10 spoločných publikácií od 2015 (posledná 2026);high;https://openalex.org/works?filter=authorships.institutions.lineage:I183764125,authorships.institutions.lineage:I185940356
Chung Yuan Christian University;Taoyuan;Taiwan;TW;24.993;121.301;bilateral_agreement;TUKE;Agreement for academic exchange and cooperation (2021);high;https://www.crz.gov.sk/zmluva/5826432/
National Central University, College of Earth Sciences;Taoyuan;Taiwan;TW;24.993;121.301;bilateral_agreement;FBERG;Zmluva o spolupráci s akademickým partnerom;high;https://fberg.tuke.sk/en/academic-institutions
Dangara State University;Dangara;Tajikistan;TJ;38.09835;69.34314;erasmus_ka2;TUKE;Capacity Building in higher education: Triggering innovative approaches, entrepreneurial skills and attitudes in HEI learners thr (617309-EPP-1-2020-1-SK-EPPKA2-CBHE-JP);high;https://erasmus-plus.ec.europa.eu/projects/search/details/617309-EPP-1-2020-1-SK-EPPKA2-CBHE-JP
Khorog State University Named Aftermyonsho Nazarshoev;Khorog;Tajikistan;TJ;37.49835;71.51847;erasmus_ka2;TUKE;Capacity Building in higher education: Triggering innovative approaches, entrepreneurial skills and attitudes in HEI learners thr (617309-EPP-1-2020-1-SK-EPPKA2-CBHE-JP);high;https://erasmus-plus.ec.europa.eu/projects/search/details/617309-EPP-1-2020-1-SK-EPPKA2-CBHE-JP
Kulob State University Named Afterabuabdulloh Rudaki;Kulob;Tajikistan;TJ;37.9081;69.77395;erasmus_ka2;TUKE;Capacity Building in higher education: Triggering innovative approaches, entrepreneurial skills and attitudes in HEI learners thr (617309-EPP-1-2020-1-SK-EPPKA2-CBHE-JP);high;https://erasmus-plus.ec.europa.eu/projects/search/details/617309-EPP-1-2020-1-SK-EPPKA2-CBHE-JP
Chulalongkorn University;Bangkok;Thailand;TH;13.75249;100.49351;research_cooperation;FMMR;Partner FMMR v zahraničí;high;https://fmmr.tuke.sk/wps/portal/fmmr/spolupraca/partneri-v-zahranici
Chiang Mai University;Chiang Mai;Thailand;TH;18.80704;98.95716;research_project_eu;TUKE;2 spoločných projektov: SME 4.0, SME 5.0;high;https://cordis.europa.eu/project/id/101086487
Chiang Mai University;Chiang Mai;Thailand;TH;18.80704;98.95716;bilateral_agreement;FVT;Zmluvná spolupráca na úrovni fakulty (Faculty of Mechanical Engineering);high;https://fvt.tuke.sk/en/international-cooperation
University of Gabès;Gabès;Tunisia;TN;33.8814582824707;10.098199844360352;coauthorship;TUKE;3 spoločných publikácií od 2015 (posledná 2025);high;https://openalex.org/works?filter=authorships.institutions.lineage:I183764125,authorships.institutions.lineage:I68916915
National Engineering School of Tunis;Tunis;Tunisia;TN;36.83140182495117;10.147199630737305;coauthorship;TUKE;3 spoločných publikácií od 2015 (posledná 2024);high;https://openalex.org/works?filter=authorships.institutions.lineage:I183764125,authorships.institutions.lineage:I4210131288
Afyon Kocatepe University (Afyon Kocatepe Üniversitesi);Afyonkarahisar;Turkey;TR;38.75686;30.5387;erasmus_eu;EkF, FU;"študenti + zamestnanci; Erasmus kód TR AFYON01";high;https://erasmus.tuke.sk/partnerske-institucie-v-eu-a-ehp/
Ankara Medipol University (Ankara Medipol Üniversitesi);Ankara;Turkey;TR;39.92078;32.85405;erasmus_eu;FBERG, FEI, FMMR, FVT, SjF, SvF;"študenti + zamestnanci; Erasmus kód TR ANKARA28";high;https://erasmus.tuke.sk/partnerske-institucie-v-eu-a-ehp/
Ankara University;Ankara;Turkey;TR;39.91986846923828;32.854270935058594;coauthorship;TUKE;3 spoločných publikácií od 2015 (posledná 2026);high;https://openalex.org/works?filter=authorships.institutions.lineage:I183764125,authorships.institutions.lineage:I149218525
Ankara Yıldırım Beyazıt University (Ankara Yıldırım Beyazıt Üniversitesi);Ankara;Turkey;TR;39.92078;32.85405;erasmus_eu;LF, SvF, TUKE;"študenti + zamestnanci; Erasmus kód TR ANKARA15";high;https://erasmus.tuke.sk/partnerske-institucie-v-eu-a-ehp/
Middle East Technical University (Orta Doğu Teknik Üniversitesi);Ankara;Turkey;TR;39.92078;32.85405;erasmus_eu;FBERG, FEI, FVT, SjF, SvF;"študenti + zamestnanci; Erasmus kód TR ANKARA04";high;https://erasmus.tuke.sk/partnerske-institucie-v-eu-a-ehp/
Middle East Technical University (Orta Doğu Teknik Üniversitesi);Ankara;Turkey;TR;39.92078;32.85405;coauthorship;TUKE;3 spoločných publikácií od 2015 (posledná 2020);high;https://openalex.org/works?filter=authorships.institutions.lineage:I183764125,authorships.institutions.lineage:I201799495
Tobb Ekonomi Ve Teknoloji Universitesi;Ankara;Turkey;TR;39.92152;32.85379;research_project_eu;TUKE;1 spoločných projektov: ESPOSA;high;https://cordis.europa.eu/project/id/284859
Türk Hava Kurumu Üniversitesi;Ankara;Turkey;TR;39.92078;32.85405;erasmus_eu;FBERG, FEI, FMMR, FVT, LF, SjF, SvF;"študenti + zamestnanci; Erasmus kód TR ANKARA16";high;https://erasmus.tuke.sk/partnerske-institucie-v-eu-a-ehp/
Balikesir Elektromekanik Sanayi Tesisleri Anonim Sirketi;Balikesir;Turkey;TR;39.65346;27.91315;research_project_eu;TUKE;1 spoločných projektov: RETROTRAFO;high;https://cordis.europa.eu/project/id/101182948
BILECIK UNIVERSITESI, Bilecik Seyh Edebali University;Bilecik;Turkey;TR;40.14351;29.97529;erasmus_eu;SvF;"študenti + zamestnanci; Erasmus kód TR BILECIK01";high;https://erasmus.tuke.sk/partnerske-institucie-v-eu-a-ehp/
Provest Danismanlik Limited Sirketi;Cankaya;Turkey;TR;39.88533;32.8555;erasmus_ka2;TUKE;Strategic Partnerships for vocational education and training: Occupational Safety and Risk Control in Construction and Metal Industry Sectors (2016-1-TR01-KA202-034976);high;https://erasmus-plus.ec.europa.eu/projects/search/details/2016-1-TR01-KA202-034976
Dicle University (Dicle Üniversitesi);Diyarbakır;Turkey;TR;37.91622;40.23635;erasmus_eu;FBERG, FEI, FMMR, FVT, SjF, SvF;"študenti + zamestnanci; Erasmus kód TR DIYARBA01";high;https://erasmus.tuke.sk/partnerske-institucie-v-eu-a-ehp/
Erzincan Binali Yildirim University (Erzincan Binali Yıldırım Üniversitesi);Erzincan;Turkey;TR;39.74676;39.49103;erasmus_eu;FBERG, LF;"študenti + zamestnanci; Erasmus kód TR ERZINCA01";high;https://erasmus.tuke.sk/partnerske-institucie-v-eu-a-ehp/
Tusas Motor Sanayi As;Eskisehir;Turkey;TR;39.77439;30.51912;research_project_eu;TUKE;1 spoločných projektov: ESPOSA;high;https://cordis.europa.eu/project/id/284859
Gebze Technical University;Gebze;Turkey;TR;40.80067;29.43177;research_cooperation;FMMR;Partner FMMR v zahraničí;high;https://fmmr.tuke.sk/wps/portal/fmmr/spolupraca/partneri-v-zahranici
Giresun University (Giresun Üniversitesi);Giresun;Turkey;TR;40.91763;38.38415;erasmus_eu;FVT;"študenti; Erasmus kód TR GIRESUN01";high;https://erasmus.tuke.sk/partnerske-institucie-v-eu-a-ehp/
Isparta University of Applied Sciences (Isparta Uygulamalı Bilimler Üniversitesi);Isparta;Turkey;TR;37.76367;30.55506;erasmus_eu;FEI, FVT, SjF;"študenti + zamestnanci; Erasmus kód TR ISPARTA02";high;https://erasmus.tuke.sk/partnerske-institucie-v-eu-a-ehp/
Süleyman Demirel University (Süleyman Demirel Üniversitesi);Isparta;Turkey;TR;37.76367;30.55506;erasmus_eu;SvF;"študenti + zamestnanci; Erasmus kód TR ISPARTA01";high;https://erasmus.tuke.sk/partnerske-institucie-v-eu-a-ehp/
Atard Savunma Ve Havacilik Sanayi Ileri Teknoloji Uygulamalari Arastirma Ve Gelistirme A.S.;Istanbul;Turkey;TR;41.00638;28.97587;research_project_eu;TUKE;1 spoločných projektov: ESPOSA;high;https://cordis.europa.eu/project/id/284859
Commission on the Protection of the Black Sea Against Pollution;Istanbul;Turkey;TR;41.11308;29.00867;research_project_eu;TUKE;1 spoločných projektov: SWIM;high;https://cordis.europa.eu/project/id/101215230
Istanbul Technical University;Istanbul;Turkey;TR;41.01384;28.94966;coauthorship;TUKE;6 spoločných publikácií od 2015 (posledná 2024);high;https://openalex.org/works?filter=authorships.institutions.lineage:I183764125,authorships.institutions.lineage:I48912391
Ege University (Ege Üniversitesi);Izmir;Turkey;TR;38.41925;27.12847;erasmus_eu;FBERG, FEI, FMMR, FVT, SjF, SvF;"študenti + zamestnanci; Erasmus kód TR IZMIR02";high;https://erasmus.tuke.sk/partnerske-institucie-v-eu-a-ehp/
Izmir Institute of Technology;Izmir;Turkey;TR;38.41925;27.12847;erasmus_eu;FBERG, SvF;"študenti + zamestnanci; Erasmus kód TR IZMIR03";high;https://erasmus.tuke.sk/partnerske-institucie-v-eu-a-ehp/
Kocaeli University (Kocaeli Üniversitesi);Izmit Kocaeli;Turkey;TR;40.76539;29.94074;erasmus_eu;LF;"študenti + zamestnanci; Erasmus kód TR KOCAELI02";high;https://erasmus.tuke.sk/partnerske-institucie-v-eu-a-ehp/
Karabük University (Karabük Üniversitesi);Karabük;Turkey;TR;41.19554;32.62312;erasmus_eu;FEI, FVT, SjF, SvF;"študenti + zamestnanci; Erasmus kód TR KARABUK01";high;https://erasmus.tuke.sk/partnerske-institucie-v-eu-a-ehp/
Karabük University (Karabük Üniversitesi);Karabük;Turkey;TR;41.19554;32.62312;coauthorship;TUKE;4 spoločných publikácií od 2015 (posledná 2023);high;https://openalex.org/works?filter=authorships.institutions.lineage:I183764125,authorships.institutions.lineage:I173761726
Kırklareli University (Kırklareli Üniversitesi);Kirklareli;Turkey;TR;41.73702;27.22355;erasmus_eu;SjF;"študenti + zamestnanci; Erasmus kód TR KIRKLAR01";high;https://erasmus.tuke.sk/partnerske-institucie-v-eu-a-ehp/
Osmaniye Korkut Ata University;Osmaniye;Turkey;TR;37.07417;36.24778;coauthorship;TUKE;6 spoločných publikácií od 2015 (posledná 2025);high;https://openalex.org/works?filter=authorships.institutions.lineage:I183764125,authorships.institutions.lineage:I137265801
Ondokuz Mayıs University (Ondokuz Mayıs Üniversitesi);Samsun;Turkey;TR;41.29461;36.33206;erasmus_eu;FEI, SvF;"študenti + zamestnanci; Erasmus kód TR SAMSUN01";high;https://erasmus.tuke.sk/partnerske-institucie-v-eu-a-ehp/
Samsun University (Samsun Üniversitesi);Samsun;Turkey;TR;41.29461;36.33206;erasmus_eu;SjF;"študenti + zamestnanci; Erasmus kód TR SAMSUN03";high;https://erasmus.tuke.sk/partnerske-institucie-v-eu-a-ehp/
Samsun University (Samsun Üniversitesi);Samsun;Turkey;TR;41.29461;36.33206;research_project_eu;TUKE;1 spoločných projektov: SCORE;high;https://cordis.europa.eu/project/id/101003534
Selçuk University (Selçuk Üniversitesi);Selcuklu Konya;Turkey;TR;37.87273;32.49244;erasmus_eu;EkF;"študenti + zamestnanci; Erasmus kód TR KONYA01";high;https://erasmus.tuke.sk/partnerske-institucie-v-eu-a-ehp/
Usak University (Uşak Üniversitesi);Usak;Turkey;TR;38.67404;29.40584;erasmus_eu;FBERG;"študenti + zamestnanci; Erasmus kód TR USAK01";high;https://erasmus.tuke.sk/partnerske-institucie-v-eu-a-ehp/
Ostim Mesleki Ve Teknik Anadolu Lisesi;Yenimahalle;Turkey;TR;39.96611;32.80878;erasmus_ka2;TUKE;Strategic Partnerships for vocational education and training: Occupational Safety and Risk Control in Construction and Metal Industry Sectors (2016-1-TR01-KA202-034976);high;https://erasmus-plus.ec.europa.eu/projects/search/details/2016-1-TR01-KA202-034976
Yozgat Bozok University (Bozok Üniversitesi);Yozgat;Turkey;TR;39.8222;34.8081;erasmus_eu;FBERG, FEI, FMMR, FVT, SjF, SvF;"študenti + zamestnanci; Erasmus kód TR YOZGAT01";high;https://erasmus.tuke.sk/partnerske-institucie-v-eu-a-ehp/
Zonguldak Bülent Ecevit University (Zonguldak Bülent Ecevit Üniversitesi);Zonguldak;Turkey;TR;41.45268;31.7876;erasmus_eu;FBERG, FEI, FMMR, FVT, SjF, SvF;"študenti + zamestnanci; Erasmus kód TR ZONGULD01";high;https://erasmus.tuke.sk/partnerske-institucie-v-eu-a-ehp/
Hitit University (Hitit Egyetem);Çorum;Turkey;TR;40.54991;34.95373;erasmus_eu;FMMR;"študenti; Erasmus kód TR CORUM01";high;https://erasmus.tuke.sk/partnerske-institucie-v-eu-a-ehp/
Hitit University (Hitit Egyetem);Çorum;Turkey;TR;40.54991;34.95373;research_cooperation;FMMR;Partner FMMR v zahraničí (Engineering Faculty);high;https://fmmr.tuke.sk/wps/portal/fmmr/spolupraca/partneri-v-zahranici
Iskenderun Technical University (İskenderun Teknik Üniversitesi);İskenderun;Turkey;TR;36.59023;36.17104;erasmus_eu;SvF;"študenti + zamestnanci; Erasmus kód TR HATAY02";high;https://erasmus.tuke.sk/partnerske-institucie-v-eu-a-ehp/
Iskenderun Technical University (İskenderun Teknik Üniversitesi);İskenderun;Turkey;TR;36.59023;36.17104;coauthorship;TUKE;7 spoločných publikácií od 2015 (posledná 2025);high;https://openalex.org/works?filter=authorships.institutions.lineage:I183764125,authorships.institutions.lineage:I4210155859
Istanbul Medipol University (İstanbul Medipol Üniversitesi);İstanbul;Turkey;TR;41.00638;28.97587;erasmus_eu;FEI, FVT;"študenti + zamestnanci; Erasmus kód TR ISTANBU36";high;https://erasmus.tuke.sk/partnerske-institucie-v-eu-a-ehp/
Marmara University (Marmara Üniversitesi);İstanbul;Turkey;TR;41.00638;28.97587;erasmus_eu;FBERG, FEI, FMMR, FVT, SjF, SvF;"študenti + zamestnanci; Erasmus kód TR ISTANBU05";high;https://erasmus.tuke.sk/partnerske-institucie-v-eu-a-ehp/
Mimar Sinan Fine Arts University (Mimar Sinan Güzel Sanatlar Üniversitesi);İstanbul;Turkey;TR;41.00638;28.97587;erasmus_eu;FU, SvF;"študenti + zamestnanci; Erasmus kód TR ISTANBU06";high;https://erasmus.tuke.sk/partnerske-institucie-v-eu-a-ehp/
Yıldız Technical University (Yıldız Teknik Üniversitesi);İstanbul;Turkey;TR;41.00638;28.97587;erasmus_eu;EkF, FVT;"študenti + zamestnanci; Erasmus kód TR ISTANBU07";high;https://erasmus.tuke.sk/partnerske-institucie-v-eu-a-ehp/
Yıldız Technical University (Yıldız Teknik Üniversitesi);İstanbul;Turkey;TR;41.00638;28.97587;erasmus_eu;EkF;"študenti; Erasmus kód TR ISTANBU08";high;https://erasmus.tuke.sk/partnerske-institucie-v-eu-a-ehp/
Berehovo Interrayon Department of Water Management;Berehovo;Ukraine;UA;48.2051;22.64532;crossborder_project;TUKE;DIKEINSPECT – 2014 - 2020 Hungary - Slovakia - Romania - Ukraine ENI CBC;high;https://keep.eu/projects/25883/
Cherkasy State Technological University;Cherkasy;Ukraine;UA;49.42185974121094;32.09646987915039;coauthorship;TUKE;7 spoločných publikácií od 2015 (posledná 2019);high;https://openalex.org/works?filter=authorships.institutions.lineage:I183764125,authorships.institutions.lineage:I4210108895
Chernihiv Polytechnic National University;Chernihiv;Ukraine;UA;51.50550842285156;31.284870147705078;coauthorship;TUKE;3 spoločných publikácií od 2015 (posledná 2023);high;https://openalex.org/works?filter=authorships.institutions.lineage:I183764125,authorships.institutions.lineage:I4210143342
Yuriy Fedkovych Chernivtsi National University;Chernivtsi;Ukraine;UA;48.29045;25.93241;coauthorship;TUKE;5 spoločných publikácií od 2015 (posledná 2026);high;https://openalex.org/works?filter=authorships.institutions.lineage:I183764125,authorships.institutions.lineage:I130701412
Dnipro State Agrarian and Economic University;Dnipro;Ukraine;UA;48.46664047241211;35.0406608581543;coauthorship;TUKE;3 spoločných publikácií od 2015 (posledná 2021);high;https://openalex.org/works?filter=authorships.institutions.lineage:I183764125,authorships.institutions.lineage:I3019264281
Dnipro University of Technology;Dnipro;Ukraine;UA;48.46664047241211;35.0406608581543;coauthorship;TUKE;5 spoločných publikácií od 2015 (posledná 2025);high;https://openalex.org/works?filter=authorships.institutions.lineage:I183764125,authorships.institutions.lineage:I64712228
Iron and Steel Institute of Z. I. Nekrasov National Academy of Sciences of Ukraine;Dnipro;Ukraine;UA;48.46664;35.04066;coauthorship;TUKE;4 spoločných publikácií od 2015 (posledná 2017);high;https://openalex.org/works?filter=authorships.institutions.lineage:I183764125,authorships.institutions.lineage:I4210128563
M.S. Poliakov Institute of Geotechnical Mechanics of the National Academy of Sciences of Ukraine;Dnipro;Ukraine;UA;48.46664;35.04066;coauthorship;TUKE;7 spoločných publikácií od 2015 (posledná 2025);high;https://openalex.org/works?filter=authorships.institutions.lineage:I183764125,authorships.institutions.lineage:I4210135848
National Metallurgical Academy of Ukraine;Dnipro;Ukraine;UA;48.46664047241211;35.0406608581543;bilateral_agreement;TUKE;Agreement on cooperation Agreement on cooperation (2017);high;https://www.crz.gov.sk/3146557/
National Metallurgical Academy of Ukraine;Dnipro;Ukraine;UA;48.46664047241211;35.0406608581543;coauthorship;TUKE;6 spoločných publikácií od 2015 (posledná 2020);high;https://openalex.org/works?filter=authorships.institutions.lineage:I183764125,authorships.institutions.lineage:I132769585
Prydniprovs’ka State Academy of Civil Engineering and Architecture;Dnipro;Ukraine;UA;48.46664;35.04066;coauthorship;TUKE;3 spoločných publikácií od 2015 (posledná 2022);high;https://openalex.org/works?filter=authorships.institutions.lineage:I183764125,authorships.institutions.lineage:I4210096669
Ukrainian State University of Chemical Technology;Dnipro;Ukraine;UA;48.46664;35.04066;coauthorship;TUKE;18 spoločných publikácií od 2015 (posledná 2026);high;https://openalex.org/works?filter=authorships.institutions.lineage:I183764125,authorships.institutions.lineage:I4210120316
Ukrainian State University of Science and Technologies;Dnipro;Ukraine;UA;48.46664;35.04066;coauthorship;TUKE;5 spoločných publikácií od 2015 (posledná 2025);high;https://openalex.org/works?filter=authorships.institutions.lineage:I183764125,authorships.institutions.lineage:I4387154586
Громадська Організація «ЦЕНТР ІННОВАЦІЙНИХ КОМПОЗИТНИХ ТЕХНОЛОГІЙ»;Dnipro;Ukraine;UA;48.46802;35.04177;crossborder_project;TUKE;IaaS 4 DR – 2021 - 2027 Interreg VI-B Danube;high;https://keep.eu/projects/29484/
Ivano-Frankivsk National Technical University of Oil and Gas;Ivano-Frankivsk;Ukraine;UA;48.92995071411133;24.69572639465332;bilateral_agreement;FBERG;Všeobecná zmluva o spolupráci;high;https://fberg.tuke.sk/en/academic-institutions
Ivano-Frankivsk National Technical University of Oil and Gas;Ivano-Frankivsk;Ukraine;UA;48.92995071411133;24.69572639465332;coauthorship;TUKE;16 spoločných publikácií od 2015 (posledná 2026);high;https://openalex.org/works?filter=authorships.institutions.lineage:I183764125,authorships.institutions.lineage:I33616363
Ivano-Frankivsk Technical University of Oil and Gas;Ivano-Frankivsk;Ukraine;UA;48.92248;24.71033;crossborder_project;TUKE;"NET4SENERGY – 2014 - 2020 Hungary - Slovakia - Romania - Ukraine ENI CBC; EnyMSW – 2014 - 2020 Hungary - Slovakia - Romania - Ukraine ENI CBC";high;https://keep.eu/projects/22828/
Івано-Франківський національний технічний університет нафти і газу;Ivano-Frankivsk;Ukraine;UA;48.92248;24.71033;crossborder_project;TUKE;"HUSKROUA/0901/062 – 2007 - 2013 Hungary-Slovakia-Romania-Ukraine ENPI CBC; HUSKROUA/1101/194 – 2007 - 2013 Hungary-Slovakia-Romania-Ukraine ENPI CBC";high;https://keep.eu/projects/23914/
B. Verkin Institute for Low Temperature Physics and Engineering of the National Academy of Sciences of Ukraine;Kharkiv;Ukraine;UA;49.98080825805664;36.25271987915039;coauthorship;TUKE;8 spoločných publikácií od 2015 (posledná 2021);high;https://openalex.org/works?filter=authorships.institutions.lineage:I183764125,authorships.institutions.lineage:I4210120634
Kharkiv National Automobile and Highway University;Kharkiv;Ukraine;UA;49.98081;36.25272;coauthorship;TUKE;4 spoločných publikácií od 2015 (posledná 2026);high;https://openalex.org/works?filter=authorships.institutions.lineage:I183764125,authorships.institutions.lineage:I24798489
"National Technical University ""Kharkiv Polytechnic Institute""";Kharkiv;Ukraine;UA;49.98080825805664;36.25271987915039;coauthorship;TUKE;22 spoločných publikácií od 2015 (posledná 2026);high;https://openalex.org/works?filter=authorships.institutions.lineage:I183764125,authorships.institutions.lineage:I67256668
O. M. Beketov National University of Urban Economy;Kharkiv;Ukraine;UA;49.99232;36.23101;bilateral_agreement;TUKE;Agreement on educational and scholarly cooperation (2021);high;https://www.crz.gov.sk/zmluva/5770727/
V. N. Karazin Kharkiv National University;Kharkiv;Ukraine;UA;49.98177;36.25475;coauthorship;TUKE;4 spoločných publikácií od 2015 (posledná 2022);high;https://openalex.org/works?filter=authorships.institutions.lineage:I183764125,authorships.institutions.lineage:I8765205
Kherson State Maritime Academy;Kherson;Ukraine;UA;46.63695;32.61458;bilateral_agreement;TUKE;Cooperation agreement Cooperation Agreement 16.11.2017 (2018);high;https://www.crz.gov.sk/3281928/
Kherson State Maritime Academy;Kherson;Ukraine;UA;46.63695;32.61458;coauthorship;TUKE;5 spoločných publikácií od 2015 (posledná 2025);high;https://openalex.org/works?filter=authorships.institutions.lineage:I183764125,authorships.institutions.lineage:I4210090126
Khmelnitsky National University;Khmelnytsky;Ukraine;UA;49.4872;31.27183;research_project_eu;TUKE;1 spoločných projektov: eGovPoliNet;high;https://cordis.europa.eu/project/id/288136
Kremenchuk Mykhailo Ostrohradskyi National University;Kremenchuk;Ukraine;UA;49.06081008911133;33.41072082519531;coauthorship;TUKE;60 spoločných publikácií od 2015 (posledná 2024);high;https://openalex.org/works?filter=authorships.institutions.lineage:I183764125,authorships.institutions.lineage:I4210164140
Kryvyi Rih College of National Aviation University;Kryvyi Rih;Ukraine;UA;47.91027;33.39177;bilateral_agreement;FBERG;Všeobecná zmluva o spolupráci;high;https://fberg.tuke.sk/en/academic-institutions
Borys Grinchenko Kyiv Metropolitan University;Kyiv;Ukraine;UA;50.45465850830078;30.523799896240234;coauthorship;TUKE;4 spoločných publikácií od 2015 (posledná 2023);high;https://openalex.org/works?filter=authorships.institutions.lineage:I183764125,authorships.institutions.lineage:I4210106508
Chuiko Institute of Surface Chemistry;Kyiv;Ukraine;UA;50.45466;30.5238;coauthorship;TUKE;6 spoločných publikácií od 2015 (posledná 2022);high;https://openalex.org/works?filter=authorships.institutions.lineage:I183764125,authorships.institutions.lineage:I4210097954
Energy Association Ukrainian Hydrogen Council;Kyiv;Ukraine;UA;50.45003;30.52414;research_project_eu;TUKE;1 spoločných projektov: EASTGATEH2V;high;https://cordis.europa.eu/project/id/101192335
Frantsevich Institute for Problems in Materials Science;Kyiv;Ukraine;UA;50.4702033996582;30.36910629272461;coauthorship;TUKE;7 spoločných publikácií od 2015 (posledná 2023);high;https://openalex.org/works?filter=authorships.institutions.lineage:I183764125,authorships.institutions.lineage:I4210098675
G.V. Kurdyumov Institute for Metal Physics;Kyiv;Ukraine;UA;50.46642303466797;30.362377166748047;coauthorship;TUKE;4 spoločných publikácií od 2015 (posledná 2022);high;https://openalex.org/works?filter=authorships.institutions.lineage:I183764125,authorships.institutions.lineage:I4210103030
Hydrogen Ukraine, Llc(H2U);Kyiv;Ukraine;UA;50.45003;30.52414;research_project_eu;TUKE;1 spoločných projektov: EASTGATEH2V;high;https://cordis.europa.eu/project/id/101192335
Igor Sikorsky Kyiv Polytechnic Institute;Kyiv;Ukraine;UA;50.45003;30.52414;bilateral_agreement;FBERG;Agreement on partnership, cooperation and scientific exchange (2016);high;https://www.crz.gov.sk/2509041/
Igor Sikorsky Kyiv Polytechnic Institute;Kyiv;Ukraine;UA;50.45003;30.52414;bilateral_agreement;FBERG;Všeobecná zmluva o spolupráci (Institute of Energy Saving and Energy Management);high;https://fberg.tuke.sk/en/academic-institutions
Institute Of Hydrobiology Of The National Academy Of Sciences Of Ukraine;Kyiv;Ukraine;UA;50.45003;30.52414;research_project_eu;TUKE;1 spoločných projektov: SWIM;high;https://cordis.europa.eu/project/id/101215230
Institute of Bioorganic Chemistry and Petrochemistry V.P. Kukhar;Kyiv;Ukraine;UA;50.575469970703125;30.52033042907715;coauthorship;TUKE;3 spoločných publikácií od 2015 (posledná 2025);high;https://openalex.org/works?filter=authorships.institutions.lineage:I183764125,authorships.institutions.lineage:I4210117011
Institute of Geological Sciences of the National Academy of Sciences of Ukraine;Kyiv;Ukraine;UA;50.45003;30.52414;crossborder_project;TUKE;REVITAL I – 2014 - 2020 Hungary - Slovakia - Romania - Ukraine ENI CBC;high;https://keep.eu/projects/23031/
Institute of Macromolecular Chemistry;Kyiv;Ukraine;UA;50.43227005004883;30.628530502319336;coauthorship;TUKE;3 spoločných publikácií od 2015 (posledná 2024);high;https://openalex.org/works?filter=authorships.institutions.lineage:I183764125,authorships.institutions.lineage:I4210109804
Institute of Software Systems;Kyiv;Ukraine;UA;50.36253356933594;30.443843841552734;coauthorship;TUKE;5 spoločných publikácií od 2015 (posledná 2026);high;https://openalex.org/works?filter=authorships.institutions.lineage:I183764125,authorships.institutions.lineage:I4210113851
Kyiv National University of Construction and Architecture;Kyiv;Ukraine;UA;50.428401947021484;30.46595001220703;coauthorship;TUKE;4 spoločných publikácií od 2015 (posledná 2023);high;https://openalex.org/works?filter=authorships.institutions.lineage:I183764125,authorships.institutions.lineage:I155165993
Kyiv National University of Technologies and Design;Kyiv;Ukraine;UA;50.45465850830078;30.523799896240234;bilateral_agreement;TUKE;AGREEMENT ABOUT SCIENTIFIC AND EDUCATIONAL COLLABORATION (2024);high;https://www.crz.gov.sk/zmluva/9348411/
Kyiv National University of Technologies and Design;Kyiv;Ukraine;UA;50.45465850830078;30.523799896240234;coauthorship;TUKE;12 spoločných publikácií od 2015 (posledná 2024);high;https://openalex.org/works?filter=authorships.institutions.lineage:I183764125,authorships.institutions.lineage:I3133438087
National Academy of Management;Kyiv;Ukraine;UA;50.45003;30.52414;erasmus_ka171;EkF;Erasmus+ KA171 – partnerská inštitúcia EkF;high;https://erasmus.tuke.sk/erasmus-vyzva-pre-mobilitu-zamestnancov-ekf-tuke-do-krajin-mimo-eu-ukrajina/
National Academy of Sciences of Ukraine;Kyiv;Ukraine;UA;50.45466;30.5238;coauthorship;TUKE;31 spoločných publikácií od 2015 (posledná 2026);high;https://openalex.org/works?filter=authorships.institutions.lineage:I183764125,authorships.institutions.lineage:I149851306
National Technical University of Ukraine “Igor Sikorsky Kyiv Polytechnic Institute”;Kyiv;Ukraine;UA;50.45465850830078;30.523799896240234;coauthorship;TUKE;17 spoločných publikácií od 2015 (posledná 2025);high;https://openalex.org/works?filter=authorships.institutions.lineage:I183764125,authorships.institutions.lineage:I202483615
"National University ""Kyiv Aviation Institute""";Kyiv;Ukraine;UA;50.45466;30.5238;coauthorship;TUKE;18 spoločných publikácií od 2015 (posledná 2026);high;https://openalex.org/works?filter=authorships.institutions.lineage:I183764125,authorships.institutions.lineage:I90281761
National University of Life and Environmental Sciences of Ukraine;Kyiv;Ukraine;UA;50.45466;30.5238;coauthorship;TUKE;14 spoločných publikácií od 2015 (posledná 2025);high;https://openalex.org/works?filter=authorships.institutions.lineage:I183764125,authorships.institutions.lineage:I208086522
Taras Shevchenko National University of Kyiv;Kyiv;Ukraine;UA;50.45466;30.5238;coauthorship;TUKE;16 spoločných publikácií od 2015 (posledná 2024);high;https://openalex.org/works?filter=authorships.institutions.lineage:I183764125,authorships.institutions.lineage:I189238007
ГС Національна туристична організація України;Kyiv;Ukraine;UA;50.45003;30.52414;crossborder_project;TUKE;#RomansWineDanube – 2021 - 2027 Interreg VI-B Danube;high;https://keep.eu/projects/29476/
Lesya Ukrainka Volyn National University;Lutsk;Ukraine;UA;50.75931930541992;25.342439651489258;coauthorship;TUKE;3 spoločných publikácií od 2015 (posledná 2016);high;https://openalex.org/works?filter=authorships.institutions.lineage:I183764125,authorships.institutions.lineage:I302256491
G.V. Karpenko Physical-Mechanical Institute;Lviv;Ukraine;UA;49.802223205566406;24.007579803466797;coauthorship;TUKE;8 spoločných publikácií od 2015 (posledná 2026);high;https://openalex.org/works?filter=authorships.institutions.lineage:I183764125,authorships.institutions.lineage:I4210119943
Lviv Polytechnic National University;Lviv;Ukraine;UA;49.83826;24.02324;bilateral_agreement;TUKE;Cooperation agreement (2018);high;https://www.crz.gov.sk/3602956/
Lviv Polytechnic National University;Lviv;Ukraine;UA;49.83826;24.02324;erasmus_ka171;TUKE;Erasmus+ KA171 – partnerská inštitúcia mimo EÚ;high;https://erasmus.tuke.sk/erasmus-vyzva-pre-mobilitu-ucitelov-a-zamestnancov-tuke-do-krajin-mimo-eu-ukrajina-a-egypt/
Lviv Polytechnic National University;Lviv;Ukraine;UA;49.83826;24.02324;coauthorship;TUKE;143 spoločných publikácií od 2015 (posledná 2026);high;https://openalex.org/works?filter=authorships.institutions.lineage:I183764125,authorships.institutions.lineage:I98435010
Lviv University;Lviv;Ukraine;UA;49.83826;24.02324;coauthorship;TUKE;6 spoločných publikácií od 2015 (posledná 2026);high;https://openalex.org/works?filter=authorships.institutions.lineage:I183764125,authorships.institutions.lineage:I200280692
Odesа Polytechnic National University;Odesa;Ukraine;UA;46.48572;30.74383;coauthorship;TUKE;18 spoločných publikácií od 2015 (posledná 2026);high;https://openalex.org/works?filter=authorships.institutions.lineage:I183764125,authorships.institutions.lineage:I40179345
ONMA - Odessa National Maritime Academy;Odessa;Ukraine;UA;46.4843;30.73229;crossborder_project;TUKE;NELI – 2007 - 2013 South East Europe;high;https://keep.eu/projects/602/
Odesa National University of Technology;Odessa;Ukraine;UA;46.485721588134766;30.74382972717285;coauthorship;TUKE;6 spoločných publikácií od 2015 (posledná 2021);high;https://openalex.org/works?filter=authorships.institutions.lineage:I183764125,authorships.institutions.lineage:I227365583
"National University ""Yuri Kondratyuk Poltava Polytechnic""";Poltava;Ukraine;UA;49.58925;34.55367;coauthorship;TUKE;3 spoločných publikácií od 2015 (posledná 2024);high;https://openalex.org/works?filter=authorships.institutions.lineage:I183764125,authorships.institutions.lineage:I278735395
Poltava University of Economics and Trade;Poltava;Ukraine;UA;49.594974517822266;34.542877197265625;coauthorship;TUKE;3 spoločných publikácií od 2015 (posledná 2024);high;https://openalex.org/works?filter=authorships.institutions.lineage:I183764125,authorships.institutions.lineage:I3132969952
National University of Water and Environmental Engineering;Rivne;Ukraine;UA;50.62308120727539;26.22743034362793;coauthorship;TUKE;3 spoločných publikácií od 2015 (posledná 2022);high;https://openalex.org/works?filter=authorships.institutions.lineage:I183764125,authorships.institutions.lineage:I4210095647
Solotvyno City Hall;Solotvyno;Ukraine;UA;47.94702;23.8747;crossborder_project;TUKE;REVITAL I – 2014 - 2020 Hungary - Slovakia - Romania - Ukraine ENI CBC;high;https://keep.eu/projects/23031/
Sumy National Agrarian University;Sumy;Ukraine;UA;50.921600341796875;34.800289154052734;coauthorship;TUKE;4 spoločných publikácií od 2015 (posledná 2025);high;https://openalex.org/works?filter=authorships.institutions.lineage:I183764125,authorships.institutions.lineage:I166349642
Sumy State University;Sumy;Ukraine;UA;50.91741;34.79906;erasmus_ka171;TUKE;Erasmus+ KA171 – partnerská inštitúcia mimo EÚ;high;https://erasmus.tuke.sk/erasmus-vyzva-pre-mobilitu-ucitelov-a-zamestnancov-tuke-do-krajin-mimo-eu-ukrajina-a-egypt/
Sumy State University;Sumy;Ukraine;UA;50.91741;34.79906;bilateral_agreement;FVT;Zmluvná spolupráca na úrovni fakulty (Faculty of Technical Systems and Energy Engineering);high;https://fvt.tuke.sk/en/international-cooperation
Sumy State University;Sumy;Ukraine;UA;50.91741;34.79906;coauthorship;TUKE;259 spoločných publikácií od 2015 (posledná 2026);high;https://openalex.org/works?filter=authorships.institutions.lineage:I183764125,authorships.institutions.lineage:I25822123
Ternopil Ivan Pului National Technical University;Ternopil;Ukraine;UA;49.55107116699219;25.601062774658203;coauthorship;TUKE;48 spoločných publikácií od 2015 (posledná 2025);high;https://openalex.org/works?filter=authorships.institutions.lineage:I183764125,authorships.institutions.lineage:I4210147056
Ternopil Ivan Puluj National Technical University;Ternopil;Ukraine;UA;49.55579;25.59238;bilateral_agreement;TUKE;Agreement on cooperation Agreement on cooperation 27.11.2017 (2018);high;https://www.crz.gov.sk/3281930/
West Ukrainian National University;Ternopil;Ukraine;UA;49.554039001464844;25.590669631958008;coauthorship;TUKE;4 spoločných publikácií od 2015 (posledná 2020);high;https://openalex.org/works?filter=authorships.institutions.lineage:I183764125,authorships.institutions.lineage:I160977438
Громадська організація «Клуб юристів «Віват Лекс»;Uzhgorod;Ukraine;UA;48.62237;22.30226;crossborder_project;TUKE;Culinary Trail – 2021 - 2027 Interreg VI-B Danube;high;https://keep.eu/projects/29507/
Закарпатське агентство з інвестицій, інновацій та розвитку;Uzhgorod;Ukraine;UA;48.62237;22.30226;crossborder_project;TUKE;HUSKROUA/1001/148 – 2007 - 2013 Hungary-Slovakia-Romania-Ukraine ENPI CBC;high;https://keep.eu/projects/23884/
Молодіжний Інформаційний Центр;Uzhgorod;Ukraine;UA;48.62237;22.30226;crossborder_project;TUKE;HUSKROUA/1001/148 – 2007 - 2013 Hungary-Slovakia-Romania-Ukraine ENPI CBC;high;https://keep.eu/projects/23884/
European Initiatives Centre;Uzhhorod;Ukraine;UA;48.62237;22.30226;crossborder_project;TUKE;NESiCA – 2014 - 2020 Hungary - Slovakia - Romania - Ukraine ENI CBC;high;https://keep.eu/projects/24116/
Uzhgorodskyi Nacionalnyi Universitet;Uzhhorod;Ukraine;UA;48.62237;22.30226;erasmus_ka2;TUKE;Cooperation partnerships in higher education: Support of higher education system in a context of climate change mitigation through regio (2021-1-SK01-KA220-HED-000023274);high;https://erasmus-plus.ec.europa.eu/projects/search/details/2021-1-SK01-KA220-HED-000023274
Uzhhorod National University;Uzhhorod;Ukraine;UA;48.6242;22.2947;research_cooperation;TUKE;Inter-Institutional Agreement for Joint Invention (2020);high;https://www.crz.gov.sk/4605528/
Uzhhorod National University;Uzhhorod;Ukraine;UA;48.6242;22.2947;erasmus_ka171;TUKE;Erasmus+ KA171 – partnerská univerzita;high;https://erasmus.tuke.sk/vyzva-na-zamestnanecku-mobilitu-uzhorod-ukrajina/
Uzhhorod National University;Uzhhorod;Ukraine;UA;48.6242;22.2947;coauthorship;TUKE;96 spoločných publikácií od 2015 (posledná 2026);high;https://openalex.org/works?filter=authorships.institutions.lineage:I183764125,authorships.institutions.lineage:I77443782
Громадська організація «Простір молоді»;Uzhhorod;Ukraine;UA;48.62237;22.30226;crossborder_project;TUKE;MEET – 2021 - 2027 Interreg VI-B Danube;high;https://keep.eu/projects/29904/
ДВНЗ «Ужгородський національний університет»;Uzhhorod;Ukraine;UA;48.62237;22.30226;crossborder_project;TUKE;"IaaS 4 DR – 2021 - 2027 Interreg VI-B Danube; NESiCA – 2014 - 2020 Hungary - Slovakia - Romania - Ukraine ENI CBC";high;https://keep.eu/projects/29484/
Комунальне підприємство «Агентство регіонального розвитку та транскордонного співробітництва «Закарпаття» Закарпатської обласної ради;Uzhhorod;Ukraine;UA;48.62237;22.30226;crossborder_project;TUKE;DTP2-076-1.1KnowING IPR – 2014 - 2020 INTERREG VB Danube;high;https://keep.eu/projects/19519/
Zaporizhzhia Machine-Building Design Bureau Progress State Enterprise Named After Academician O.H. Ivchenko;Zaporizhzhia;Ukraine;UA;49.4872;31.27183;research_project_eu;TUKE;1 spoločných projektov: ESPOSA;high;https://cordis.europa.eu/project/id/284859
Motor Sich Jsc;Zaporizhzhya;Ukraine;UA;47.82465;35.19759;research_project_eu;TUKE;1 spoločných projektov: ESPOSA;high;https://cordis.europa.eu/project/id/284859
Zhytomyr Polytechnic State University;Zhytomyr;Ukraine;UA;50.244720458984375;28.635705947875977;coauthorship;TUKE;5 spoločných publikácií od 2015 (posledná 2021);high;https://openalex.org/works?filter=authorships.institutions.lineage:I183764125,authorships.institutions.lineage:I4210149696
Ajman University;Ajman;United Arab Emirates;AE;25.401769638061523;55.47877883911133;coauthorship;TUKE;3 spoločných publikácií od 2015 (posledná 2025);high;https://openalex.org/works?filter=authorships.institutions.lineage:I183764125,authorships.institutions.lineage:I182000528
United Arab Emirates University;Al Ain;United Arab Emirates;AE;24.19167;55.76056;coauthorship;TUKE;6 spoločných publikácií od 2015 (posledná 2025);high;https://openalex.org/works?filter=authorships.institutions.lineage:I183764125,authorships.institutions.lineage:I201726411
Police Service of Northern Ireland;Belfast;United Kingdom;GB;54.58557;-5.86159;research_project_eu;TUKE;1 spoločných projektov: INDECT;high;https://cordis.europa.eu/project/id/218086
Envirolink North west Limited;Birchwood;United Kingdom;GB;53.42187;-2.52236;research_project_eu;TUKE;1 spoločných projektov: KNOWBRIDGE;high;https://cordis.europa.eu/project/id/229747
The University Of Birmingham;Birmingham;United Kingdom;GB;52.45327;-1.9279;research_project_eu;TUKE;1 spoločných projektov: REBELION;high;https://cordis.europa.eu/project/id/101104241
The University Of Birmingham;Birmingham;United Kingdom;GB;52.45327;-1.9279;coauthorship;TUKE;4 spoločných publikácií od 2015 (posledná 2025);high;https://openalex.org/works?filter=authorships.institutions.lineage:I183764125,authorships.institutions.lineage:I79619799
Health And Safety Executive;Bootle Merseyside;United Kingdom;GB;54.70235;-3.27658;research_project_eu;TUKE;1 spoločných projektov: INTEG-RISK;high;https://cordis.europa.eu/project/id/213345
University of Bradford;Bradford;United Kingdom;GB;53.79391;-1.75206;coauthorship;TUKE;4 spoločných publikácií od 2015 (posledná 2024);high;https://openalex.org/works?filter=authorships.institutions.lineage:I183764125,authorships.institutions.lineage:I139894009
Cardiff University;Cardiff;United Kingdom;GB;51.48;-3.18;coauthorship;TUKE;5 spoločných publikácií od 2015 (posledná 2026);high;https://openalex.org/works?filter=authorships.institutions.lineage:I183764125,authorships.institutions.lineage:I79510175
Scott John Moss Linda Mary Moss;Chapel en le Frith;United Kingdom;GB;53.32325;-1.91484;research_project_eu;TUKE;1 spoločných projektov: OCOPOMO;high;https://cordis.europa.eu/project/id/248128
Eden Project Ltd.;Cornwall;United Kingdom;GB;50.44335;-4.62466;crossborder_project;TUKE;ENMR – 2000 - 2006 Interreg IIIC North;high;https://keep.eu/projects/268/
Coventry University;Coventry;United Kingdom;GB;52.40959;-1.50616;erasmus_ka2;TUKE;Strategic Partnerships for higher education: Recovery the Crisis through Entrepreneurial Attitude (2017-1-PL01-KA203-038438);high;https://erasmus-plus.ec.europa.eu/projects/search/details/2017-1-PL01-KA203-038438
University of Warwick;Coventry;United Kingdom;GB;52.40656;-1.51217;coauthorship;TUKE;4 spoločných publikácií od 2015 (posledná 2025);high;https://openalex.org/works?filter=authorships.institutions.lineage:I183764125,authorships.institutions.lineage:I39555362
Hyenergy Consultancy Limited;Crowthorne;United Kingdom;GB;51.36886;-0.7984;research_project_eu;TUKE;1 spoločných projektov: EASTGATEH2V;high;https://cordis.europa.eu/project/id/101192335
Diamond Light Source;Didcot;United Kingdom;GB;51.60928;-1.24214;coauthorship;TUKE;11 spoločných publikácií od 2015 (posledná 2024);high;https://openalex.org/works?filter=authorships.institutions.lineage:I183764125,authorships.institutions.lineage:I2802711169
Rutherford Appleton Laboratory;Didcot;United Kingdom;GB;51.60928;-1.24214;coauthorship;TUKE;4 spoločných publikácií od 2015 (posledná 2023);high;https://openalex.org/works?filter=authorships.institutions.lineage:I183764125,authorships.institutions.lineage:I1286704778
Durham University;Durham;United Kingdom;GB;54.77676;-1.57566;coauthorship;TUKE;7 spoločných publikácií od 2015 (posledná 2026);high;https://openalex.org/works?filter=authorships.institutions.lineage:I183764125,authorships.institutions.lineage:I190082696
Tuv Sud Limited;East Kilbride;United Kingdom;GB;55.76018;-4.17908;research_project_eu;TUKE;1 spoločných projektov: Hy-DETAILS;high;https://cordis.europa.eu/project/id/101312096
The University Of Edinburgh;Edinburgh;United Kingdom;GB;55.94743;-3.18652;research_project_eu;TUKE;1 spoločných projektov: LEARN 2 HEAR & SEE;high;https://cordis.europa.eu/project/id/247543
Less Common Metals Limited;Ellesmere Port;United Kingdom;GB;53.30551;-2.93344;research_project_eu;TUKE;1 spoločných projektov: SUPREEMO;high;https://cordis.europa.eu/project/id/101138353
The University Of Exeter;Exeter;United Kingdom;GB;50.73521;-3.53435;research_project_eu;TUKE;1 spoločných projektov: MIREU;high;https://cordis.europa.eu/project/id/776811
The University Of Exeter;Exeter;United Kingdom;GB;50.73521;-3.53435;coauthorship;TUKE;4 spoločných publikácií od 2015 (posledná 2025);high;https://openalex.org/works?filter=authorships.institutions.lineage:I183764125,authorships.institutions.lineage:I23923803
Clyde Hydrogen Systems Ltd;Glasgow;United Kingdom;GB;55.86115;-4.25017;research_project_eu;TUKE;1 spoločných projektov: Hy-DETAILS;high;https://cordis.europa.eu/project/id/101312096
Social Value Network Uk;Glasgow;United Kingdom;GB;55.86533;-4.26845;erasmus_ka2;TUKE;Strategic Partnerships for vocational education and training: Return on Investment of Work Based Learning and apprenticeships (2017-1-SK01-KA202-035375);high;https://erasmus-plus.ec.europa.eu/projects/search/details/2017-1-SK01-KA202-035375
University Of Glasgow;Glasgow;United Kingdom;GB;55.87175;-4.28836;research_project_eu;TUKE;1 spoločných projektov: Hy-DETAILS;high;https://cordis.europa.eu/project/id/101312096
University Of Strathclyde;Glasgow;United Kingdom;GB;55.86149;-4.24518;research_project_eu;TUKE;2 spoločných projektov: MIDIH, SMILING;high;https://cordis.europa.eu/project/id/767498
Materials Engineering Research Laboratory Limited;Hitchin - Herts;United Kingdom;GB;51.94869;-0.27791;research_project_eu;TUKE;2 spoločných projektov: ESPOSA, INTEG-RISK;high;https://cordis.europa.eu/project/id/213345
Element Materials Technology Hitchin Limited;Hitchin Herts;United Kingdom;GB;51.94758;-0.2686;research_project_eu;TUKE;1 spoločných projektov: ESPOSA;high;https://cordis.europa.eu/project/id/284859
University Of Leeds;Leeds;United Kingdom;GB;53.8079;-1.55366;research_project_eu;TUKE;1 spoločných projektov: AI4EU;high;https://cordis.europa.eu/project/id/825619
University Of Leeds;Leeds;United Kingdom;GB;53.8079;-1.55366;coauthorship;TUKE;5 spoločných publikácií od 2015 (posledná 2024);high;https://openalex.org/works?filter=authorships.institutions.lineage:I183764125,authorships.institutions.lineage:I130828816
ACCA – Association of Chartered Certified Accountants;London;United Kingdom;GB;51.50745;-0.12777;bilateral_agreement;EkF;Accelerate agreement (2025);high;https://www.crz.gov.sk/zmluva/11085913/
British Telecommunications Plc;London;United Kingdom;GB;51.5143;-0.07178;research_project_eu;TUKE;1 spoločných projektov: INTEG-RISK;high;https://cordis.europa.eu/project/id/213345
Imperial College Of Science Technology And Medicine;London;United Kingdom;GB;51.5005;-0.17822;research_project_eu;TUKE;2 spoločných projektov: INTEG-RISK, PLUGGY;high;https://cordis.europa.eu/project/id/726765
King's College London;London;United Kingdom;GB;51.50853;-0.12574;coauthorship;TUKE;9 spoločných publikácií od 2015 (posledná 2026);high;https://openalex.org/works?filter=authorships.institutions.lineage:I183764125,authorships.institutions.lineage:I183935753
London School of Economics and Political Science;London;United Kingdom;GB;51.50853;-0.12574;coauthorship;TUKE;3 spoločných publikácií od 2015 (posledná 2024);high;https://openalex.org/works?filter=authorships.institutions.lineage:I183764125,authorships.institutions.lineage:I909854389
Loupe 16 Ltd;London;United Kingdom;GB;51.50732;-0.12765;research_project_eu;TUKE;1 spoločných projektov: AI4EU;high;https://cordis.europa.eu/project/id/825619
Queen Mary University of London;London;United Kingdom;GB;51.50853;-0.12574;coauthorship;TUKE;6 spoločných publikácií od 2015 (posledná 2021);high;https://openalex.org/works?filter=authorships.institutions.lineage:I183764125,authorships.institutions.lineage:I166337079
Rolls-Royce Plc;London;United Kingdom;GB;51.49808;-0.13543;research_project_eu;TUKE;1 spoločných projektov: ACCENT;high;https://cordis.europa.eu/project/id/213855
Unilever U.K. Central Resources Limited;London;United Kingdom;GB;51.51172;-0.10504;research_project_eu;TUKE;1 spoločných projektov: AI4EU;high;https://cordis.europa.eu/project/id/825619
University College London;London;United Kingdom;GB;51.50853;-0.12574;coauthorship;TUKE;5 spoločných publikácií od 2015 (posledná 2026);high;https://openalex.org/works?filter=authorships.institutions.lineage:I183764125,authorships.institutions.lineage:I45129253
Volterra Consulting Ltd;London;United Kingdom;GB;51.50745;-0.12777;research_project_eu;TUKE;1 spoločných projektov: OCOPOMO;high;https://cordis.europa.eu/project/id/248128
Volterra Partners Llp;London;United Kingdom;GB;51.47653;-0.02558;research_project_eu;TUKE;2 spoločných projektov: OCOPOMO, eGovPoliNet;high;https://cordis.europa.eu/project/id/248128
The Manchester Metropolitan University;Manchester;United Kingdom;GB;53.47913;-2.2441;research_project_eu;TUKE;1 spoločných projektov: OCOPOMO;high;https://cordis.europa.eu/project/id/248128
The University Of Manchester;Manchester;United Kingdom;GB;53.46524;-2.2335;research_project_eu;TUKE;1 spoločných projektov: RETROTRAFO;high;https://cordis.europa.eu/project/id/101182948
The Nottingham Trent University;Nottingham;United Kingdom;GB;52.95613;-1.15105;research_project_eu;TUKE;1 spoločných projektov: REBELION;high;https://cordis.europa.eu/project/id/101104241
The Nottingham Trent University;Nottingham;United Kingdom;GB;52.95613;-1.15105;crossborder_project;TUKE;ORGANZA – 2007 - 2013 Interreg IVC;high;https://keep.eu/projects/505/
University of Nottingham;Nottingham;United Kingdom;GB;52.9536;-1.15047;coauthorship;TUKE;5 spoločných publikácií od 2015 (posledná 2017);high;https://openalex.org/works?filter=authorships.institutions.lineage:I183764125,authorships.institutions.lineage:I142263535
University of South Wales;Pontypridd;United Kingdom;GB;51.6021;-3.34211;coauthorship;TUKE;3 spoločných publikácií od 2015 (posledná 2024);high;https://openalex.org/works?filter=authorships.institutions.lineage:I183764125,authorships.institutions.lineage:I128993996
Ibm United Kingdom Ltd;Portsmouth Hants;United Kingdom;GB;50.84499;-1.09448;research_project_eu;TUKE;1 spoločných projektov: PICASO;high;https://cordis.europa.eu/project/id/689209
Transnational Press London;Sale;United Kingdom;GB;53.42519;-2.32443;coauthorship;TUKE;3 spoločných publikácií od 2015 (posledná 2018);high;https://openalex.org/works?filter=authorships.institutions.lineage:I183764125,authorships.institutions.lineage:I4392021135
Mineral Industry Research Organisation;Solihull;United Kingdom;GB;52.39158;-1.74714;research_project_eu;TUKE;1 spoločných projektov: I²MINE;high;https://cordis.europa.eu/project/id/280855
Cornwall Council;Truro;United Kingdom;GB;50.2607;-5.0668;research_project_eu;TUKE;1 spoločných projektov: MIREU;high;https://cordis.europa.eu/project/id/776811
Brunel University London;Uxbridge;United Kingdom;GB;51.54495;-0.48167;research_project_eu;TUKE;1 spoločných projektov: eGovPoliNet;high;https://cordis.europa.eu/project/id/288136
Brunel University London;Uxbridge;United Kingdom;GB;51.54495;-0.48167;coauthorship;TUKE;5 spoločných publikácií od 2015 (posledná 2022);high;https://openalex.org/works?filter=authorships.institutions.lineage:I183764125,authorships.institutions.lineage:I59433898
University Of York;York North Yorkshire;United Kingdom;GB;51.51089;-0.08689;research_project_eu;TUKE;2 spoločných projektov: INDECT, RIMA;high;https://cordis.europa.eu/project/id/824990
The Research Foundation Of State University Of New York;Albany Ny;United States;US;42.64977;-73.75235;research_project_eu;TUKE;1 spoločných projektov: eGovPoliNet;high;https://cordis.europa.eu/project/id/288136
The University of Texas at Austin;Austin;United States;US;30.26715;-97.74306;coauthorship;TUKE;7 spoločných publikácií od 2015 (posledná 2025);high;https://openalex.org/works?filter=authorships.institutions.lineage:I183764125,authorships.institutions.lineage:I86519309
University of California, Berkeley;Berkeley;United States;US;37.87159;-122.27275;coauthorship;TUKE;3 spoločných publikácií od 2015 (posledná 2025);high;https://openalex.org/works?filter=authorships.institutions.lineage:I183764125,authorships.institutions.lineage:I95457486
Harvard University;Cambridge;United States;US;42.3751;-71.10561;coauthorship;TUKE;7 spoločných publikácií od 2015 (posledná 2022);high;https://openalex.org/works?filter=authorships.institutions.lineage:I183764125,authorships.institutions.lineage:I136199984
Massachusetts Institute Of Technology;Cambridge;United States;US;42.3592;-71.09303;research_project_eu;TUKE;1 spoločných projektov: SME 4.0;high;https://cordis.europa.eu/project/id/734713
Robotics Research (United States);Cincinnati;United States;US;39.25435256958008;-84.38371276855469;coauthorship;TUKE;3 spoločných publikácií od 2015 (posledná 2024);high;https://openalex.org/works?filter=authorships.institutions.lineage:I183764125,authorships.institutions.lineage:I4210116723
University of California, Davis;Davis;United States;US;38.54491;-121.74052;coauthorship;TUKE;3 spoločných publikácií od 2015 (posledná 2026);high;https://openalex.org/works?filter=authorships.institutions.lineage:I183764125,authorships.institutions.lineage:I84218800
Southern Illinois University Edwardsville;Edwardsville;United States;US;38.81144;-89.95316;coauthorship;TUKE;3 spoločných publikácií od 2015 (posledná 2024);high;https://openalex.org/works?filter=authorships.institutions.lineage:I183764125,authorships.institutions.lineage:I87547150
University of California, Irvine;Irvine;United States;US;33.66946;-117.82311;coauthorship;TUKE;4 spoločných publikácií od 2015 (posledná 2025);high;https://openalex.org/works?filter=authorships.institutions.lineage:I183764125,authorships.institutions.lineage:I204250578
Western Michigan University;Kalamazoo;United States;US;42.28449;-85.61541;research_project_eu;TUKE;1 spoločných projektov: RETROTRAFO;high;https://cordis.europa.eu/project/id/101182948
Theodore Roosevelt High School;Kent;United States;US;41.16883087158203;-81.35594177246094;coauthorship;TUKE;3 spoločných publikácií od 2015 (posledná 2023);high;https://openalex.org/works?filter=authorships.institutions.lineage:I183764125,authorships.institutions.lineage:I2800425949
University of California, Los Angeles;Los Angeles;United States;US;34.05223;-118.24368;coauthorship;TUKE;4 spoločných publikácií od 2015 (posledná 2026);high;https://openalex.org/works?filter=authorships.institutions.lineage:I183764125,authorships.institutions.lineage:I161318765
University of California, Merced;Merced;United States;US;37.30215835571289;-120.48297119140625;coauthorship;TUKE;6 spoločných publikácií od 2015 (posledná 2019);high;https://openalex.org/works?filter=authorships.institutions.lineage:I183764125,authorships.institutions.lineage:I156087764
University of Minnesota;Minneapolis;United States;US;44.97997;-93.26384;coauthorship;TUKE;3 spoločných publikácií od 2015 (posledná 2026);high;https://openalex.org/works?filter=authorships.institutions.lineage:I183764125,authorships.institutions.lineage:I130238516
University of South Alabama;Mobile;United States;US;30.694360733032227;-88.04305267333984;coauthorship;TUKE;5 spoločných publikácií od 2015 (posledná 2026);high;https://openalex.org/works?filter=authorships.institutions.lineage:I183764125,authorships.institutions.lineage:I83809506
New York University;New York;United States;US;40.7306;-73.98658;research_project_eu;TUKE;1 spoločných projektov: RETROTRAFO;high;https://cordis.europa.eu/project/id/101182948
Vaughn College of Aeronautics and Technology;New York;United States;US;40.769039154052734;-73.88204956054688;coauthorship;TUKE;5 spoločných publikácií od 2015 (posledná 2025);high;https://openalex.org/works?filter=authorships.institutions.lineage:I183764125,authorships.institutions.lineage:I13805885
University of California System;Oakland;United States;US;37.80437;-122.2708;coauthorship;TUKE;3 spoločných publikácií od 2015 (posledná 2026);high;https://openalex.org/works?filter=authorships.institutions.lineage:I183764125,authorships.institutions.lineage:I2803209242
US-Polish Trade Council;Palo Alto;United States;US;37.44433;-122.15985;erasmus_ka2;TUKE;Cooperation partnerships in higher education: Kształcenie w kierunku ekologicznego Przemysłu 4.0 - wzmocnienie potencjału kadr (2021-1-PL01-KA220-HED-000032229);high;https://erasmus-plus.ec.europa.eu/projects/search/details/2021-1-PL01-KA220-HED-000032229
Missouri University of Science and Technology;Rolla;United States;US;37.95143;-91.77127;coauthorship;TUKE;3 spoločných publikácií od 2015 (posledná 2020);high;https://openalex.org/works?filter=authorships.institutions.lineage:I183764125,authorships.institutions.lineage:I20382870
Mississippi State University;Starkville;United States;US;33.45049;-88.81961;coauthorship;TUKE;9 spoločných publikácií od 2015 (posledná 2025);high;https://openalex.org/works?filter=authorships.institutions.lineage:I183764125,authorships.institutions.lineage:I99041443
Center for Innovation;Washington D.C.;United States;US;38.90866470336914;-77.04178619384766;coauthorship;TUKE;3 spoločných publikácií od 2015 (posledná 2019);high;https://openalex.org/works?filter=authorships.institutions.lineage:I183764125,authorships.institutions.lineage:I4210138309
Weatherford College;Weatherford;United States;US;32.74093246459961;-97.79269409179688;coauthorship;TUKE;5 spoločných publikácií od 2015 (posledná 2021);high;https://openalex.org/works?filter=authorships.institutions.lineage:I183764125,authorships.institutions.lineage:I285663978
Purdue University;West Lafayette;United States;US;40.42587;-86.90807;research_cooperation;FMMR;Partner FMMR v zahraničí;high;https://fmmr.tuke.sk/wps/portal/fmmr/spolupraca/partneri-v-zahranici
Trustees Of Purdue University;West Lafayette;United States;US;30.22941;-92.01568;research_project_eu;TUKE;1 spoločných projektov: SME 5.0;high;https://cordis.europa.eu/project/id/101086487
Worcester Polytechnic Institute;Worcester;United States;US;42.27454;-71.8092;research_project_eu;TUKE;2 spoločných projektov: SME 4.0, SME 5.0;high;https://cordis.europa.eu/project/id/101086487
Jizzakh Polytechnic Institute;Jizzakh;Uzbekistan;UZ;40.13318;67.82341;erasmus_ka2;TUKE;Capacity Building in higher education: Triggering innovative approaches, entrepreneurial skills and attitudes in HEI learners thr (617309-EPP-1-2020-1-SK-EPPKA2-CBHE-JP);high;https://erasmus-plus.ec.europa.eu/projects/search/details/617309-EPP-1-2020-1-SK-EPPKA2-CBHE-JP
Namangan Muhandislik Texnologiya Instituti;Namangan;Uzbekistan;UZ;40.99965;71.67262;erasmus_ka2;TUKE;Capacity Building in higher education: Triggering innovative approaches, entrepreneurial skills and attitudes in HEI learners thr (617309-EPP-1-2020-1-SK-EPPKA2-CBHE-JP);high;https://erasmus-plus.ec.europa.eu/projects/search/details/617309-EPP-1-2020-1-SK-EPPKA2-CBHE-JP
Samarkand International University of Technology;Samarkand;Uzbekistan;UZ;39.655;66.9757;bilateral_agreement;FBERG;Zmluva o spolupráci s akademickým partnerom;high;https://fberg.tuke.sk/en/academic-institutions
Tashkent Institute of Irrigation and Agricultural Mechanization Engineers;Tashkent;Uzbekistan;UZ;41.2646484375;69.21627044677734;coauthorship;TUKE;10 spoločných publikácií od 2015 (posledná 2026);high;https://openalex.org/works?filter=authorships.institutions.lineage:I183764125,authorships.institutions.lineage:I4210109462
Toshkent Davlat Transport Universiteti;Tashkent;Uzbekistan;UZ;41.31234;69.27871;erasmus_ka2;TUKE;Capacity Building in higher education: Triggering innovative approaches, entrepreneurial skills and attitudes in HEI learners thr (617309-EPP-1-2020-1-SK-EPPKA2-CBHE-JP);high;https://erasmus-plus.ec.europa.eu/projects/search/details/617309-EPP-1-2020-1-SK-EPPKA2-CBHE-JP
Termiz Daviat Universiteti;Termez;Uzbekistan;UZ;37.24425;67.28315;erasmus_ka2;TUKE;Capacity Building in higher education: Triggering innovative approaches, entrepreneurial skills and attitudes in HEI learners thr (617309-EPP-1-2020-1-SK-EPPKA2-CBHE-JP);high;https://erasmus-plus.ec.europa.eu/projects/search/details/617309-EPP-1-2020-1-SK-EPPKA2-CBHE-JP
Universidad Central de Venezuela;Caracas;Venezuela;VE;10.50609;-66.9146;erasmus_ka171;TUKE;Erasmus+ KA171 – partnerská inštitúcia mimo EÚ;high;https://erasmus.tuke.sk/erasmus-vyzva-pre-mobilitu-ucitelov-a-zamestnancov-tuke-do-krajin-mimo-eu-venezuela-2/
Truong Dai Hoc Tay Nguen;Buon Ma Thuot City;Vietnam;VN;12.6797;108.04467;erasmus_ka2;TUKE;Capacity Building in higher education: DIGITAL MOVE - Bridging Digital Divide in Mongolia and Vietnam through HEI’s Digital Trans (101082527);high;https://erasmus-plus.ec.europa.eu/projects/search/details/101082527
Can Tho University;Can Tho;Vietnam;VN;10.0362;105.78727;erasmus_ka2;TUKE;Capacity Building in higher education: DIGITAL MOVE - Bridging Digital Divide in Mongolia and Vietnam through HEI’s Digital Trans (101082527);high;https://erasmus-plus.ec.europa.eu/projects/search/details/101082527
Duy Tan University;Da Nang;Vietnam;VN;16.06778;108.22083;coauthorship;TUKE;5 spoločných publikácií od 2015 (posledná 2023);high;https://openalex.org/works?filter=authorships.institutions.lineage:I183764125,authorships.institutions.lineage:I170238339
The University of Da Nang;Da Nang;Vietnam;VN;16.0685;108.22402;bilateral_agreement;TUKE;"STRATEGIC PARTNERSHIP AGREEMENT (2024); MEMORANDUM OF UNDERSTANDING Memorandum zo dňa 14.06.2023 (2023)";high;https://www.crz.gov.sk/zmluva/9363781/
University Of Danang;Danang;Vietnam;VN;16.0685;108.22402;erasmus_ka2;TUKE;Capacity Building in higher education: DIGITAL MOVE - Bridging Digital Divide in Mongolia and Vietnam through HEI’s Digital Trans (101082527);high;https://erasmus-plus.ec.europa.eu/projects/search/details/101082527
Electric Power University;Hanoi;Vietnam;VN;21.046985626220703;105.78508758544922;coauthorship;TUKE;3 spoločných publikácií od 2015 (posledná 2026);high;https://openalex.org/works?filter=authorships.institutions.lineage:I183764125,authorships.institutions.lineage:I121799043
Hanoi University Of Mining And Geology;Hanoi;Vietnam;VN;21.02584;105.8571;erasmus_ka2;TUKE;Capacity Building in higher education: Establishing Smart Energy System Curriculum at Russian and Vietnamese Universities (586087-EPP-1-2017-1-LV-EPPKA2-CBHE-JP);high;https://erasmus-plus.ec.europa.eu/projects/search/details/586087-EPP-1-2017-1-LV-EPPKA2-CBHE-JP
Truong Dai Hoc Bach Khoa Hanoi - Hanoi University Of Science And Technology Hust;Hanoi;Vietnam;VN;21.00783;105.84131;erasmus_ka2;TUKE;Capacity Building in higher education: DIGITAL MOVE - Bridging Digital Divide in Mongolia and Vietnam through HEI’s Digital Trans (101082527);high;https://erasmus-plus.ec.europa.eu/projects/search/details/101082527
Vietnam Academy of Science and Technology;Hanoi;Vietnam;VN;21.02833;105.85404;research_cooperation;FMMR;Partner FMMR v zahraničí;high;https://fmmr.tuke.sk/wps/portal/fmmr/spolupraca/partneri-v-zahranici
Vietnam National University, Hanoi;Hanoi;Vietnam;VN;21.02833;105.85404;bilateral_agreement;FVT;Zmluvná spolupráca na úrovni fakulty (Faculty of Electronics and Telecommunications);high;https://fvt.tuke.sk/en/international-cooperation
Truong Dai Hoc Kinh Te Thanh Pho Hochi Minh;Ho Chi Minh;Vietnam;VN;10.77373;106.7166;erasmus_ka2;TUKE;Capacity Building in higher education: DIGITAL MOVE - Bridging Digital Divide in Mongolia and Vietnam through HEI’s Digital Trans (101082527);high;https://erasmus-plus.ec.europa.eu/projects/search/details/101082527
Truong Dai Hoc Su Pham Ky Thuat Thanh Pho Ho Chi Minh;Ho Chi Minh;Vietnam;VN;10.77373;106.7166;erasmus_ka2;TUKE;Capacity Building in higher education: Establishing Smart Energy System Curriculum at Russian and Vietnamese Universities (586087-EPP-1-2017-1-LV-EPPKA2-CBHE-JP);high;https://erasmus-plus.ec.europa.eu/projects/search/details/586087-EPP-1-2017-1-LV-EPPKA2-CBHE-JP
Ho Chi Minh City University of Technology;Ho Chi Minh City;Vietnam;VN;10.82302;106.62965;coauthorship;TUKE;4 spoločných publikácií od 2015 (posledná 2018);high;https://openalex.org/works?filter=authorships.institutions.lineage:I183764125,authorships.institutions.lineage:I47265099
Institute for Computational Science and Technology;Ho Chi Minh City;Vietnam;VN;10.823019981384277;106.62964630126953;coauthorship;TUKE;3 spoločných publikácií od 2015 (posledná 2018);high;https://openalex.org/works?filter=authorships.institutions.lineage:I183764125,authorships.institutions.lineage:I4210131701
Truong Dai Hoc Nha Trang;Nha Trang Khanh Hoa;Vietnam;VN;12.23873;109.19521;erasmus_ka2;TUKE;Capacity Building in higher education: DIGITAL MOVE - Bridging Digital Divide in Mongolia and Vietnam through HEI’s Digital Trans (101082527);high;https://erasmus-plus.ec.europa.eu/projects/search/details/101082527
Truong Dai Hoc Quy Nhon;Quy Nhon;Vietnam;VN;13.7594;109.21726;erasmus_ka2;TUKE;Capacity Building in higher education: DIGITAL MOVE - Bridging Digital Divide in Mongolia and Vietnam through HEI’s Digital Trans (101082527);high;https://erasmus-plus.ec.europa.eu/projects/search/details/101082527
